Workbook

Sheet 表紙
A1: システム名 | K1: システム種別 | W1: 基本設計書 | AP1: 作成者 | AT1: 作成日 | AY1: 更新者 | BC1: 更新日 | BH1: 版数
A2: 現金専用簡易セルフPOS | K2: API | AP2: きよはら | AT2: 44867 | AY2: =LOOKUP(2,1/(改廃履歴!H11:H30000<>""),改廃履歴!H11:H30000) -> きよはら | BC2: 44867 | BH2: =LOOKUP(2,1/(改廃履歴!O11:O30000<>""),改廃履歴!O11:O30000) -> 0.1
A4: 機能カテゴリ | H4: 共通 | U4: 項目 | Z4: API(設定)定義書 | AP4: 表紙
L16: 現金専用簡易セルフPOS 基本設計書
L24: =K2&"/"&H4&"/"&Z4 -> API/共通/API(設定)定義書
Q44: 承認日 | AA44: 承認者 | AQ44: 版数

Sheet 改廃履歴
A1: システム名 | K1: システム種別 | W1: =IF(表紙!W1="","",表紙!W1) -> 基本設計書 | AP1: 作成者 | AT1: 作成日 | AY1: 更新者 | BC1: 更新日 | BH1: 版数
A2: =IF(表紙!A2="","",表紙!A2) -> 現金専用簡易セルフPOS | K2: =IF(表紙!K2="","",表紙!K2) -> API | AP2: =IF(表紙!AP2="","",表紙!AP2) -> きよはら | AT2: =IF(表紙!AT2="","",表紙!AT2) -> 44867 | AY2: =IF(表紙!AY2="","",表紙!AY2) -> きよはら | BC2: =IF(表紙!BC2="","",表紙!BC2) -> 44867 | BH2: =IF(表紙!BH2="","",表紙!BH2) -> 0.1
A4: 機能カテゴリ | H4: =IF(表紙!H4="","",表紙!H4) -> 共通 | U4: 項目 | Z4: =IF(表紙!Z4="","",表紙!Z4) -> API(設定)定義書 | AP4: 改廃履歴
B8: ■改廃履歴
B10: 更新日付 | H10: 更新者 | O10: 版数 | S10: 変更内容 | AX10: 承認日付 | BD10: 承認者
B11: 44867 | H11: きよはら | O11: 0.1 | S11: 新規作成

Sheet 概要
A1: システム名 | K1: システム種別 | W1: =IF(表紙!W1="","",表紙!W1) -> 基本設計書 | AP1: 作成者 | AT1: 作成日 | AY1: 更新者 | BC1: 更新日 | BH1: 版数
A2: =IF(表紙!A2="","",表紙!A2) -> 現金専用簡易セルフPOS | K2: =IF(表紙!K2="","",表紙!K2) -> API | AP2: =IF(表紙!AP2="","",表紙!AP2) -> きよはら | AT2: =IF(表紙!AT2="","",表紙!AT2) -> 44867 | AY2: =IF(表紙!AY2="","",表紙!AY2) -> きよはら | BC2: =IF(表紙!BC2="","",表紙!BC2) -> 44867 | BH2: =IF(表紙!BH2="","",表紙!BH2) -> 0.1
A4: 機能カテゴリ | H4: =IF(表紙!H4="","",表紙!H4) -> 共通 | U4: 項目 | Z4: =IF(表紙!Z4="","",表紙!Z4) -> API(設定)定義書 | AP4: Sheet7
B7: 〇目的
C9: ・当初設計では、端末ごとの各種設定については、アプリ内で保有する予定でした。しかしながら、今後の機能追加や、設定変更等の際の煩雑さを考えると、APIにてご提供いただくのがベストとなりました。
D11: ・問題点
E12: 各店舗内で利用されている、POS機器の設定を変更する際に、全会社、全端末のアプリを更新する必要がある。
E13: →すべてのサービス、すべての機能の開発が終わり、安定機に入れば、修正頻度はそんなに高くないと思われるが、ここ数年の過渡期においては、毎日アップデートが必要になる可能性がある。
E14: →アップデートの頻度が上がると、店員様、スタッフ様のお手を煩わせることになるばかりか、アップデート失敗等のトラブルも増加。
E15: →アップデートには、約3分から5分程度かかる見込みです。（ネットワークの速さに依存します）
D17: ・改善
E18: 起動時に端末ごとの設定をAPIにて読み込むようにする。
B20: 〇概要
B32: 〇対象
B34: ID | D34: 区分 | M34: 論理テーブル名 | AB34: 物理テーブル名 | AW34: 備考
D35: 端末設定DB | M35: POS機器設定 | AB35: PosDeviceSetting
D36: 釣銭機設定DB | M36: 釣銭機設定 | AB36: ChangeMachineSetting

Sheet POS機器設定
A1: システム名 | K1: システム種別 | W1: =IF(表紙!W1="","",表紙!W1) -> 基本設計書 | AP1: 作成者 | AT1: 作成日 | AY1: 更新者 | BC1: 更新日 | BH1: 版数
A2: =IF(表紙!A2="","",表紙!A2) -> 現金専用簡易セルフPOS | K2: =IF(表紙!K2="","",表紙!K2) -> API | AP2: =IF(表紙!AP2="","",表紙!AP2) -> きよはら | AT2: =IF(表紙!AT2="","",表紙!AT2) -> 44867 | AY2: =IF(表紙!AY2="","",表紙!AY2) -> きよはら | BC2: =IF(表紙!BC2="","",表紙!BC2) -> 44867 | BH2: =IF(表紙!BH2="","",表紙!BH2) -> 0.1
A4: 機能カテゴリ | H4: =IF(表紙!H4="","",表紙!H4) -> 共通 | U4: 項目 | Z4: =IF(表紙!Z4="","",表紙!Z4) -> API(設定)定義書 | AP4: テンプレート
B7: ■テーブル情報
B8: スキーマ名 | Y8: RDBMS名
B9: 論理名 | G9: POS機器設定 | Y9: バージョン
B10: 物理名 | G10: PosDeviceSetting
B11: 備考
B12: 各接続機器ごとに提供されるサービスを設定
B13: ・サービス種別・・・「いらっしゃいませ」の待機画面で表示される「ボタン(提供サービス)」を定義する。
B14: ・ポイント種別・・・支払画面の前に表示される利用ポイントの種別を定義する。
B15: ・支払種別・・・支払画面に表示される支払方法を定義する。
B18: ■カラム情報
B19: No. | D19: 論理名 | R19: 物理名 | AC19: データ型 | AH19: PK | AJ19: Not Null | AM19: デフォルト | AT19: 備考
B20: 1 | D20: レコードID | R20: RECORD_ID | AC20: BIGINT | AJ20: Yes | AM20: 自動追加
B21: =B20+1 -> 2 | D21: レコード作成日付 | R21: RECORD_CREATE_DATE | AC21: TIMESTAMP | AJ21: Yes | AM21: CURRENT_DATE
B22: =B21+1 -> 3 | D22: レコード作成時間 | R22: RECORD_CREATE_TIME | AC22: BIGINT | AJ22: Yes | AM22: CURRENT_TIME
B23: =B22+1 -> 4 | D23: レコード更新日付 | R23: RECORD_UPDATE_DATE | AC23: TIMESTAMP | AJ23: Yes | AM23: CURRENT_DATE | AT23: トリガーにより更新
B24: =B23+1 -> 5 | D24: レコード更新時間 | R24: RECORD_UPDATE_TIME | AC24: BIGINT | AJ24: Yes | AM24: CURRENT_TIME | AT24: トリガーにより更新
B25: =B24+1 -> 6 | D25: レコード無効フラグ | R25: RECORD_VOID_FLAG | AC25: BOOL | AJ25: Yes | AM25: "" | AT25: true:有効 / false:無効
B26: =B25+1 -> 7 | D26: 企業コード | R26: company_code | AC26: TEXT | AH26: Yes
B27: =B26+1 -> 8 | D27: 店舗コード | R27: store_code | AC27: TEXT | AH27: Yes
B28: =B27+1 -> 9 | D28: レジ番号 | R28: instore_code | AC28: TEXT | AH28: Yes
B29: =B28+1 -> 10 | D29: 区分 | R29: class | AC29: INTEGER | AT29: 本番機："1"、検証機："9" ：この区分でAPIの参照先を変更
B30: =B29+1 -> 11 | D30: サービス種別1(Scan&Go) | R30: ServiceClass01 | AC30: INTEGER | AJ30: Yes | AM30: "1" | AT30: 利用：可能："1"、不可："9"（デフォルトで利用可能とする）
B31: =B30+1 -> 12 | D31: サービス種別2(手動登録) | R31: ServiceClass02 | AC31: INTEGER | AJ31: Yes | AM31: "9" | AT31: 利用：可能："1"、不可："9"
B32: =B31+1 -> 13 | D32: サービス種別3(Ignicaチャージ) | R32: ServiceClass03 | AC32: INTEGER | AJ32: Yes | AM32: "9" | AT32: 利用：可能："1"、不可："9"
B33: =B32+1 -> 14 | D33: サービス種別4(Ignica残高照会) | R33: ServiceClass04 | AC33: INTEGER | AJ33: Yes | AM33: "9" | AT33: 利用：可能："1"、不可："9"
B34: =B33+1 -> 15 | D34: サービス種別5(WAONチャージ) | R34: ServiceClass05 | AC34: INTEGER | AJ34: Yes | AM34: "9" | AT34: 利用：可能："1"、不可："9"
B35: =B34+1 -> 16 | D35: サービス種別6(WAON残高照会) | R35: ServiceClass06 | AC35: INTEGER | AJ35: Yes | AM35: "9" | AT35: 利用：可能："1"、不可："9"
B36: =B35+1 -> 17 | D36: サービス種別7(予備) | R36: ServiceClass07 | AC36: INTEGER | AJ36: Yes | AM36: "9" | AT36: 利用：可能："1"、不可："9"
B37: =B36+1 -> 18 | D37: サービス種別8(予備) | R37: ServiceClass08 | AC37: INTEGER | AJ37: Yes | AM37: "9" | AT37: 利用：可能："1"、不可："9"
B38: =B37+1 -> 19 | D38: サービス種別9(予備) | R38: ServiceClass09 | AC38: INTEGER | AJ38: Yes | AM38: "9" | AT38: 利用：可能："1"、不可："9"
B39: =B38+1 -> 20 | D39: サービス種別10(予備) | R39: ServiceClass10 | AC39: INTEGER | AJ39: Yes | AM39: "9" | AT39: 利用：可能："1"、不可："9"
B40: =B39+1 -> 21 | D40: ポイント種別1(Ignica) | R40: PointClass01 | AC40: INTEGER | AJ40: Yes | AM40: "9" | AT40: 利用：可能："1"、不可："9"
B41: =B40+1 -> 22 | D41: ポイント種別2(WAONポイント) | R41: PointClass02 | AC41: INTEGER | AJ41: Yes | AM41: "9" | AT41: 利用：可能："1"、不可："9"
B42: =B41+1 -> 23 | D42: ポイント種別3(イオンカード) | R42: PointClass03 | AC42: INTEGER | AJ42: Yes | AM42: "9" | AT42: 利用：可能："1"、不可："9"
B43: =B42+1 -> 24 | D43: ポイント種別4(WAONカード支払) | R43: PointClass04 | X43: ="{ ""company_code"": """&T43&""",""store_code"": """&U43&""",""instore_code"": """&V43&""",""status"": "&LEFT(W43,1)&"}" -> { "company_code": "","store_code": "","instore_code": "","status": } | AC43: INTEGER | AJ43: Yes | AM43: "9" | AT43: 利用：可能："1"、不可："9"
B44: =B43+1 -> 25 | D44: ポイント種別5(予備) | R44: PointClass05 | AC44: INTEGER | AJ44: Yes | AM44: "9" | AT44: 利用：可能："1"、不可："9"
B45: =B44+1 -> 26 | D45: ポイント種別6(予備) | R45: PointClass06 | AC45: INTEGER | AJ45: Yes | AM45: "9" | AT45: 利用：可能："1"、不可："9"
B46: =B45+1 -> 27 | D46: ポイント種別7(予備) | R46: PointClass07 | AC46: INTEGER | AJ46: Yes | AM46: "9" | AT46: 利用：可能："1"、不可："9"
B47: =B46+1 -> 28 | D47: ポイント種別8(予備) | R47: PointClass08 | AC47: INTEGER | AJ47: Yes | AM47: "9" | AT47: 利用：可能："1"、不可："9"
B48: =B47+1 -> 29 | D48: ポイント種別9(予備) | R48: PointClass09 | AC48: INTEGER | AJ48: Yes | AM48: "9" | AT48: 利用：可能："1"、不可："9"
B49: =B48+1 -> 30 | D49: ポイント種別10(予備) | R49: PointClass10 | AC49: INTEGER | AJ49: Yes | AM49: "9" | AT49: 利用：可能："1"、不可："9"
B50: =B49+1 -> 31 | D50: 支払種別1(現金) | R50: PaymentClass01 | AC50: INTEGER | AJ50: Yes | AM50: "1" | AT50: 利用：可能："1"、不可："9"（デフォルトで利用可能とする）
B51: =B50+1 -> 32 | D51: 支払種別2(WAONポイント) | R51: PaymentClass02 | AC51: INTEGER | AJ51: Yes | AM51: "9" | AT51: 利用：可能："1"、不可："9"
B52: =B51+1 -> 33 | D52: 支払種別3(Ignicaポイント) | R52: PaymentClass03 | AC52: INTEGER | AJ52: Yes | AM52: "9" | AT52: 利用：可能："1"、不可："9"
B53: =B52+1 -> 34 | D53: 支払種別4(WAON) | R53: PaymentClass04 | AC53: INTEGER | AJ53: Yes | AM53: "9" | AT53: 利用：可能："1"、不可："9"
B54: =B53+1 -> 35 | D54: 支払種別5(AEON Pay) | R54: PaymentClass05 | AC54: INTEGER | AJ54: Yes | AM54: "9" | AT54: 利用：可能："1"、不可："9"
B55: =B54+1 -> 36 | D55: 支払種別6(クレジット(1回)) | R55: PaymentClass06 | AC55: INTEGER | AJ55: Yes | AM55: "9" | AT55: 利用：可能："1"、不可："9"
... B69: =B68+1 -> 50 | D69: 支払種別20 | R69: PaymentClass20 | AC69: INTEGER | AJ69: Yes | AM69: "9" | AT69: 利用：可能："1"、不可："9"
B71: ■インデックス情報
B72: No. | D72: Index名 | R72: カラム一覧 | AL72: プライマリキー | AP72: ユニーク | AT72: 備考
B73: 1 | D73: PRIMARY | R73: company_code,store_code,instore_code | AL73: Yes | AP73: Yes
B75: トリガー情報
B76: No. | D76: トリガー名 | R76: イベント | U76: タイミング | Y76: 条件
B77: 1 | D77: =G10&"_"&R77&"_"&"trg" -> PosDeviceSetting_update_trg | R77: update | U77: Before row | Y77: auto_updated_date
B79: ※使用API
B80: No. | F80: API | AA80: METHOD | AF80: 認証 | AL80: ←参照(Select)、更新(Update）、追加（Insert）で、URLを分けていただきたい。
B81: A001 | F81: pos/v1/〇〇〇/〇〇〇 | AA81: POST | AF81: - | AL81: ←更新で、無い場合は追加という対応が可能でしたら、更新だけで問題ありません。
B83: リクエスト:更新(Update）、追加（Insert） | AN83: レスポンス<200：OK>
B84: プロパティ | I84: 型 | L84: 文字数 | O84: 必須 | R84: 説明 | AB84: 例
AB85: { | AN85: なし
B86: company_code | I86: string | L86: 10 | O86: 〇 | R86: 企業コード | AB86: =" """&B86&": ""300"",""" -> "company_code: "300","
B87: store_code | I87: string | L87: 10 | O87: 〇 | R87: 店舗コード | AB87: =" """&B87&": ""048405"",""" -> "store_code: "048405","
B88: instore_code | I88: string | L88: 10 | O88: 〇 | R88: 店舗内コード | AB88: =" """&B88&": ""901"",""" -> "instore_code: "901"," | AN88: エラーメッセージ<200：OK>
B89: RECORD_VOID_FLAG | I89: string | L89: 5 | R89: レコード無効フラグ | AB89: =" """&B89&": false,""" -> "RECORD_VOID_FLAG: false,"
B90: class | I90: int | R90: 区分 | AB90: =" """&B90&": 9,""" -> "class: 9," | AN90: HTTPステータス | AT90: メッセージ
B91: ServiceClass01 | I91: int | R91: サービス種別1(Scan&Go) | AB91: =" """&B91&": 1,""" -> "ServiceClass01: 1," | AN91: 400 | AT91: { message:"company_code に誤りがあります。（必須または10文字以内）"}
B92: ServiceClass02 | I92: int | R92: サービス種別2(手動登録) | AB92: =" """&B92&": 9,""" -> "ServiceClass02: 9," | AN92: 400 | AT92: { message:"store_code に誤りがあります。（必須または10文字以内）"}
B93: ServiceClass03 | I93: int | R93: サービス種別3(Ignicaチャージ) | AB93: =" """&B93&": 9,""" -> "ServiceClass03: 9," | AN93: 400 | AT93: { message:"instore_code に誤りがあります。（必須または10文字以内）"}
B94: ServiceClass04 | I94: int | R94: サービス種別4(Ignica残高照会) | AB94: =" """&B94&": 9,""" -> "ServiceClass04: 9," | AN94: 400 | AT94: { message:"プロパティ に誤りがあります。"}
B95: ServiceClass05 | I95: int | R95: サービス種別5(WAONチャージ) | AB95: =" """&B95&": 9,""" -> "ServiceClass05: 9,"
B96: ServiceClass06 | I96: int | R96: サービス種別6(WAON残高照会) | AB96: =" """&B96&": 9,""" -> "ServiceClass06: 9,"
B97: ServiceClass07 | I97: int | R97: サービス種別7(予備) | AB97: =" """&B97&": 9,""" -> "ServiceClass07: 9,"
B98: ServiceClass08 | I98: int | R98: サービス種別8(予備) | AB98: =" """&B98&": 9,""" -> "ServiceClass08: 9,"
B99: ServiceClass09 | I99: int | R99: サービス種別9(予備) | AB99: =" """&B99&": 9,""" -> "ServiceClass09: 9,"
B100: ServiceClass10 | I100: int | R100: サービス種別10(予備) | AB100: =" """&B100&": 9,""" -> "ServiceClass10: 9,"
B101: PointClass01 | I101: int | R101: ポイント種別1(Ignica) | AB101: =" """&B101&": 9,""" -> "PointClass01: 9,"
B102: PointClass02 | I102: int | R102: ポイント種別2(WAONポイント) | AB102: =" """&B102&": 9,""" -> "PointClass02: 9,"
B103: PointClass03 | I103: int | R103: ポイント種別3(イオンカード) | AB103: =" """&B103&": 9,""" -> "PointClass03: 9,"
B104: PointClass04 | I104: int | R104: ポイント種別4(WAONカード支払) | AB104: =" """&B104&": 9,""" -> "PointClass04: 9,"
B105: PointClass05 | I105: int | R105: ポイント種別5(予備) | AB105: =" """&B105&": 9,""" -> "PointClass05: 9,"
B106: PointClass06 | I106: int | R106: ポイント種別6(予備) | AB106: =" """&B106&": 9,""" -> "PointClass06: 9,"
... B110: PointClass10 | I110: int | R110: ポイント種別10(予備) | AB110: =" """&B110&": 9,""" -> "PointClass10: 9,"
B111: PaymentClass01 | I111: int | R111: 支払種別1(現金) | AB111: =" """&B111&": 1,""" -> "PaymentClass01: 1,"
B112: PaymentClass02 | I112: int | R112: 支払種別2(WAONポイント) | AB112: =" """&B112&": 9,""" -> "PaymentClass02: 9,"
B113: PaymentClass03 | I113: int | R113: 支払種別3(Ignicaポイント) | AB113: =" """&B113&": 9,""" -> "PaymentClass03: 9,"
B114: PaymentClass04 | I114: int | R114: 支払種別4(WAON) | AB114: =" """&B114&": 9,""" -> "PaymentClass04: 9,"
B115: PaymentClass05 | I115: int | R115: 支払種別5(AEON Pay) | AB115: =" """&B115&": 9,""" -> "PaymentClass05: 9,"
B116: PaymentClass06 | I116: int | R116: 支払種別6(クレジット(1回)) | AB116: =" """&B116&": 9,""" -> "PaymentClass06: 9,"
B117: PaymentClass07 | I117: int | R117: 支払種別7(クレジット(リボ)) | AB117: =" """&B117&": 9,""" -> "PaymentClass07: 9,"
B118: PaymentClass08 | I118: int | R118: 支払種別8(イオンギフトカード) | AB118: =" """&B118&": 9,""" -> "PaymentClass08: 9,"
B119: PaymentClass09 | I119: int | R119: 支払種別9(電子マネー) | AB119: =" """&B119&": 9,""" -> "PaymentClass09: 9,"
B120: PaymentClass10 | I120: int | R120: 支払種別10(銀嶺) | AB120: =" """&B120&": 9,""" -> "PaymentClass10: 9,"
B121: PaymentClass11 | I121: int | R121: 支払種別11(クーポン) | AB121: =" """&B121&": 9,""" -> "PaymentClass11: 9,"
B122: PaymentClass12 | I122: int | R122: 支払種別12(金券) | AB122: =" """&B122&": 9,""" -> "PaymentClass12: 9,"
B123: PaymentClass13 | I123: int | R123: 支払種別13 | AB123: =" """&B123&": 9,""" -> "PaymentClass13: 9,"
... B130: PaymentClass20 | I130: int | R130: 支払種別20 | AB130: =" """&B130&": 9,""" -> "PaymentClass20: 9,"
AB131: }
...

Sheet 釣銭機設定
A1: システム名 | K1: システム種別 | W1: =IF(表紙!W1="","",表紙!W1) -> 基本設計書 | AP1: 作成者 | AT1: 作成日 | AY1: 更新者 | BC1: 更新日 | BH1: 版数
A2: =IF(表紙!A2="","",表紙!A2) -> 現金専用簡易セルフPOS | K2: =IF(表紙!K2="","",表紙!K2) -> API | AP2: =IF(表紙!AP2="","",表紙!AP2) -> きよはら | AT2: =IF(表紙!AT2="","",表紙!AT2) -> 44867 | AY2: =IF(表紙!AY2="","",表紙!AY2) -> きよはら | BC2: =IF(表紙!BC2="","",表紙!BC2) -> 44867 | BH2: =IF(表紙!BH2="","",表紙!BH2) -> 0.1
A4: 機能カテゴリ | H4: =IF(表紙!H4="","",表紙!H4) -> 共通 | U4: 項目 | Z4: =IF(表紙!Z4="","",表紙!Z4) -> API(設定)定義書 | AP4: テンプレート
B7: ■テーブル情報
B8: スキーマ名 | Y8: RDBMS名
B9: 論理名 | G9: 釣銭機設定 | Y9: バージョン
B10: 物理名 | G10: ChangeMachineSetting
B11: 備考
B12: ・釣銭機に設定される各種金種ごとの設定枚数を定義する。
B19: ■カラム情報
B20: No. | D20: 論理名 | R20: 物理名 | AC20: データ型 | AH20: PK | AJ20: Not Null | AM20: デフォルト | AT20: 備考
B21: 1 | D21: レコードID | R21: RECORD_ID | AC21: BIGINT | AJ21: Yes | AM21: 自動追加
B22: 2 | D22: レコード作成日付 | R22: RECORD_CREATE_DATE | AC22: TIMESTAMP | AJ22: Yes | AM22: CURRENT_DATE
B23: 3 | D23: レコード作成時間 | R23: RECORD_CREATE_TIME | AC23: BIGINT | AJ23: Yes | AM23: CURRENT_TIME
B24: 4 | D24: レコード更新日付 | R24: RECORD_UPDATE_DATE | AC24: TIMESTAMP | AJ24: Yes | AM24: CURRENT_DATE | AT24: トリガーにより更新
B25: 5 | D25: レコード更新時間 | R25: RECORD_UPDATE_TIME | AC25: BIGINT | AJ25: Yes | AM25: CURRENT_TIME | AT25: トリガーにより更新
B26: 6 | D26: レコード無効フラグ | R26: RECORD_VOID_FLAG | AC26: BOOL | AJ26: Yes | AM26: "" | AT26: true:有効 / false:無効
B27: =B26+1 -> 7 | D27: 企業コード | R27: company_code | AC27: TEXT | AH27: Yes | AJ27: Yes
B28: =B27+1 -> 8 | D28: 店舗コード | R28: store_code | AC28: TEXT | AH28: Yes | AJ28: Yes
B29: =B28+1 -> 9 | D29: レジ番号 | R29: instore_code | AC29: TEXT | AH29: Yes | AJ29: Yes
B30: 10 | D30: 区分 | R30: class | AC30: INT | AH30: Yes | AJ30: Yes | AT30: 1:フル 2:ニアフル 3:ニアエンプティ 4:エンプティ 5:残置 6:釣銭準備金
B31: 11 | D31: 10000円札 | R31: 10000yen | AC31: INT | AJ31: Yes | AM31: ”0”
B32: 12 | D32: 5000円札 | R32: 5000yen | AC32: INT | AJ32: Yes | AM32: ”0”
B33: 13 | D33: 2000円札 | R33: 2000yen | AC33: INT | AJ33: Yes | AM33: ”0”
B34: 14 | D34: 1000円札 | R34: 1000yen | AC34: INT | AJ34: Yes | AM34: ”0”
B35: 15 | D35: 500円玉 | R35: 500yen | AC35: INT | AJ35: Yes | AM35: ”0”
B36: 16 | D36: 100円玉 | R36: 100yen | AC36: INT | AJ36: Yes | AM36: ”0”
B37: 17 | D37: 50円玉 | R37: 50yen | AC37: INT | AJ37: Yes | AM37: ”0”
B38: 18 | D38: 10円玉 | R38: 10yen | AC38: INT | AJ38: Yes | AM38: ”0”
B39: 19 | D39: 5円玉 | R39: 5yen | AC39: INT | AJ39: Yes | AM39: ”0”
B40: 20 | D40: 1円玉 | R40: 1yen | AC40: INT | AJ40: Yes | AM40: ”0”
B41: 21 | D41: カセット | R41: cassette | AC41: INT | AJ41: Yes | AM41: ”0”
B43: ■インデックス情報
B44: No. | D44: Index名 | R44: カラム一覧 | AL44: プライマリキー | AP44: ユニーク | AT44: 備考
B45: 1 | D45: PRIMARY | R45: company_code,store_code,instore_code,class | AL45: Yes | AP45: Yes
B47: トリガー情報
B48: No. | D48: トリガー名 | R48: イベント | U48: タイミング | Y48: 条件
B49: 1 | D49: =G10&"_"&R49&"_"&"trg" -> ChangeMachineSetting_update_trg | R49: update | U49: Before row | Y49: auto_updated_date
B51: ※使用API
B52: No. | F52: API | AA52: METHOD | AF52: 認証 | AL52: ←参照(Select)、更新(Update）、追加（Insert）で、URLを分けていただきたい。
B53: A001 | F53: pos/v1/〇〇〇/〇〇〇 | AA53: POST | AF53: - | AL53: ←更新で、無い場合は追加という対応が可能でしたら、更新だけで問題ありません。
B55: リクエスト:更新(Update）、追加（Insert） | AN55: レスポンス<200：OK>
B56: プロパティ | I56: 型 | L56: 文字数 | O56: 必須 | R56: 説明 | AB56: 例
AB57: { | AN57: なし
B58: company_code | I58: string | L58: 10 | O58: 〇 | R58: 企業コード | AB58: =" """&B58&": ""300"",""" -> "company_code: "300","
B59: store_code | I59: string | L59: 10 | O59: 〇 | R59: 店舗コード | AB59: =" """&B59&": ""048405"",""" -> "store_code: "048405","
B60: instore_code | I60: string | L60: 10 | O60: 〇 | R60: 店舗内コード | AB60: =" """&B60&": ""901"",""" -> "instore_code: "901"," | AN60: エラーメッセージ<200：OK>
B61: RECORD_VOID_FLAG | I61: string | L61: 5 | R61: レコード無効フラグ | AB61: =" """&B61&": false,""" -> "RECORD_VOID_FLAG: false,"
B62: class | I62: int | O62: 〇 | R62: 区分 | AB62: =" """&B62&": 9,""" -> "class: 9," | AN62: HTTPステータス | AT62: メッセージ
B63: 10000yen | I63: int | R63: 10000円札 | AB63: =" """&B63&": 1,""" -> "10000yen: 1," | AN63: 400 | AT63: { message:"company_code に誤りがあります。（必須または10文字以内）"}
B64: 5000yen | I64: int | R64: 5000円札 | AB64: =" """&B64&": 9,""" -> "5000yen: 9," | AN64: 400 | AT64: { message:"store_code に誤りがあります。（必須または10文字以内）"}
B65: 2000yen | I65: int | R65: 2000円札 | AB65: =" """&B65&": 9,""" -> "2000yen: 9," | AN65: 400 | AT65: { message:"instore_code に誤りがあります。（必須または10文字以内）"}
B66: 1000yen | I66: int | R66: 1000円札 | AB66: =" """&B66&": 9,""" -> "1000yen: 9," | AN66: 400 | AT66: { message:"プロパティ に誤りがあります。"}
B67: 500yen | I67: int | R67: 500円玉 | AB67: =" """&B67&": 9,""" -> "500yen: 9,"
B68: 100yen | I68: int | R68: 100円玉 | AB68: =" """&B68&": 9,""" -> "100yen: 9,"
B69: 50yen | I69: int | R69: 50円玉 | AB69: =" """&B69&": 9,""" -> "50yen: 9,"
B70: 10yen | I70: int | R70: 10円玉 | AB70: =" """&B70&": 9,""" -> "10yen: 9,"
B71: 5yen | I71: int | R71: 5円玉 | AB71: =" """&B71&": 9,""" -> "5yen: 9,"
B72: 1yen | I72: int | R72: 1円玉 | AB72: =" """&B72&": 9,""" -> "1yen: 9,"
B73: cassette | I73: int | R73: カセット | AB73: =" """&B73&": 9,""" -> "cassette: 9,"
AB74: }
B76: リクエスト:参照（Select） | AN76: レスポンス<200：OK>
B77: プロパティ | I77: 型 | L77: 文字数 | O77: 必須 | R77: 説明 | AB77: 例
AB78: { | AN78: プロパティ | AU78: 型 | AX78: 例
B79: company_code | I79: string | L79: 10 | O79: 〇 | R79: 企業コード | AB79: =" """&B79&": ""300"",""" -> "company_code: "300"," | AX79: {
B80: store_code | I80: string | L80: 10 | O80: 〇 | R80: 店舗コード | AB80: =" """&B80&": ""048405"",""" -> "store_code: "048405"," | AN80: company_code | AU80: string | AX80: "company_code: "300","
B81: instore_code | I81: string | L81: 10 | O81: 〇 | R81: 店舗内コード | AB81: =" """&B81&": ""901"",""" -> "instore_code: "901"," | AN81: store_code | AU81: string | AX81: "store_code: "048405","
B82: class | I82: int | O82: 〇 | R82: 区分 | AB82: "class: 9," | AN82: instore_code | AU82: string | AX82: "instore_code: "901","
AB83: } | AN83: RECORD_VOID_FLAG | AU83: string | AX83: "RECORD_VOID_FLAG: false,"
AN84: class | AU84: int | AX84: "class: 9,"
AN85: 10000yen | AU85: int | AX85: "10000yen: 1,"
AN86: 5000yen | AU86: int | AX86: "5000yen: 9,"
AN87: 2000yen | AU87: int | AX87: "2000yen: 9,"
AN88: 1000yen | AU88: int | AX88: "1000yen: 9,"
AN89: 500yen | AU89: int | AX89: "500yen: 9,"
AN90: 100yen | AU90: int | AX90: "100yen: 9,"
AN91: 50yen | AU91: int | AX91: "50yen: 9,"
AN92: 10yen | AU92: int | AX92: "10yen: 9,"
AN93: 5yen | AU93: int | AX93: "5yen: 9,"
AN94: 1yen | AU94: int | AX94: "1yen: 9,"
AN95: cassette | AU95: int | AX95: "cassette: 9,"
AX96: }

Sheet テンプレート
A1: システム名 | K1: システム種別 | W1: =IF(表紙!W1="","",表紙!W1) -> 基本設計書 | AP1: 作成者 | AT1: 作成日 | AY1: 更新者 | BC1: 更新日 | BH1: 版数
A2: =IF(表紙!A2="","",表紙!A2) -> 現金専用簡易セルフPOS | K2: =IF(表紙!K2="","",表紙!K2) -> API | AP2: =IF(表紙!AP2="","",表紙!AP2) -> きよはら | AT2: =IF(表紙!AT2="","",表紙!AT2) -> 44867 | AY2: =IF(表紙!AY2="","",表紙!AY2) -> きよはら | BC2: =IF(表紙!BC2="","",表紙!BC2) -> 44867 | BH2: =IF(表紙!BH2="","",表紙!BH2) -> 0.1
A4: 機能カテゴリ | H4: =IF(表紙!H4="","",表紙!H4) -> 共通 | U4: 項目 | Z4: =IF(表紙!Z4="","",表紙!Z4) -> API(設定)定義書 | AP4: テンプレート
B7: ■テーブル情報
B8: スキーマ名 | Y8: RDBMS名
B9: 論理名 | G9: 機器接続情報 | Y9: バージョン
B10: 物理名
B11: 備考
B19: ■カラム情報
B20: No. | D20: 論理名 | R20: 物理名 | AC20: データ型 | AH20: PK | AJ20: Not Null | AM20: デフォルト | AT20: 備考
B21: 1 | D21: レコードID | R21: RECORD_ID | AC21: BIGINT | AH21: Yes | AJ21: Yes | AM21: 自動追加
B22: 2 | D22: レコード作成日付 | R22: RECORD_CREATE_DATE | AC22: TIMESTAMP | AJ22: Yes | AM22: CURRENT_DATE
B23: 3 | D23: レコード作成時間 | R23: RECORD_CREATE_TIME | AC23: BIGINT | AJ23: Yes | AM23: CURRENT_TIME
B24: 4 | D24: レコード更新日付 | R24: RECORD_UPDATE_DATE | AC24: TIMESTAMP | AJ24: Yes | AM24: CURRENT_DATE | AT24: トリガーにより更新
B25: 5 | D25: レコード更新時間 | R25: RECORD_UPDATE_TIME | AC25: BIGINT | AJ25: Yes | AM25: CURRENT_TIME | AT25: トリガーにより更新
B26: 6 | D26: レコード無効フラグ | R26: RECORD_VOID_FLAG | AC26: BOOL | AJ26: Yes | AM26: "" | AT26: true:有効 / false:無効
B27: 7
B28: 8
B29: 9
B30: 10
B31: 11
B32: 12
B33: 13
B36: ■インデックス情報
B37: No. | D37: Index名 | R37: カラム一覧 | AL37: プライマリキー | AP37: ユニーク | AT37: 備考
B38: 1 | D38: PRIMARY | AL38: Yes | AP38: Yes
B41: トリガー情報
B42: No. | D42: トリガー名 | R42: イベント | U42: タイミング | Y42: 条件
B43: 1 | D43: =G10&"_"&R43&"_"&"trg" -> _update_trg | R43: update | U43: Before row | Y43: auto_updated_date
