Workbook

Sheet 表紙
A1: システム名 | K1: システム種別 | W1: 詳細設計書 | AP1: 作成者 | AT1: 作成日 | AY1: 更新者 | BC1: 更新日 | BH1: 版数
A2: POSサーバー | K2: POSサーバー | AP2: =改訂履歴!$H$11 -> DuNT | AT2: =改訂履歴!$B$11 -> 45617 | AY2: =LOOKUP(2,1/(改訂履歴!H11:H30000<>""),改訂履歴!H11:H30000) -> DuNT | BC2: =LOOKUP(2,1/(改訂履歴!B11:B30000<>""),改訂履歴!B11:B30000) -> 45623 | BH2: =LOOKUP(2,1/(改訂履歴!O11:O30000<>""),改訂履歴!O11:O30000) -> 0.11
A4: 機能カテゴリ | H4: AP8204 | U4: 項目 | Z4: API設計書 | AP4: {=RIGHT(CELL("filename",$A$1),LEN(CELL("filename",$A$1))-FIND("]",CELL("filename",$A$1)))} -> 表紙
L16: POSサーバーの詳細設計書
L24: =K2&"/"&H4&"/"&Z4 -> POSサーバー/AP8204/API設計書
Q44: 承認日 | AA44: 承認者 | AQ44: 版数

Sheet 改訂履歴
A1: システム名 | K1: システム種別 | W1: =IF(表紙!W1="","",表紙!W1) -> 詳細設計書 | AP1: 作成者 | AT1: 作成日 | AY1: 更新者 | BC1: 更新日 | BH1: 版数
A2: =IF(表紙!A2="","",表紙!A2) -> POSサーバー | K2: =IF(表紙!K2="","",表紙!K2) -> POSサーバー | AP2: =IF(表紙!AP2="","",表紙!AP2) -> DuNT | AT2: =IF(表紙!AT2="","",表紙!AT2) -> 45617 | AY2: =IF(表紙!AY2="","",表紙!AY2) -> DuNT | BC2: =IF(表紙!BC2="","",表紙!BC2) -> 45623 | BH2: =IF(表紙!BH2="","",表紙!BH2) -> 0.11
A4: 機能カテゴリ | H4: =IF(表紙!H4="","",表紙!H4) -> AP8204 | U4: 項目 | Z4: =IF(表紙!Z4="","",表紙!Z4) -> API設計書 | AP4: {=RIGHT(CELL("filename",$A$1),LEN(CELL("filename",$A$1))-FIND("]",CELL("filename",$A$1)))} -> 改訂履歴
B8: ■改訂履歴
B10: 更新日 | H10: 更新者 | O10: 版数 | S10: 更新内容 | AX10: 承認日 | BD10: 承認者
B11: 45617 | H11: DuNT | O11: 0.1 | S11: 新規
B13: 45623 | H13: DuNT | O13: 0.11 | S13: 会社800の場合、店舗を作成する時にマスターメッセージのデフォルトレコードを作成する。

Sheet 処理フロー凡例
A1: システム名 | K1: システム種別 | W1: =IF(表紙!W1="","",表紙!W1) -> 詳細設計書 | AP1: 作成者 | AT1: 作成日 | AY1: 更新者 | BC1: 更新日 | BH1: 版数
A2: =IF(表紙!A2="","",表紙!A2) -> POSサーバー | K2: =IF(表紙!K2="","",表紙!K2) -> POSサーバー | AP2: =IF(表紙!AP2="","",表紙!AP2) -> DuNT | AT2: =IF(表紙!AT2="","",表紙!AT2) -> 45617 | AY2: =IF(表紙!AY2="","",表紙!AY2) -> DuNT | BC2: =IF(表紙!BC2="","",表紙!BC2) -> 45623 | BH2: =IF(表紙!BH2="","",表紙!BH2) -> 0.11
A4: 機能カテゴリ | H4: =IF(表紙!H4="","",表紙!H4) -> AP8204 | U4: 項目 | Z4: =IF(表紙!Z4="","",表紙!Z4) -> API設計書 | AP4: =MID(CELL("filename",A1),FIND("]",CELL("filename",A1))+1,255) -> 処理フロー凡例
B7: ●API処理フロー

Sheet AP8204
A1: システム名 | K1: システム種別 | W1: =IF(表紙!W1="","",表紙!W1) -> 詳細設計書 | AP1: 作成者 | AT1: 作成日 | AY1: 更新者 | BC1: 更新日 | BH1: 版数
A2: =IF(表紙!A2="","",表紙!A2) -> POSサーバー | K2: =IF(表紙!K2="","",表紙!K2) -> POSサーバー | AP2: =IF(表紙!AP2="","",表紙!AP2) -> DuNT | AT2: =IF(表紙!AT2="","",表紙!AT2) -> 45617 | AY2: =IF(表紙!AY2="","",表紙!AY2) -> DuNT | BC2: =IF(表紙!BC2="","",表紙!BC2) -> 45623 | BH2: =IF(表紙!BH2="","",表紙!BH2) -> 0.11
A4: 機能カテゴリ | H4: =IF(表紙!H4="","",表紙!H4) -> AP8204 | U4: 項目 | Z4: =IF(表紙!Z4="","",表紙!Z4) -> API設計書 | AP4: =MID(CELL("filename",A1),FIND("]",CELL("filename",A1))+1,255) -> AP8204
B7: 1. 概要
C9: 対象店舗とitem_master、promotion (99...で始まる) などの関連データから店舗をコピーする。
B12: 2. リクエスト
C14: 2.1 Request URL
C16: No. | E16: URL | AG16: HTTPメソッド | AQ16: 備考
C17: 1 | E17: api/v1/stores | AG17: GET
C19: 2. 2 Request Header
C21: No. | E21: ヘッダー | L21: 必須 | O21: 型 | S21: デフォルト値 | Z21: 項目説明 | AQ21: 備考
C22: 1 | E22: Authorization | L22: ○ | O22: String | S22: - | Z22: Api key | AQ22: 形式："Bearer {api_key}"
C23: 2 | E23: Accept | L23: - | O23: String | S23: - | Z23: Accept
C24: 3 | E24: Content-Type | L24: ○ | O24: String | S24: application/json | Z24: application/json
C25: 4 | E25: User-Agent | L25: - | O25: String | S25: - | Z25: User-Agent
C26: 5 | E26: Accept-Encoding | L26: - | O26: String | S26: - | Z26: Accept-Encoding
C29: 2.3 Query Parameter/ path parameter
E30: NA
C32: 2.4 Request Body
C34: No. | E34: パラメータ | L34: 必須 | O34: 型 | S34: デフォルト値 | Z34: 項目説明 | AQ34: 備考
C35: 1 | E35: code | L35: ○ | O35: String | S35: - | Z35: m_store.STORE_CODE | AQ35: ・バリデーションチェック：入力必須（エラーメッセージ = MSG_VAL_001） ・バリデーションチェック：数字であること（エラーメッセージ = MSG_VAL_006） ・バリデーションチェック：桁数 <= 10。桁数 > 10の場合、 エラーメッセージ = MSG_VAL_002 ・店舗コード重複のバリデーションチェック 重複している場合、エラーメッセージ = MSG_VAL_032
C36: 2 | E36: name | L36: ○ | O36: String | S36: - | Z36: m_store.TENNAME | AQ36: ・バリデーションチェック：入力必須（エラーメッセージ = MSG_VAL_001） ・バリデーションチェック：桁数 <= 50。桁数 > 50の場合、 エラーメッセージ = MSG_VAL_002
C37: 3 | E37: short_name | L37: ○ | O37: String | S37: - | Z37: m_store.TENSHORTNM | AQ37: ・バリデーションチェック：入力必須（エラーメッセージ = MSG_VAL_001） ・バリデーションチェック：桁数 <= 30。桁数 > 30の場合、 エラーメッセージ = MSG_VAL_002
C38: 4 | E38: post_code | L38: - | O38: String | S38: - | Z38: m_store.POSTCD | AQ38: ・バリデーションチェック：桁数 = 7 。7桁以外の場合、エラーメッセージ = MSG_VAL_028
C39: 5 | E39: address | L39: - | O39: String | S39: - | Z39: m_store.ADDRESS1 | AQ39: ・バリデーションチェック：桁数 <= 100。桁数 > 100の場合、 エラーメッセージ = MSG_VAL_002
C40: 6 | E40: phone_number | L40: - | O40: String | S40: - | Z40: m_store.PhoneNumber | AQ40: ・バリデーションチェック：桁数 <= 13。桁数 > 13の場合、 エラーメッセージ = MSG_VAL_002
C41: 7 | E41: start_hours | L41: - | O41: String | S41: 0.375 | Z41: m_store.StartHours | AQ41: 形式: hh:mm。形式が不正な場合、エラーメッセージ = MSG_VAL_019
C42: 8 | E42: end_hours | L42: - | O42: String | S42: 0.91666667 | Z42: m_store.EndHours | AQ42: 形式: hh:mm。形式が不正な場合、エラーメッセージ = MSG_VAL_019
C43: 9 | E43: business_type_code | L43: - | O43: String | S43: - | Z43: m_store.BusinessTypeCode | AQ43: 「1」、「 2」、「3」の値のみ入力可能とする。上記以外値の場合、エラーメッセージ= MSG_VAL_019。
C44: 10 | E44: default_point | L44: - | O44: Int | S44: 0 | Z44: m_store.DefaultPoint | AQ44: バリデーションチェック：100000を超えた場合、エラーメッセージ = MSG_VAL_019
C45: 11 | E45: copy_source | L45: ○ | O45: String | S45: - | AQ45: ・バリデーションチェック：入力必須（エラーメッセージ = MSG_VAL_001） ・バリデーションチェック：数字であること（エラーメッセージ = MSG_VAL_006） ・バリデーションチェック：桁数 <= 10。桁数 > 10の場合、 エラーメッセージ = MSG_VAL_002 ・m_storeテーブルの存在のバリデーションチェック：存在していない場合、エラーメッセージ = MSG_VAL_019
B47: 3. レスポンス
C49: 3.1. 正常の場合のレスポンスフォーマット
C51: 「30_機能設計_00_共通.xlsx」ファイルの「共通APIレスポンス」シートをご参照ください。
C53: 3.2. エラーの場合のレスポンスフォーマット
C55: 「30_機能設計_00_共通.xlsx」ファイルの「共通APIレスポンス」シートをご参照ください。

Sheet 処理フロー
A1: システム名 | K1: システム種別 | W1: =IF(表紙!W1="","",表紙!W1) -> 詳細設計書 | AP1: 作成者 | AT1: 作成日 | AY1: 更新者 | BC1: 更新日 | BH1: 版数
A2: =IF(表紙!A2="","",表紙!A2) -> POSサーバー | K2: =IF(表紙!K2="","",表紙!K2) -> POSサーバー | AP2: =IF(表紙!AP2="","",表紙!AP2) -> DuNT | AT2: =IF(表紙!AT2="","",表紙!AT2) -> 45617 | AY2: =IF(表紙!AY2="","",表紙!AY2) -> DuNT | BC2: =IF(表紙!BC2="","",表紙!BC2) -> 45623 | BH2: =IF(表紙!BH2="","",表紙!BH2) -> 0.11
A4: 機能カテゴリ | H4: =IF(表紙!H4="","",表紙!H4) -> AP8204 | U4: 項目 | Z4: =IF(表紙!Z4="","",表紙!Z4) -> API設計書 | AP4: =MID(CELL("filename",A1),FIND("]",CELL("filename",A1))+1,255) -> 処理フロー

Sheet テンプレート
A1: システム名 | K1: システム種別 | W1: =IF(表紙!W1="","",表紙!W1) -> 詳細設計書 | AP1: 作成者 | AT1: 作成日 | AY1: 更新者 | BC1: 更新日 | BH1: 版数
A2: =IF(表紙!A2="","",表紙!A2) -> POSサーバー | K2: =IF(表紙!K2="","",表紙!K2) -> POSサーバー | AP2: =IF(表紙!AP2="","",表紙!AP2) -> DuNT | AT2: =IF(表紙!AT2="","",表紙!AT2) -> 45617 | AY2: =IF(表紙!AY2="","",表紙!AY2) -> DuNT | BC2: =IF(表紙!BC2="","",表紙!BC2) -> 45623 | BH2: =IF(表紙!BH2="","",表紙!BH2) -> 0.11
A4: 機能カテゴリ | H4: =IF(表紙!H4="","",表紙!H4) -> AP8204 | U4: 項目 | Z4: =IF(表紙!Z4="","",表紙!Z4) -> API設計書 | AP4: =MID(CELL("filename",A1),FIND("]",CELL("filename",A1))+1,255) -> テンプレート
