Workbook

Sheet 表紙
B3: U.S.M.Holdings様／いなげや様
H24: =改版履歴!AO3 -> 1.6
G27: =改版履歴!AT3 -> 45672
F31: 富士通株式会社
D36: U.S.M.Holdings様／いなげや様 | J36: 富士通
D37: 承認 | F37: 承認 | H37: 承認 | J37: 承認 | L37: 確認 | N37: リーダー

Sheet 改版履歴
B2: TeamStore/M POSシステム | O2: システム名 | U2: 業務名 | AB2: 改版履歴 | AO2: 履歴 | AQ2: 改訂者 | AT2: 最新更新日 | AX2: 作成者 | BA2: 作成日
B3: UI設計書 | O3: マスタ連携対応 | U3: 方式設計 | AO3: =MAX(G10:H88) -> 1.6 | AQ3: 富士通 | AT3: =MAX(C10:F88) -> 45672 | AX3: 富士通 | BA3: 45427
C6: 改版履歴
C8: 日付 | G8: 版数 | I8: 章番号 | O8: 修正内容 | AZ8: 担当
C10: 45427 | G10: 0.1 | O10: 新規作成
C12: 45432 | G12: 0.2 | O12: ＜2024/5/15 打合せ内容の反映＞
I13: 2.連携ファイル仕様 全件 | O13: ・ENDファイルの作成仕様を変更(zipファイルサイズに加えて各ファイルの件数を追加) | AZ13: FJ)小林(令)
O14: ・SFTP通信仕様を開発環境と本番環境とに分けて記載
I15: 3.連携ファイル仕様 差分 | O15: ・ENDファイルの作成仕様を変更(zipファイルサイズに加えて各ファイルの件数を追加) | AZ15: FJ)小林(亮)
I16: 5.個別定義情報 | O16: ・5-3.プリセット設定を追加。5-3.システム設定を5-4.システム設定に変更。 | AZ16: FJ)小林(令)
O17: ・5-2.付加情報、5-4.システム設定の連携タイミングにイニシャルとランニングの列を追加
O18: ・5-4.システム設定の設定情報、レジグループ、OPT_IDは富士通POSの内部設定であることを追記
C20: 45434 | G20: 0.3 | O20: ＜2024/5/20 打合せ内容の反映＞ | AZ20: FJ)小林(令)
I21: 2.連携ファイル仕様 全件 | O21: ・zipファイル、ENDファイルのファイル名先頭に店舗コードを追加
I22: 3.連携ファイル仕様 差分 | O22: ・zipファイル、ENDファイルのファイル名先頭に店舗コードを追加
I23: 5.個別定義情報 | O23: ・音声ファイルの記載を変更（「年齢確認商品です」はignica側の音声を採用、「年齢確認できるものをご提示ください」を追加）
O24: ＜内部指摘を反映＞
I25: 3.連携ファイル仕様 差分 | O25: ・3-7.新店展開手順への反映 を削除（新店対応手順反映は不要であることが判明したため）
C27: 45439 | G27: 0.4 | O27: ＜2024/5/22 打合せ内容の反映＞ | AZ27: FJ)小林(令)
I28: 2.連携ファイル仕様 全件 | O28: ・zipファイル、ENDファイルのファイル名に"_"を追加（店舗コード追加時の修正漏れ）
O29: ・拡張子をCSVに統一する（MST→CSV：さんにち割データ、dat→CSV：入出金マスタ、現外設定マスタ、商品券バーコードマスタ）
I30: 3.連携ファイル仕様 差分 | O30: ・zipファイル、ENDファイルのファイル名に"_"を追加（店舗コード追加時の修正漏れ）
I31: 5.個別定義情報 | O31: ・5-2.付加情報の音声ファイルの情報「年齢確認商品です」は不採用のため、Ignica側の音声「年齢確認が必要です」を追記
O32: 備考欄に富士通POSは、「年齢確認商品です」のままであることを追記
O33: ＜内部指摘を反映＞
I34: 4.開閉店処理組込 | O34: ・5-4.バックアップ処理概要のzipファイル、ENDファイルのファイル名に"_"を追加（店舗コード追加時の修正漏れ）
I35: 5.個別定義情報 | O35: ・5-4.システム設定の年齢確認の記載を修正（「許可」を押下した際の電子ジャーナルは、「26歳以上」の表示をする。システム設定は未使用。
O36: 変更発生時はシステム改修対応となる旨を追記）
O37: ＜QA回答の反映＞
O38: ・2-2.SFTP通信仕様 開発環境の情報を追記（QANo.114回答反映）
C39: 45441 | G39: 0.5 | O39: ＜2024/5/27 打合せ内容の反映＞ | AZ39: FJ)小林(令)
I40: 2.連携ファイル仕様 全件 | O40: ・2-2.SFTP通信仕様 本番環境の情報は別途連携頂く旨を追記
O41: ＜内部指摘を反映＞
O42: ・2-7-1.異常の検知の記載を修正
O43: ・5-3.プリセット設定にカタリナクーポン支払い時に使用する現外種別コードの設定を追加
C45: 45462 | G45: 1 | I45: 初版 | AZ45: FJ）森谷
C47: 45511 | G47: 1.1 | I47: 2.連携ファイル仕様 全件 | O47: ＜QA回答の反映＞ | AZ47: FJ）小澤
O48: ・2-2.SFTP通信仕様 開発環境の情報を更新
P49: ホスト名を「ec2-35-77-173-176.ap-northeast-1.compute.amazonaws.com」に修正
P50: 接続ディレクトリを「/mnt/inageya/receive/Input/XXX」に修正
C51: 45541 | G51: 1.2 | I51: ４．開閉店処理組込 | O51: <内部指摘を反映＞ | AZ51: FJ)小林(亮)
O52: ・本文中の章番号が「５」になっていたため「４」に修正
O53: ・バックアップフォルダ名の「ToDay」を「Today」に修正
O54: <ＳＳ工程設計のフィードバック＞
O55: ・データファイルバックアップ世代シフト処理イメージを、フォルダリネーム方式からファイル移動方式に変更
C56: 45596 | G56: 1.3 | O56: <内部指摘を反映＞ | AZ56: FJ)小澤
I57: 2.連携ファイル仕様 全件 | O57: ・2-3. 送信ファイル一覧 ENDファイルの最終行改行「有」の旨を追記
I58: 3.連携ファイル仕様 差分 | O58: ・3-3. 送信ファイル一覧 ENDファイルの最終行改行「有」の旨を追記
O59: ・3-5. ファイル作成仕様 商品マスタのマスタ更新履歴作成タイミングから、「PDAでの更新」を削除。
I60: 4.開閉店処理組込 | O60: ・4-4. バックアップ処理概要 【ignica連携データファイル フォルダ構成】のフォルダ構成を修正
C61: 45630 | G61: 1.4 | I61: ４．開閉店処理組込 | O61: <SS工程における内部指摘の反映> | AZ61: FJ)小澤
O62: ・「ignica連携全件一括データファイル作成及び、送信処理」を利用者開局２から利用者開局３への組込に設計修正
I63: ６．システム設定 | O63: ・OPT_ID：「348100000」を記載（SS工程で決定のため）
C64: 45652 | G64: 1.5 | O64: <内部指摘を反映＞ | AZ64: FJ)小林(亮)
I65: 要件概要 | O65: ＜差分連携＞開局処理の値引スケジュール-抽出／反映処理での差分出力を追記
I66: 3.連携ファイル仕様 差分 | O66: ・3-5. ファイル作成仕様：開局処理の値引スケジュール-抽出／反映処理での差分出力を追記
O67: ・3-6-2. リカバリ対応
O68: ①差分データ再作成バッチ：常駐プログラムが動作していた場合の説明を追記
O69: ②差分データ再送信バッチ：常駐プログラムが動作していた場合の説明を追記
C70: 45667 | I70: 2.連携ファイル仕様 全件 | O70: ＜QA回答の反映＞ | AZ70: FJ)小澤
O71: ・2-2.SFTP通信仕様 開発環境の情報を更新
P72: ホスト名を「192.168.180.1」に修正（実際のWinSCP設定値に表記を合わせるため）
P73: 公開鍵情報を追記
O74: ・2-2.SFTP通信仕様 本番環境の情報を更新
P75: ホスト名、ユーザー名、秘密鍵情報、公開鍵情報を追記
P76: 接続ディレクトリを追記
C77: 45672 | G77: 1.6 | I77: 4.開閉店処理組込 | O77: <ST指摘を反映＞ | AZ77: FJ)金子
O78: ・4-4. バックアップ処理概要
P79: 全件マスタのZIPとENDファイル送信ログの名称修正

Sheet 要件概要
C2: TeamStore/M POSシステム | P2: システム名 | V2: 業務名 | AC2: 要件概要 | AP2: 履歴 | AR2: 改訂者 | AU2: 最新更新日 | AY2: 作成者 | BB2: 作成日
C3: UI設計書 | P3: マスタ連携対応 | V3: 方式設計 | AP3: =改版履歴!$AO$3 -> 1.6 | AR3: 富士通 | AU3: =改版履歴!$AT$3 -> 45672 | AY3: 富士通 | BB3: =改版履歴!$BA$3 -> 45427
E7: 運 用 目 的 | J7: ： | K7: 同一店内でいなげや様POSと同じ価格、値引きでignicaPOSが動作するようマスタデータを連携する。
E11: 要求仕様概要 | J11: ： | K11: TS/M側POSサーバにてマスタI/Fの新規ファイルレイアウトを作成し、POSサーバからignica変換サーバへSFTP連携する。
K12: ファイルの連携は、ignica変換サーバに店舗毎にフォルダを作成することとし、TS/Mサーバから該当店舗フォルダのマスタを送信する方式とする。
K13: 連携方式は、全件一括連携(営業開始前1日1回の全件)と差分連携(営業中更新時の差分)の2種類とする。
K14: TS/M側POSサーバの開店処理にて、バックアップを行う。連携ファイルは当日分を除いて6世代まで、ログファイルは当日分を除いて10世代まで管理する。
K15: SFTP送信の正常完了確認を行う。（ENDファイルを合わせて送信する。送信先にENDファイルがあった場合、対応するデータファイルの送信が完了していると判断する）
K16: 店番、POS番号、TS/M側のPOSシステムのシステム設定など、TSM側のPOSとignicaPOSで合わせる必要がある連携対象以外のマスタ情報、定義情報は、各システム個別に定義する。
K17: （例. 取引中止時の理由コードなど）
K20: ＜全店一括連携＞ | P20: 全13ファイル
K21: 営業開始前、全データ、全件を対象にignica変換サーバへ連携する。全件を連携し、営業開始前にPOSサーバとignica側サーバとのデータ同期を図る。
M22: ・ | N22: 商品階層マスタ | W22: ・ | X22: 営業日マスタ
M23: ・ | N23: 商品マスタ | W23: ・ | X23: 担当者マスタ
M24: ・ | N24: 企画マスタ | W24: ・ | X24: 入出金マスタ
M25: ・ | N25: 特売マスタ | W25: ・ | X25: 現外設定マスタ
M26: ・ | N26: 組合せマスタ | W26: ・ | X26: 緊急登録マスタ
M27: ・ | N27: 商品階層自動値引きマスタ | W27: ・ | X27: 商品券バーコードマスタ
M28: ・ | N28: さんにち割データ
K30: ＜差分連携＞ | P30: 全7ファイル
K31: 営業中更新が発生し、リアル反映が必要と判断したデータは、更新が発生した差分を対象にignica変換サーバへ連携する。
K32: また、開局処理内(営業開始前)で、全件一括作成後に値引スケジュール-抽出／反映処理で更新が発生した場合は、差分を対象にignica変換サーバへ連携する。 | BF32: *1.5
K33: ※全件一括連携のファイルレイアウトと同一とする。
M34: ・ | N34: 商品マスタ | W34: ・ | X34: 担当者マスタ
M35: ・ | N35: 企画マスタ | W35: ・ | X35: 緊急登録マスタ
M36: ・ | N36: 特売マスタ
M37: ・ | N37: 組合せマスタ
M38: ・ | N38: 商品階層自動値引きマスタ

Sheet 1.システム概略図
C2: TeamStore/M POSシステム | P2: システム名 | V2: 業務名 | AC2: １．システム概略図 | BD2: 履歴 | BF2: 改訂者 | BI2: 最新更新日 | BM2: 作成者 | BP2: 作成日
C3: UI設計書 | P3: マスタ連携対応 | V3: 方式設計 | BD3: =改版履歴!$AO$3 -> 1.6 | BF3: 富士通 | BI3: =改版履歴!$AT$3 -> 45672 | BM3: 富士通 | BP3: =改版履歴!$BA$3 -> 45427
D6: １．システム概略図

Sheet 2.連携ファイル仕様 全件
C2: TeamStore/M POSシステム | P2: システム名 | V2: 業務名 | AC2: ２．連携ファイル仕様（全件一括） | BD2: 履歴 | BF2: 改訂者 | BI2: 最新更新日 | BM2: 作成者 | BP2: 作成日
C3: UI設計書 | P3: マスタ連携対応 | V3: 方式設計 | BD3: =改版履歴!$AO$3 -> 1.6 | BF3: 富士通 | BI3: =改版履歴!$AT$3 -> 45672 | BM3: 富士通 | BP3: =改版履歴!$BA$3 -> 45427
D6: ２．連携ファイル仕様（全件一括データファイル連携）
E8: 全件一括データファイルの連携仕様について、以下に記す。
E10: 2-1. 処理イメージ
F12: ※POSサーバの開店処理に組み込む SFTP連携実現には別途FNETSにてネットワーク環境構築作業が必要
A28: *0.2
A29: *0.2
E35: 2-2. SFTP通信仕様
A37: *0.2 | F37: ■開発環境 【WinSCP設定値】 | AM37: ■開発環境 【接続先情報 ignica変換サーバ側情報】
F38: No. | H38: 項目名 | N38: 設定値 | Y38: 備考 | AM38: No. | AO38: 項目名 | AU38: 情報 | BF38: 備考
A39: *0.4*1.1*1.5 | F39: 1 | H39: ホスト名 | N39: 192.168.180.1 | AM39: 1 | AO39: 接続ディレクトリ | AU39: /mnt/inageya/receive/Input/XXX | BF39: 送信ファイル格納フォルダ（XXX：店舗番号）
F40: 2 | H40: ポート番号 | N40: 22 | Y40: 共通
A41: *0.4 | F41: 3 | H41: ユーザ名 | N41: ec2-user
F42: 4 | H42: パスワード | N42: （なし）
A43: *0.4 | F43: 5 | H43: 秘密鍵 | N43: common_dev_tokyo_kp_1a.ppk | Y43: 登録した公開鍵に対応する秘密鍵
F44: 6 | H44: 公開鍵のフィンガープリント | N44: (※2) | Y44: ssh_host_ed25519_key.pub
F45: 7 | H45: プロトコル | N45: SFTP
A47: *0.2*0.5 | F47: ■本番環境 【WinSCP設定値】 | O47: ※本番環境の情報は別途連携頂く | AM47: ■本番環境 【接続先情報 ignica変換サーバ側情報】
A48: *0.2 | F48: No. | H48: 項目名 | N48: 設定値 | Y48: 備考 | AM48: No. | AO48: 項目名 | AU48: 情報 | BF48: 備考
A49: *0.2*1.5 | F49: 1 | H49: ホスト名 | N49: 192.168.180.7 | AM49: 1 | AO49: 接続ディレクトリ | AU49: /mnt/inageya/receive/Input/XXX | BF49: 送信ファイル格納フォルダ
A50: *0.2 | F50: 2 | H50: ポート番号 | N50: 22 | Y50: 共通
A51: *0.2*1.5 | F51: 3 | H51: ユーザ名 | N51: ec2-user
A52: *0.2 | F52: 4 | H52: パスワード | N52: （なし）
A53: *0.2 | F53: 5 | H53: 秘密鍵 | N53: sftp_prd_tokyo_kp_1a.ppk | Y53: 登録した公開鍵に対応する秘密鍵
A54: *1.5 | F54: 6 | H54: 公開鍵のフィンガープリント | N54: (※3) | Y54: ssh_host_ed25519_key.pub
A55: *0.2 | F55: 7 | H55: プロトコル | N55: SFTP
F57: (※1)SFTP通信情報は、iniファイルに設定する。(iniファイルの修正により変更できるようにする。)
A58: *1.5 | F58: (※2)フィンガープリントの設定値
A59: *1.5 | G59: JhFWMzBfW2AzTN67u167jR+/70DdxQbwr6bzhHQ9chk
A60: *1.5 | F60: (※3)フィンガープリントの設定値
A61: *1.5 | G61: ZpjwM+4mT6Yff2hRvH9T1crX8Sh4YhQtpuMDVbgdUl0
C68: TeamStore/M POSシステム | P68: システム名 | V68: 業務名 | AC68: =$AC$2 -> ２．連携ファイル仕様（全件一括） | BD68: 履歴 | BF68: 改訂者 | BI68: 最新更新日 | BM68: 作成者 | BP68: 作成日
C69: UI設計書 | P69: マスタ連携対応 | V69: 方式設計 | BD69: =$BD$3 -> 1.6 | BF69: =$BF$3 -> 富士通 | BI69: =$BI$3 -> 45672 | BM69: =$BM$3 -> 富士通 | BP69: =$BP$3 -> 45427
E73: 2-3. 送信ファイル一覧
F75: No. | H75: 名称 | P75: ファイルID | AG75: 連携方法 | AJ75: 制御 | AM75: 追記/上書 | AP75: リトライ | AS75: 説明
A76: *0.3*0.4 | F76: 1 | H76: 全件一括データファイル | P76: [店舗コード 3桁]＋"_IG_ALLMST_" | AG76: SFTP | AJ76: 自局 | AM76: 上書き | AP76: 3 | AS76: POSサーバの開局時に、マスタデータを一括出力する。
P77: +[作成日時 yyyymmddhhmmss]+".zip"
A78: *0.3 | P78: 【例】 001_IG_ALLMST_20240710053122.zip
A79: *0.3 | P79: (店舗番号：1）
A80: *0.2*0.3*0.4 | F80: 2 | H80: 全件一括データENDファイル | P80: [店舗コード 3桁]＋"_IG_ALLMST_" | AG80: SFTP | AJ80: 自局 | AM80: 上書き | AP80: 3 | AS80: 対応するデータファイルのサイズと圧縮前の各ファイルの件数をテキスト CSV形式で設定する。
A81: *0.2 | P81: +[作成日時 yyyymmddhhmmss]+".zip.END" | AS81: 【例】 IG_ALLMST,185951604
A82: *0.2*0.3 | P82: 【例】 001_IG_ALLMST_20240710053122.zip.END | AS82: ※ファイルIDは店舗コード、作成日時、拡張子なし。先頭行はzipファイルのサイズを設定。
A83: *0.2*0.3 | P83: (店舗番号：1） | AS83: IG_MDSEMS,5382 ※ファイルIDは作成日時、拡張子なし。各マスタのデータ件数を設定。
A84: *0.2 | BA84: 全件一括データのzipファイルに含まれるマスタ分のみ設定。
AS85: 全件一括データファイル送信完了後に続けてENDファイルを送信する。
AS86: 送信先フォルダにENDファイルがあった場合、同じファイル名(拡張子を除く)の送信が完了していると判断する。
A87: *1.3 | AS87: ENDファイルの最終行改行は「有」とする。
F89: ※ignica変換サーバ側の取込み処理について
A90: *0.2 | G90: ・ 受信したデータ zipファイルのサイズがENDファイルに設定されたサイズと異なる場合は、データ zipファイルの受信異常が発生したと判断する。
A91: *0.2 | G91: ・ zipファイルを解凍後、zipファイルに含まれていた各全件データファイルのレコード数が、ENDファイルに設定された各全件データファイルの件数と異なる場合は、zipファイルの受信異常もしくはzipファイルの解凍異常が発生したと判断する。
A92: *0.2 | G92: ・ ignicaPOS側で取り込んだ各全件データファイルの件数が、ENDファイルに設定された各全件データファイルの件数と異なる場合は、全件データファイルの取り込み異常が発生したと判断する。
G93: ・ 取込済のファイル(zip,END)はフォルダから削除する。
E95: 2-4. ファイル詳細
F96: ignica変換サーバに送信する全件一括データファイルをzip形式に圧縮したファイル
F98: [zipファイルに含まれるファイル]
F99: No. | H99: ファイルID | Z99: ファイル名 | AJ99: ファイル 形式 | AM99: 文字コード | AP99: 改行コード | AS99: タイトル行出力 | AV99: 最終行改行有無 | AY99: 文字列の引用符 | BB99: 備考
F101: 1 | H101: IG_MDSEMS_yyyymmddhhmmss.CSV | Z101: 商品階層マスタ | AJ101: CSV | AM101: Shift_JIS | AP101: CRLF | AT101: 無 | AW101: 有 | AZ101: 無
F102: 2 | H102: IG_PLUM_yyyymmddhhmmss.CSV | Z102: 商品マスタ | AJ102: CSV | AM102: Shift_JIS | AP102: CRLF | AT102: 無 | AW102: 有 | AZ102: 無
F103: 3 | H103: IG_EVENTM_yyyymmddhhmmss.CSV | Z103: 企画マスタ | AJ103: CSV | AM103: Shift_JIS | AP103: CRLF | AT103: 無 | AW103: 有 | AZ103: 無
F104: 4 | H104: IG_DISCOUNTM_yyyymmddhhmmss.CSV | Z104: 特売マスタ | AJ104: CSV | AM104: Shift_JIS | AP104: CRLF | AT104: 無 | AW104: 有 | AZ104: 無
F105: 5 | H105: IG_BUNDLEM_yyyymmddhhmmss.CSV | Z105: 組合せマスタ | AJ105: CSV | AM105: Shift_JIS | AP105: CRLF | AT105: 無 | AW105: 有 | AZ105: 無
F106: 6 | H106: IG_AUTODISC_yyyymmddhhmmss.CSV | Z106: 商品階層自動値引きマスタ | AJ106: CSV | AM106: Shift_JIS | AP106: CRLF | AT106: 無 | AW106: 有 | AZ106: 無
A107: *0.4 | F107: 7 | H107: IG_FIRST_DAY_yyyymmddhhmmss.MSTCSV | Z107: さんにち割データ | AJ107: CSV | AM107: Shift_JIS | AP107: CRLF | AT107: 無 | AW107: 無 | AZ107: 無 | BB107: ingVカードは第3日曜日5％引き
F108: 8 | H108: IG_CALENDAR_yyyymmddhhmmss.CSV | Z108: 営業日マスタ | AJ108: CSV | AM108: Shift_JIS | AP108: CRLF | AT108: 無 | AW108: 有 | AZ108: 無 | BB108: 店休/営業の区分：店休日はPOS未起動
F109: 9 | H109: IG_EMPLOYEE_yyyymmddhhmmss.CSV | Z109: 担当者マスタ | AJ109: CSV | AM109: Shift_JIS | AP109: CRLF | AT109: 無 | AW109: 有 | AZ109: 無 | BB109: POSサーバのマスタと同じコードの設定が必要、セキュリティ権限設定
A110: *0.4 | F110: 10 | H110: IG_INC_EXP_ACCT_yyyymmddhhmmss.datCSV | Z110: 入出金マスタ | AJ110: CSV | AM110: Shift_JIS | AP110: CRLF | AT110: 無 | AW110: 有 | AZ110: 無 | BB110: いなげや様コードと同期必要（精算確定報に表示のため）
A111: *0.4 | F111: 11 | H111: IG_TENDER_yyyymmddhhmmss.datCSV | Z111: 現外設定マスタ | AJ111: CSV | AM111: Shift_JIS | AP111: CRLF | AT111: 無 | AW111: 有 | AZ111: 無 | BB111: いなげや様コードと同期必要（精算確定報に表示のため）
F112: 12 | H112: IG_PLU_NOT_FOUND_yyyymmddhhmmss.CSV | Z112: 緊急登録マスタ | AJ112: CSV | AM112: Shift_JIS | AP112: CRLF | AT112: 無 | AW112: 有 | AZ112: 無
A113: *0.4 | F113: 13 | H113: IG_GIFT_CERT_BARCODE_yyyymmddhhmmss.datCSV | Z113: 商品券バーコードマスタ | AJ113: CSV | AM113: Shift_JIS | AP113: CRLF | AT113: 無 | AW113: 有 | AZ113: 無
E115: 2-5. ファイルレイアウト
F116: レイアウトは、以下のファイルを参照のこと。※全件一括、差分共通のレイアウト
F117: No. | H117: 対象データ | P117: ファイルレイアウト（EXCEL) | AG117: 全件一括 | AJ117: 差分
F118: 1 | H118: 商品階層マスタ | P118: 01.TSM連携ファイル仕様_商品階層マスタ.xlsx | AG118: ● | AJ118: -
F119: 2 | H119: 商品マスタ | P119: 02.TSM連携ファイル仕様_商品マスタ.xlsx | AG119: ● | AJ119: ●
F120: 3 | H120: 企画マスタ | P120: 03.TSM連携ファイル仕様_企画マスタ.xlsx | AG120: ● | AJ120: ●
F121: 4 | H121: 特売マスタ | P121: 04.TSM連携ファイル仕様_特売マスタ.xlsx | AG121: ● | AJ121: ●
F122: 5 | H122: 組合せマスタ | P122: 05.TSM連携ファイル仕様_組合せマスタ.xlsx | AG122: ● | AJ122: ●
F123: 6 | H123: 商品階層自動値引きマスタ | P123: 06.TSM連携ファイル仕様_商品階層自動値引きマスタ.xlsx | AG123: ● | AJ123: ●
F124: 7 | H124: さんにち割データ | P124: 07.TSM連携ファイル仕様_さんにち割.xlsx | AG124: ● | AJ124: -
F125: 8 | H125: 営業日マスタ | P125: 08.TSM連携ファイル仕様_営業日マスタ.xlsx | AG125: ● | AJ125: -
F126: 9 | H126: 担当者マスタ | P126: 09.TSM連携ファイル仕様_担当者マスタ.xlsx | AG126: ● | AJ126: ●
F127: 10 | H127: 入出金マスタ | P127: 10.TSM連携ファイル仕様_入出金マスタ.xlsx | AG127: ● | AJ127: -
F128: 11 | H128: 現外設定マスタ | P128: 11.TSM連携ファイル仕様_現外設定マスタ.xlsx | AG128: ● | AJ128: -
F129: 12 | H129: 緊急登録マスタ | P129: 12.TSM連携ファイル仕様_緊急登録マスタ.xlsx | AG129: ● | AJ129: ●
F130: 13 | H130: 商品券バーコードマスタ | P130: 13.TSM連携ファイル仕様_商品券バーコードマスタ.xlsx | AG130: ● | AJ130: -
C134: TeamStore/M POSシステム | P134: システム名 | V134: 業務名 | AC134: =$AC$2 -> ２．連携ファイル仕様（全件一括） | BD134: 履歴 | BF134: 改訂者 | BI134: 最新更新日 | BM134: 作成者 | BP134: 作成日
C135: UI設計書 | P135: マスタ連携対応 | V135: 方式設計 | BD135: =$BD$3 -> 1.6 | BF135: =$BF$3 -> 富士通 | BI135: =$BI$3 -> 45672 | BM135: =$BM$3 -> 富士通 | BP135: =$BP$3 -> 45427
E139: 2-6. ファイル作成仕様
F140: ignica変換サーバに送信する全件一括データファイルの作成仕様を以下に記す。
F142: No. | H142: ファイル名 | R142: 抽出条件 | AE142: 作成タイミング | AN142: 備考
F143: 1 | H143: 商品階層マスタ(全件) | R143: 全件 | AE143: 開店処理
F144: 2 | H144: 商品マスタ(全件) | R144: 全件 | AE144: 開店処理
F145: 3 | H145: 企画マスタ(全件) | R145: 全件 ※過去分除く | AE145: 開店処理
F146: 4 | H146: 特売マスタ(全件) | R146: 全件 ※過去分除く | AE146: 開店処理
F147: 5 | H147: 組合せマスタ(全件) | R147: 全件 ※過去分除く | AE147: 開店処理
F148: 6 | H148: 商品階層自動値引きマスタ(全件) | R148: 全件 ※過去分除く | AE148: 開店処理
F149: 7 | H149: さんにち割データ(全件) | R149: 全件 ※登録されている全件 過去日も含む | AE149: 開店処理 | AN149: POSサーバの設定元ファイルを変名する
F150: 8 | H150: 営業日マスタ(全件) | R150: 全件 ※登録されている全件 過去日も含む | AE150: 開店処理
F151: 9 | H151: 担当者マスタ(全件) | R151: 全件 | AE151: 開店処理
...

Sheet 3.連携ファイル仕様 差分
BU1: 1
C2: TeamStore/M POSシステム | P2: システム名 | V2: 業務名 | AC2: ３．連携ファイル仕様（差分） | BD2: 履歴 | BF2: 改訂者 | BI2: 最新更新日 | BM2: 作成者 | BP2: 作成日 | BU2: =OFFSET(BU2,-1,0,1,1)+1 -> 2
C3: UI設計書 | P3: マスタ連携対応 | V3: 方式設計 | BD3: =改版履歴!$AO$3 -> 1.6 | BF3: 富士通 | BI3: =改版履歴!$AT$3 -> 45672 | BM3: 富士通 | BP3: =改版履歴!$BA$3 -> 45427 | BU3: =OFFSET(BU3,-1,0,1,1)+1 -> 3
BU4: =OFFSET(BU4,-1,0,1,1)+1 -> 4
BU5: =OFFSET(BU5,-1,0,1,1)+1 -> 5
D6: ３．連携ファイル仕様（差分データファイル連携） | BU6: =OFFSET(BU6,-1,0,1,1)+1 -> 6
BU7: =OFFSET(BU7,-1,0,1,1)+1 -> 7
E8: 差分データファイルの連携仕様について、以下に記す。 | BU8: =OFFSET(BU8,-1,0,1,1)+1 -> 8
BU9: =OFFSET(BU9,-1,0,1,1)+1 -> 9
E10: 3-1. 処理イメージ | BU10: =OFFSET(BU10,-1,0,1,1)+1 -> 10
BU11: =OFFSET(BU11,-1,0,1,1)+1 -> 11
F12: ※既存のマスタ更新機能の処理時間の増加を最小限にするため、常駐プログラムでの監視による非同期処理で差分データファイルの作成/送信を行う方式とする。また、SFTP連携実現には別途FNETSにてネットワーク環境構築作業が必要。 | BU12: =OFFSET(BU12,-1,0,1,1)+1 -> 12
BU13: =OFFSET(BU13,-1,0,1,1)+1 -> 13
BU14: =OFFSET(BU14,-1,0,1,1)+1 -> 14
BU15: =OFFSET(BU15,-1,0,1,1)+1 -> 15
BU16: =OFFSET(BU16,-1,0,1,1)+1 -> 16
BU17: =OFFSET(BU17,-1,0,1,1)+1 -> 17
BU18: =OFFSET(BU18,-1,0,1,1)+1 -> 18
BU19: =OFFSET(BU19,-1,0,1,1)+1 -> 19
BU20: =OFFSET(BU20,-1,0,1,1)+1 -> 20
BU21: =OFFSET(BU21,-1,0,1,1)+1 -> 21
BU22: =OFFSET(BU22,-1,0,1,1)+1 -> 22
BU23: =OFFSET(BU23,-1,0,1,1)+1 -> 23
BU24: =OFFSET(BU24,-1,0,1,1)+1 -> 24
... BU79: =OFFSET(BU79,-1,0,1,1)+1 -> 79
BU80: 1
C81: TeamStore/M POSシステム | P81: システム名 | V81: 業務名 | AC81: =$AC$2 -> ３．連携ファイル仕様（差分） | BD81: 履歴 | BF81: 改訂者 | BI81: 最新更新日 | BM81: 作成者 | BP81: 作成日 | BU81: =OFFSET(BU81,-1,0,1,1)+1 -> 2
C82: UI設計書 | P82: マスタ連携対応 | V82: 方式設計 | BD82: =$BD$3 -> 1.6 | BF82: =$BF$3 -> 富士通 | BI82: =$BI$3 -> 45672 | BM82: =$BM$3 -> 富士通 | BP82: =$BP$3 -> 45427 | BU82: =OFFSET(BU82,-1,0,1,1)+1 -> 3
BU83: =OFFSET(BU83,-1,0,1,1)+1 -> 4
BU84: =OFFSET(BU84,-1,0,1,1)+1 -> 5
BU85: =OFFSET(BU85,-1,0,1,1)+1 -> 6
E86: 3-2. SFTP通信仕様 | BU86: =OFFSET(BU86,-1,0,1,1)+1 -> 7
BU87: =OFFSET(BU87,-1,0,1,1)+1 -> 8
F88: 【WinSCP設定値】 | AM88: 【接続先情報 ignica変換サーバ側情報】 | BU88: =OFFSET(BU88,-1,0,1,1)+1 -> 9
F89: No. | H89: 項目名 | N89: 設定値 | Y89: 備考 | AM89: No. | AO89: 項目名 | AU89: 情報 | BF89: 備考 | BU89: =OFFSET(BU89,-1,0,1,1)+1 -> 10
F90: 1 | H90: ホスト名 | AM90: 1 | AO90: 接続ディレクトリ | BF90: 送信ファイル格納フォルダ | BU90: =OFFSET(BU90,-1,0,1,1)+1 -> 11
F91: 2 | H91: ポート番号 | N91: 22 | Y91: 共通 | BU91: =OFFSET(BU91,-1,0,1,1)+1 -> 12
F92: 3 | H92: ユーザ名 | Y92: POSサーバ(店舗)毎のユーザ名 | BU92: =OFFSET(BU92,-1,0,1,1)+1 -> 13
F93: 4 | H93: パスワード | N93: （なし） | BU93: =OFFSET(BU93,-1,0,1,1)+1 -> 14
F94: 5 | H94: 秘密鍵 | N94: 登録した公開鍵に対応する秘密鍵 | BU94: =OFFSET(BU94,-1,0,1,1)+1 -> 15
F95: 6 | H95: プロトコル | N95: SFTP | BU95: =OFFSET(BU95,-1,0,1,1)+1 -> 16
BU96: =OFFSET(BU96,-1,0,1,1)+1 -> 17
F97: ※SFTP通信情報は、iniファイルに設定する。(iniファイルの修正により変更できるようにする。) | BU97: =OFFSET(BU97,-1,0,1,1)+1 -> 18
BU98: =OFFSET(BU98,-1,0,1,1)+1 -> 19
BU99: =OFFSET(BU99,-1,0,1,1)+1 -> 20
E100: 3-3. 送信ファイル一覧 | BU100: =OFFSET(BU100,-1,0,1,1)+1 -> 21
BU101: =OFFSET(BU101,-1,0,1,1)+1 -> 22
F102: No. | H102: 名称 | P102: ファイルID | AG102: 連携方法 | AJ102: 制御 | AM102: 追記/上書 | AP102: リトライ | AS102: 説明 | BU102: =OFFSET(BU102,-1,0,1,1)+1 -> 23
A103: *0.3*0.4 | F103: 1 | H103: 差分データファイル | P103: [店舗コード 3桁]＋"_IG_MNTMST_" | AG103: SFTP | AJ103: 自局 | AM103: 上書き | AP103: 次回送信時 | AS103: POSサーバでマスタの更新があった時に、マスタデータ(差分)を出力する。 | BU103: =OFFSET(BU103,-1,0,1,1)+1 -> 24
P104: +[作成日時 yyyymmddhhmmss]+".zip" | AQ104: (注1) | AS104: POSサーバの営業中、マスタに更新があった場合に随時送信される。 | BU104: =OFFSET(BU104,-1,0,1,1)+1 -> 25
A105: *0.3 | P105: 【例】 001_IG_MNTMST_20240710053122.zip | AS105: ※マスタデータ(差分)の出力は、マスタ更新後から監視間隔分のタイムラグが発生する。 | BU105: =OFFSET(BU105,-1,0,1,1)+1 -> 26
A106: *0.3 | P106: (店舗番号：1） | AT106: [タイムラグ最大時間(各監視間隔が初期値の場合)] | BU106: =OFFSET(BU106,-1,0,1,1)+1 -> 27
AT107: 約120秒(=マスタ更新履歴監視間隔 最大約60秒＋SFTP送信監視間隔 最大約60秒) | BU107: =OFFSET(BU107,-1,0,1,1)+1 -> 28
A108: *0.2*0.3*0.4 | F108: 2 | H108: 差分データENDファイル | P108: [店舗コード 3桁]＋"_IG_MNTMST_" | AG108: SFTP | AJ108: 自局 | AM108: 上書き | AP108: 次回送信時 | AS108: 対応するデータファイルのサイズと圧縮前の各ファイルの件数をテキスト CSV形式で設定する。 | BU108: =OFFSET(BU108,-1,0,1,1)+1 -> 29
A109: *0.2 | P109: +[作成日時 yyyymmddhhmmss]+".zip.END" | AQ109: (注1) | AS109: 【例】 | AU109: IG_MNTMST,159580 | BU109: =OFFSET(BU109,-1,0,1,1)+1 -> 30
A110: *0.2*0.3 | P110: 【例】 001_IG_MNTMST_20240710053122.zip.END | AU110: ※ファイルIDは店舗コード、作成日時、拡張子なし。先頭行はzipファイルのサイズを設定。 | BU110: =OFFSET(BU110,-1,0,1,1)+1 -> 31
A111: *0.2*0.3 | P111: (店舗番号：1） | AU111: IG_MNT_PLUM,100 ※ファイルIDは作成日時、拡張子なし。各マスタのデータ件数を設定。 | BU111: =OFFSET(BU111,-1,0,1,1)+1 -> 32
A112: *0.2 | BA112: 更新があり差分データのzipファイルに含まれるマスタ分のみ設定。 | BU112: =OFFSET(BU112,-1,0,1,1)+1 -> 33
AS113: 差分データファイル送信完了後に続けてENDファイルを送信する。 | BU113: =OFFSET(BU113,-1,0,1,1)+1 -> 34
AS114: 送信先フォルダにENDファイルがあった場合、同じファイル名(拡張子を除く)の送信が完了していると判断する。 | BU114: =OFFSET(BU114,-1,0,1,1)+1 -> 35
A115: *1.3 | AS115: ENDファイルの最終行改行は「有」とする。 | BU115: =OFFSET(BU115,-1,0,1,1)+1 -> 36
AP116: (注1)1回のSFTP送信内ではリトライしないが、次回フォルダ監視時(初期値60秒後)に再度送信を行う動作となる。 | BU116: =OFFSET(BU116,-1,0,1,1)+1 -> 37
F117: ※ignica変換サーバ側の取込み処理について | BU117: =OFFSET(BU117,-1,0,1,1)+1 -> 38
G118: ・ zipファイル名の作成日時の昇順に取込みを行う。(古い作成日時の差分データを後から取り込むとデータの若返りが発生する可能性あり。) | BU118: =OFFSET(BU118,-1,0,1,1)+1 -> 39
G119: ・ 全件一括データを取り込んだ後は、その全件一括データの作成日時より前の作成日時の差分データがあった場合は取り込まずに破棄する。(古い作成日時の差分データを後から取り込むとデータの若返りが発生する可能性あり。) | BU119: =OFFSET(BU119,-1,0,1,1)+1 -> 40
A120: *0.2 | G120: ・ 受信したデータ zipファイルのサイズがENDファイルに設定されたサイズと異なる場合は、データ zipファイルの受信異常が発生したと判断する。 | BU120: =OFFSET(BU120,-1,0,1,1)+1 -> 41
A121: *0.2 | G121: ・ zipファイルを解凍後、zipファイルに含まれていた各差分データファイルのレコード数が、ENDファイルに設定された各差分データファイルの件数と異なる場合は、zipファイルの受信異常もしくはzipファイルの解凍異常が発生したと判断する。 | BU121: =OFFSET(BU121,-1,0,1,1)+1 -> 42
A122: *0.2 | G122: ・ ignicaPOS側で取り込んだ各差分データファイルの件数が、ENDファイルに設定された各差分データファイルの件数と異なる場合は、差分データファイルの取り込み異常が発生したと判断する。 | BU122: =OFFSET(BU122,-1,0,1,1)+1 -> 43
G123: ・ 取込済のファイル(zip,END)はフォルダから削除する。 | BU123: =OFFSET(BU123,-1,0,1,1)+1 -> 44
BU124: =OFFSET(BU124,-1,0,1,1)+1 -> 45
E125: 3-4. ファイル詳細 | BU125: =OFFSET(BU125,-1,0,1,1)+1 -> 46
F126: ignica変換サーバに送信する差分データファイルをzip形式に圧縮したファイル | BU126: =OFFSET(BU126,-1,0,1,1)+1 -> 47
BU127: =OFFSET(BU127,-1,0,1,1)+1 -> 48
F128: [zipファイルに含まれるファイル] | BU128: =OFFSET(BU128,-1,0,1,1)+1 -> 49
F129: No. | H129: ファイルID | Z129: ファイル名 | AJ129: ファイル 形式 | AM129: 文字コード | AP129: 改行コード | AS129: タイトル行出力 | AV129: 最終行改行有無 | AY129: 文字列の引用符 | BB129: 備考 | BU129: =OFFSET(BU129,-1,0,1,1)+1 -> 50
BU130: =OFFSET(BU130,-1,0,1,1)+1 -> 51
F131: 1 | H131: IG_MNT_PLUM_yyyymmddhhmmss.CSV | Z131: 商品マスタ(差分) | AJ131: CSV | AM131: Shift_JIS | AP131: CRLF | AT131: 無 | AW131: 有 | AZ131: 無 | BU131: =OFFSET(BU131,-1,0,1,1)+1 -> 52
F132: 2 | H132: IG_MNT_EVENTM_yyyymmddhhmmss.CSV | Z132: 企画マスタ(差分) | AJ132: CSV | AM132: Shift_JIS | AP132: CRLF | AT132: 無 | AW132: 有 | AZ132: 無 | BU132: =OFFSET(BU132,-1,0,1,1)+1 -> 53
F133: 3 | H133: IG_MNT_DISCOUNTM_yyyymmddhhmmss.CSV | Z133: 特売マスタ(差分) | AJ133: CSV | AM133: Shift_JIS | AP133: CRLF | AT133: 無 | AW133: 有 | AZ133: 無 | BU133: =OFFSET(BU133,-1,0,1,1)+1 -> 54
F134: 4 | H134: IG_MNT_BUNDLEM_yyyymmddhhmmss.CSV | Z134: 組合せマスタ(差分) | AJ134: CSV | AM134: Shift_JIS | AP134: CRLF | AT134: 無 | AW134: 有 | AZ134: 無 | BU134: =OFFSET(BU134,-1,0,1,1)+1 -> 55
F135: 5 | H135: IG_MNT_AUTODISC_yyyymmddhhmmss.CSV | Z135: 商品階層自動値引きマスタ(差分) | AJ135: CSV | AM135: Shift_JIS | AP135: CRLF | AT135: 無 | AW135: 有 | AZ135: 無 | BU135: =OFFSET(BU135,-1,0,1,1)+1 -> 56
F136: 6 | H136: IG_MNT_EMPLOYEE_yyyymmddhhmmss.CSV | Z136: 担当者マスタ(差分) | AJ136: CSV | AM136: Shift_JIS | AP136: CRLF | AT136: 無 | AW136: 有 | AZ136: 無 | BB136: POSサーバのマスタと同じコードの設定が必要、セキュリティ権限設定 | BU136: =OFFSET(BU136,-1,0,1,1)+1 -> 57
F137: 7 | H137: IG_MNT_PLU_NOT_FOUND_yyyymmddhhmmss.CSV | Z137: 緊急登録マスタ(差分) | AJ137: CSV | AM137: Shift_JIS | AP137: CRLF | AT137: 無 | AW137: 有 | AZ137: 無 | BU137: =OFFSET(BU137,-1,0,1,1)+1 -> 58
BU138: =OFFSET(BU138,-1,0,1,1)+1 -> 59
F139: ※zipファイルには、更新されたマスタのファイルのみが含まれる。(更新が無いマスタのファイルは含まれない。) | BU139: =OFFSET(BU139,-1,0,1,1)+1 -> 60
BU140: =OFFSET(BU140,-1,0,1,1)+1 -> 61
BU141: =OFFSET(BU141,-1,0,1,1)+1 -> 62
BU142: =OFFSET(BU142,-1,0,1,1)+1 -> 63
BU143: =OFFSET(BU143,-1,0,1,1)+1 -> 64
BU144: 1
C145: TeamStore/M POSシステム | P145: システム名 | V145: 業務名 | AC145: =$AC$2 -> ３．連携ファイル仕様（差分） | BD145: 履歴 | BF145: 改訂者 | BI145: 最新更新日 | BM145: 作成者 | BP145: 作成日 | BU145: =OFFSET(BU145,-1,0,1,1)+1 -> 2
C146: UI設計書 | P146: マスタ連携対応 | V146: 方式設計 | BD146: =$BD$3 -> 1.6 | BF146: =$BF$3 -> 富士通 | BI146: =$BI$3 -> 45672 | BM146: =$BM$3 -> 富士通 | BP146: =$BP$3 -> 45427 | BU146: =OFFSET(BU146,-1,0,1,1)+1 -> 3
BU147: =OFFSET(BU147,-1,0,1,1)+1 -> 4
BU148: =OFFSET(BU148,-1,0,1,1)+1 -> 5
BU149: =OFFSET(BU149,-1,0,1,1)+1 -> 6
E150: 3-5. ファイル作成仕様 | BU150: =OFFSET(BU150,-1,0,1,1)+1 -> 7
F151: ignica変換サーバに送信する差分データファイルの作成仕様を以下に記す。 | BU151: =OFFSET(BU151,-1,0,1,1)+1 -> 8
BU152: =OFFSET(BU152,-1,0,1,1)+1 -> 9
E153: No. | G153: ファイル名 | P153: 抽出条件 | X153: マスタ更新履歴作成タイミング | AJ153: マスタデータ(差分)CSVファイル作成タイミング | AU153: zip/ENDファイル作成タイミング | BU153: =OFFSET(BU153,-1,0,1,1)+1 -> 10
E154: 1 | G154: 商品マスタ(差分) | P154: 新規追加データ | X154: POSサーバ営業中の商品マスタ更新時 | AJ154: 商品マスタ更新と非同期 | AU154: 商品マスタ更新と非同期 | BU154: =OFFSET(BU154,-1,0,1,1)+1 -> 11
...

Sheet 4.開閉店処理組込
BU1: 1
C2: TeamStore/M POSシステム | P2: システム名 | V2: 業務名 | AC2: ４．開閉店処理組み込み | BD2: 履歴 | BF2: 改訂者 | BI2: 最新更新日 | BM2: 作成者 | BP2: 作成日 | BU2: =OFFSET(BU2,-1,0,1,1)+1 -> 2
C3: UI設計書 | P3: マスタ連携対応 | V3: 方式設計 | BD3: =改版履歴!$AO$3 -> 1.6 | BF3: 富士通 | BI3: =改版履歴!$AT$3 -> 45672 | BM3: 富士通 | BP3: =改版履歴!$BA$3 -> 45427 | BU3: =OFFSET(BU3,-1,0,1,1)+1 -> 3
BU4: =OFFSET(BU4,-1,0,1,1)+1 -> 4
BU5: =OFFSET(BU5,-1,0,1,1)+1 -> 5
A6: *1.1 | D6: 4．開閉店処理組み込み | BU6: =OFFSET(BU6,-1,0,1,1)+1 -> 6
BU7: =OFFSET(BU7,-1,0,1,1)+1 -> 7
A8: *1.1 | E8: 4-1. 対応概要 | BU8: =OFFSET(BU8,-1,0,1,1)+1 -> 8
F9: ・ | G9: TS/M側POSサーバの開店処理に全件一括データファイルの作成処理、データ送信処理を組み込む。（連携時間は、朝5時から6時を想定） | BU9: =OFFSET(BU9,-1,0,1,1)+1 -> 9
F10: ・ | G10: TS/M側POSサーバの開店処理にて、バックアップを行う。連携ファイルおよび差分データのマスタ更新履歴は当日分を除いて6世代まで、ログファイルは当日分を除いて10世代まで管理する。 | BU10: =OFFSET(BU10,-1,0,1,1)+1 -> 10
F11: ・ | G11: TS/M側POSサーバの開店処理にて、差分データ連携用常駐プログラムの起動を行う。 | BU11: =OFFSET(BU11,-1,0,1,1)+1 -> 11
BU12: =OFFSET(BU12,-1,0,1,1)+1 -> 12
A13: *1.1 | E13: 4-2. 処理フロー（開店処理：処理抜粋） | BU13: =OFFSET(BU13,-1,0,1,1)+1 -> 13
BU14: =OFFSET(BU14,-1,0,1,1)+1 -> 14
F15: 連携データ・ログファイルのバックアップ処理と全件一括データ作成・送信の組み込み箇所は、以下とする。 | BU15: =OFFSET(BU15,-1,0,1,1)+1 -> 15
BU16: =OFFSET(BU16,-1,0,1,1)+1 -> 16
O17: ※主な処理を抜粋して記載 | BU17: =OFFSET(BU17,-1,0,1,1)+1 -> 17
BU18: =OFFSET(BU18,-1,0,1,1)+1 -> 18
Q19: *1 イニシャル／リスタートに関係なく必ず実行する | BU19: =OFFSET(BU19,-1,0,1,1)+1 -> 19
Q20: *2 イニシャルスタート時のみ実行する | BU20: =OFFSET(BU20,-1,0,1,1)+1 -> 20
BU21: =OFFSET(BU21,-1,0,1,1)+1 -> 21
BU22: =OFFSET(BU22,-1,0,1,1)+1 -> 22
BU23: =OFFSET(BU23,-1,0,1,1)+1 -> 23
BU24: =OFFSET(BU24,-1,0,1,1)+1 -> 24
BU25: =OFFSET(BU25,-1,0,1,1)+1 -> 25
BU26: =OFFSET(BU26,-1,0,1,1)+1 -> 26
BU27: =OFFSET(BU27,-1,0,1,1)+1 -> 27
BU28: =OFFSET(BU28,-1,0,1,1)+1 -> 28
BU29: =OFFSET(BU29,-1,0,1,1)+1 -> 29
BU30: =OFFSET(BU30,-1,0,1,1)+1 -> 30
A31: *1.4 | BU31: =OFFSET(BU31,-1,0,1,1)+1 -> 31
BU32: =OFFSET(BU32,-1,0,1,1)+1 -> 32
BU33: =OFFSET(BU33,-1,0,1,1)+1 -> 33
BU34: =OFFSET(BU34,-1,0,1,1)+1 -> 34
BU35: =OFFSET(BU35,-1,0,1,1)+1 -> 35
BU36: =OFFSET(BU36,-1,0,1,1)+1 -> 36
BU37: =OFFSET(BU37,-1,0,1,1)+1 -> 37
BU38: =OFFSET(BU38,-1,0,1,1)+1 -> 38
BU39: =OFFSET(BU39,-1,0,1,1)+1 -> 39
BU40: =OFFSET(BU40,-1,0,1,1)+1 -> 40
BU41: =OFFSET(BU41,-1,0,1,1)+1 -> 41
A42: *1.4 | BU42: =OFFSET(BU42,-1,0,1,1)+1 -> 42
BU43: =OFFSET(BU43,-1,0,1,1)+1 -> 43
BU44: =OFFSET(BU44,-1,0,1,1)+1 -> 44
BU45: =OFFSET(BU45,-1,0,1,1)+1 -> 45
BU46: =OFFSET(BU46,-1,0,1,1)+1 -> 46
BU47: =OFFSET(BU47,-1,0,1,1)+1 -> 47
BU48: =OFFSET(BU48,-1,0,1,1)+1 -> 48
BU49: =OFFSET(BU49,-1,0,1,1)+1 -> 49
BU50: =OFFSET(BU50,-1,0,1,1)+1 -> 50
BU51: =OFFSET(BU51,-1,0,1,1)+1 -> 51
BU52: =OFFSET(BU52,-1,0,1,1)+1 -> 52
BU53: =OFFSET(BU53,-1,0,1,1)+1 -> 53
BU54: =OFFSET(BU54,-1,0,1,1)+1 -> 54
... BU64: =OFFSET(BU64,-1,0,1,1)+1 -> 64
BU65: 1
C66: TeamStore/M POSシステム | P66: システム名 | V66: 業務名 | AC66: =$AC$2 -> ４．開閉店処理組み込み | BD66: 履歴 | BF66: 改訂者 | BI66: 最新更新日 | BM66: 作成者 | BP66: 作成日 | BU66: =OFFSET(BU66,-1,0,1,1)+1 -> 2
C67: UI設計書 | P67: マスタ連携対応 | V67: 方式設計 | BD67: =$BD$3 -> 1.6 | BF67: =$BF$3 -> 富士通 | BI67: =$BI$3 -> 45672 | BM67: =$BM$3 -> 富士通 | BP67: =$BP$3 -> 45427 | BU67: =OFFSET(BU67,-1,0,1,1)+1 -> 3
BU68: =OFFSET(BU68,-1,0,1,1)+1 -> 4
BU69: =OFFSET(BU69,-1,0,1,1)+1 -> 5
BU70: =OFFSET(BU70,-1,0,1,1)+1 -> 6
BU71: =OFFSET(BU71,-1,0,1,1)+1 -> 7
A72: *1.1 | E72: 4-3. 処理フロー（閉店処理：処理抜粋） | BU72: =OFFSET(BU72,-1,0,1,1)+1 -> 8
BU73: =OFFSET(BU73,-1,0,1,1)+1 -> 9
F74: ・ | G74: TS/M側POSサーバの閉店処理にて、差分データ連携用常駐プログラムを終了する。 | BU74: =OFFSET(BU74,-1,0,1,1)+1 -> 10
BU75: =OFFSET(BU75,-1,0,1,1)+1 -> 11
BU76: =OFFSET(BU76,-1,0,1,1)+1 -> 12
BU77: =OFFSET(BU77,-1,0,1,1)+1 -> 13
BU78: =OFFSET(BU78,-1,0,1,1)+1 -> 14
BU79: =OFFSET(BU79,-1,0,1,1)+1 -> 15
BU80: =OFFSET(BU80,-1,0,1,1)+1 -> 16
BU81: =OFFSET(BU81,-1,0,1,1)+1 -> 17
BU82: =OFFSET(BU82,-1,0,1,1)+1 -> 18
BU83: =OFFSET(BU83,-1,0,1,1)+1 -> 19
BU84: =OFFSET(BU84,-1,0,1,1)+1 -> 20
BU85: =OFFSET(BU85,-1,0,1,1)+1 -> 21
BU86: =OFFSET(BU86,-1,0,1,1)+1 -> 22
... BU128: =OFFSET(BU128,-1,0,1,1)+1 -> 64
BU129: 1
C130: TeamStore/M POSシステム | P130: システム名 | V130: 業務名 | AC130: =$AC$2 -> ４．開閉店処理組み込み | BD130: 履歴 | BF130: 改訂者 | BI130: 最新更新日 | BM130: 作成者 | BP130: 作成日 | BU130: =OFFSET(BU130,-1,0,1,1)+1 -> 2
C131: UI設計書 | P131: マスタ連携対応 | V131: 方式設計 | BD131: =$BD$3 -> 1.6 | BF131: =$BF$3 -> 富士通 | BI131: =$BI$3 -> 45672 | BM131: =$BM$3 -> 富士通 | BP131: =$BP$3 -> 45427 | BU131: =OFFSET(BU131,-1,0,1,1)+1 -> 3
BU132: =OFFSET(BU132,-1,0,1,1)+1 -> 4
BU133: =OFFSET(BU133,-1,0,1,1)+1 -> 5
BU134: =OFFSET(BU134,-1,0,1,1)+1 -> 6
A135: *1.1 | E135: 4-4. バックアップ処理概要 | BU135: =OFFSET(BU135,-1,0,1,1)+1 -> 7
BU136: =OFFSET(BU136,-1,0,1,1)+1 -> 8
F137: TS/M側POSサーバの開店処理にて、バックアップを行う。連携ファイルおよび差分データのマスタ更新履歴は当日分を除いて6世代まで、ログファイルは当日分を除いて10世代まで管理する。 | BU137: =OFFSET(BU137,-1,0,1,1)+1 -> 9
BU138: =OFFSET(BU138,-1,0,1,1)+1 -> 10
F139: 【ignica連携データファイル フォルダ構成】 | AU139: 【データファイルバックアップ 世代シフト処理イメージ】 | BU139: =OFFSET(BU139,-1,0,1,1)+1 -> 11
A140: *1.1 | AV140: ① 6日前バックアップフォルダ内のファイルを削除 | BU140: =OFFSET(BU140,-1,0,1,1)+1 -> 12
A141: *1.1 | H141: E:\CTKY | AV141: ② 5日前バックアップフォルダ内のファイルを6日前バックアップフォルダに移動 | BU141: =OFFSET(BU141,-1,0,1,1)+1 -> 13
A142: *1.1 | I142: +- DATA | AV142: ③ 4日前バックアップフォルダ内のファイルを5日前バックアップフォルダに移動 | BU142: =OFFSET(BU142,-1,0,1,1)+1 -> 14
A143: *1.1 | I143: ｜ | J143: +- BACKUP | AV143: ④ 3日前バックアップフォルダ内のファイルを4日前バックアップフォルダに移動 | BU143: =OFFSET(BU143,-1,0,1,1)+1 -> 15
A144: *1.1 | I144: ｜ | K144: +- IG_ALL_SEND | AJ144: ※全店一括送信 | AV144: ⑤ 2日前バックアップフォルダ内のファイルを3日前バックアップフォルダに移動 | BU144: =OFFSET(BU144,-1,0,1,1)+1 -> 16
A145: *0.4*1.1 | I145: ｜ | K145: ｜ | M145: +- Today | R145: ・・・・・ | T145: [店番3桁]_IG_ALLMST_yyyymmddhhmmss.zip | AJ145: ※当日バックアップフォルダ | AV145: ⑥ 1日前バックアップフォルダ内のファイルを2日前バックアップフォルダに移動 | BU145: =OFFSET(BU145,-1,0,1,1)+1 -> 17
A146: *0.4*1.1 | I146: ｜ | K146: ｜ | M146: ｜ | T146: [店番3桁]_IG_ALLMST_yyyymmddhhmmss.zip.END | AV146: ⑦ 当日バックアップフォルダ内のファイルを1日前バックアップフォルダに移動 | BU146: =OFFSET(BU146,-1,0,1,1)+1 -> 18
A147: *1.1 | I147: ｜ | K147: ｜ | M147: ｜ | AJ147: ＜6世代まで管理＞ | AV147: ⑧ 当日バックアップフォルダを作成 | BU147: =OFFSET(BU147,-1,0,1,1)+1 -> 19
I148: ｜ | K148: ｜ | M148: +- 1_DayBefore | AJ148: ※1日前バックアップフォルダ | BU148: =OFFSET(BU148,-1,0,1,1)+1 -> 20
I149: ｜ | K149: ｜ | M149: +- 2_DayBefore | AJ149: ※2日前バックアップフォルダ | BU149: =OFFSET(BU149,-1,0,1,1)+1 -> 21
I150: ｜ | K150: ｜ | M150: +- 3_DayBefore | AJ150: ※3日前バックアップフォルダ | BU150: =OFFSET(BU150,-1,0,1,1)+1 -> 22
...

Sheet 5.個別定義情報
C2: TeamStore/M POSシステム | P2: システム名 | V2: 業務名 | AC2: ５．個別定義情報 | BD2: 履歴 | BF2: 改訂者 | BI2: 最新更新日 | BM2: 作成者 | BP2: 作成日
C3: UI設計書 | P3: マスタ連携対応 | V3: 方式設計 | BD3: =改版履歴!$AO$3 -> 1.6 | BF3: 富士通 | BI3: =改版履歴!$AT$3 -> 45672 | BM3: 富士通 | BP3: =改版履歴!$BA$3 -> 45427
D6: ５．個別定義情報
E8: マスタ連携対象以外のTS/M側のPOSとignicaPOSで合わせる必要があると想定される主なマスタ情報、定義情報を以下に記す。
E9: これらの情報は、必要に応じて、ignica側で個別に定義する。
E10: 価格コントロールについては、「価格マトリクス」を参照のこと。収益認識基準対応については、「収益認識基準対応プロジェクト UI1-B ユーザインタフェース仕様書(POS)」を参照のこと。
E11: TS/M側のシステム設定を変更しても、富士通POSとignicaPOSとの同期は行いません。同期対応が必要な場合は、USMH様、いなげや様にてignicaPOSでの対応調整をお願いいたします。（例. コマーシャルメッセージなど）
E12: 将来、TS/M側のバージョンアップ対応が発生し、ignicaPOS連携に影響があり、適用日程の調整が必要な場合は、USMH様、いなげや様にてignicaPOSでの対応調整をお願いいたします。（例. 取引ログのレイアウト変更など）
E15: 5-1. 基本情報
F17: No. | H17: 分類 | M17: 情報 | V17: 発信元 | AA17: 連携タイミング | AL17: 設定値 | AV17: 備考
F18: 1 | H18: 店舗情報 | M18: 店番 | V18: いなげや様 | AA18: 新店導入、既存店展開 | AL18: 店個別 | AP18: -
M19: 店名 | V19: いなげや様 | AA19: 新店導入、既存店展開 | AL19: 店個別 | AP19: -
F20: 2 | H20: POS情報 | M20: POS番号(ignicaPOS) | V20: いなげや様 | AA20: UI工程にて決定 | AL20: 全店共通 | AP20: xxx～xxx | AV20: 基本定義としてPOS番号の範囲を事前に決めておく。実際に導入するPOSは店舗ごとに決定する。
M21: POS番号(スマホ) | V21: いなげや様 | AA21: UI工程にて決定 | AL21: 全店共通 | AP21: xxx | AV21: Scan&Go(スマホ)のPOS番号は1つ。
M22: POS名称 | V22: いなげや様 | AA22: UI工程にて決定 | AL22: 全店共通 | AP22: - | AV22: ※詳細は、「コンピュータ名・IPアドレス規約」にて定義する。
E25: 5-2. 付加情報（画像、音声など）
F27: No. | H27: 分類 | M27: 情報 | V27: 連携タイミング | AP27: 設定値 | AZ27: 備考
A28: *0.2 | V28: イニシャル | AC28: ランニング *変更発生時
A29: *0.2 | F29: 1 | H29: レシート印字 | M29: レシートヘッダ印字(bmpファイル) | V29: 富士通よりVTI様へ連携 | AC29: データ作成:いなげや様 | AP29: 店個別 | AT29: - | AZ29: 業態変更に伴い入替が発生する場合がある
A30: *0.2 | M30: レシートフッダ印字(bmpファイル) | AC30: データ連携:いなげや様より各社へ | AP30: 店個別 | AT30: - | AZ30: キャンペーン実施の店舗、期間により入替が発生する
A31: *0.2 | AC31: 展開:いなげや様より各社に保守依頼発行
A32: *0.2 | F32: 2 | H32: 画像ファイル | M32: ヘルプ画像 | V32: 富士通よりVTI様へ連携 | AC32: データ作成:富士通 | AP32: 全店共通 | AT32: -
A33: *0.2 | AC33: データ連携: いなげや様了承のもと富士通よりVTI様へ
A34: *0.2 | AC34: 展開:いなげや様より各社に保守依頼発行
A35: *0.2 | M35: 電子多項目画像 | V35: 富士通よりVTI様へ連携 | AC35: データ作成:いなげや様 | AP35: 全店共通 | AT35: - | AZ35: 画像は全店共通、配置は店舗別POSグループ単位
A36: *0.2 | AC36: データ連携:なし
A37: *0.2 | AC37: 展開:いなげや様にて設定
A38: *0.2 | F38: 3 | H38: 音声ファイル | M38: ピヨピヨ | V38: 富士通よりVTI様へ連携 | AC38: データ作成:いなげや様 or 富士通 | AP38: 全店共通 | AT38: - | AZ38: いなげやing･fanカード/Vカード利用時の音声鳴動「ピヨピヨ」
A39: *0.2 | M39: ゴパー | AC39: データ連携:いなげや様より各社へ | AP39: 全店共通 | AT39: - | AZ39: いなげやing･fanカード/Vカード利用時の音声鳴動、さんにち割引時の「ゴパー」
A40: *0.2 | AC40: 展開:いなげや様より各社に保守依頼発行
A41: *0.2*0.3*0.4 | M41: 年齢確認商品です | V41: ignica側の音声を採用するため、イニシャル、ランニング運用なし | AP41: 全店共通 | AT41: - | AZ41: 年齢確認商品スキャン時の音声鳴動「年齢確認商品です」
A42: *0.4 | M42: →年齢確認が必要です | AZ42: ※富士通POSは上記「年齢確認商品です」のままとする
A43: *0.3 | M43: 年齢確認できるものをご提示ください | V43: 富士通よりVTI様へ連携 | AC43: データ作成:いなげや様 | AP43: 全店共通 | AT43: - | AZ43: 年齢確認商品スキャン時の音声鳴動 第2ガイダンス
A44: *0.3 | AC44: データ連携:いなげや様より各社へ | AZ44: 「年齢確認できるものをご提示ください」
A45: *0.3 | AC45: 展開:いなげや様より各社に保守依頼発行
A48: *0.2 | E48: 5-3. プリセット設定
A50: *0.2 | F50: No. | H50: 分類 | M50: 情報 | V50: 連携タイミング | AP50: 設定値 | AZ50: 備考
A51: *0.2 | V51: イニシャル | AC51: ランニング *変更発生時
A52: *0.2 | F52: 1 | H52: 現外券一覧 | M52: 現外券の額面表示 | V52: 富士通よりVTI様へ連携 | AC52: いなげや様より各社に保守依頼発行 | AP52: 全店共通 | AT52: - | AZ52: 現外ボタン押下時に表示する金額
A53: *0.2
A54: *0.5 | F54: 2 | H54: カタリナクーポン | M54: カタリナクーポン（2:メーカークーポン) | V54: 本資料にて連携 | AC54: いなげや様より各社に変更を通知 | AP54: 全店共通 | AT54: 186 | AZ54: カタリナクーポン支払い時に割り当てる現外種別コード
A55: *0.5 | H55: 現外種別コード | M55: カタリナクーポン（7:ストアクーポン) | V55: 本資料にて連携 | AP55: 全店共通 | AT55: 187 | AZ55: ※現外設定マスタは全件連携対象
A56: *0.5
BU66: 1
C67: TeamStore/M POSシステム | P67: システム名 | V67: 業務名 | AC67: =$AC$2 -> ５．個別定義情報 | BD67: 履歴 | BF67: 改訂者 | BI67: 最新更新日 | BM67: 作成者 | BP67: 作成日 | BU67: =OFFSET(BU67,-1,0,1,1)+1 -> 2
C68: UI設計書 | P68: マスタ連携対応 | V68: 方式設計 | BD68: =$BD$3 -> 1.6 | BF68: =$BF$3 -> 富士通 | BI68: =$BI$3 -> 45672 | BM68: =$BM$3 -> 富士通 | BP68: =$BP$3 -> 45427 | BU68: =OFFSET(BU68,-1,0,1,1)+1 -> 3
BU69: =OFFSET(BU69,-1,0,1,1)+1 -> 4
BU70: =OFFSET(BU70,-1,0,1,1)+1 -> 5
BU71: =OFFSET(BU71,-1,0,1,1)+1 -> 6
A72: *0.2 | E72: 5-4. システム設定 | BU72: =OFFSET(BU72,-1,0,1,1)+1 -> 7
BU73: =OFFSET(BU73,-1,0,1,1)+1 -> 8
A74: *0.2 | F74: No. | H74: 分類 | M74: 情報 | V74: 連携タイミング | AP74: 設定値 | AZ74: 富士通POS内部設定（ご参考） | BK74: 備考 | BU74: =OFFSET(BU74,-1,0,1,1)+1 -> 9
A75: *0.2 | V75: イニシャル | AC75: ランニング *変更発生時 | AZ75: 設定情報 | BC75: レジグループ | BG75: OPT_ID | BU75: =OFFSET(BU75,-1,0,1,1)+1 -> 10
A76: *0.2*0.4 | F76: 1 | H76: 年齢確認 | M76: 年齢入力規定値 | V76: 本資料にて連携 | AC76: いなげや様より各社に保守依頼発行 | AP76: 全店共通 | AT76: 25 | AZ76: STR | BC76: - | BG76: 362042001 | BU76: =OFFSET(BU76,-1,0,1,1)+1 -> 11
A77: *0.4 | M77: 「許可」を押下した際、 | AC77: 変更発生時はシステム改修となります | AT77: ※設定値は未使用 | BU77: =OFFSET(BU77,-1,0,1,1)+1 -> 12
A78: *0.4 | M78: 電子ジャーナルは、「26歳以上」 | BU78: =OFFSET(BU78,-1,0,1,1)+1 -> 13
A79: *0.4 | M79: の表示をする | BU79: =OFFSET(BU79,-1,0,1,1)+1 -> 14
A80: *0.2 | F80: 2 | H80: 理由コード | M80: 理由コード１ | V80: 本資料にて連携 | AC80: いなげや様より各社に保守依頼発行 | AP80: 全店共通 | AT80: ２人制ミス | AZ80: STR | BC80: - | BG80: 362000051 | BU80: =OFFSET(BU80,-1,0,1,1)+1 -> 15
A81: *0.2 | H81: （中止時） | M81: 理由コード２ | V81: 本資料にて連携 | AP81: 全店共通 | AT81: チェッカー操作ミス | AZ81: STR | BC81: - | BG81: 362000052 | BU81: =OFFSET(BU81,-1,0,1,1)+1 -> 16
A82: *0.2 | M82: 理由コード３ | V82: 本資料にて連携 | AP82: 全店共通 | AT82: お客様要望再登録 | AZ82: STR | BC82: - | BG82: 362000053 | BU82: =OFFSET(BU82,-1,0,1,1)+1 -> 17
A83: *0.2 | M83: 理由コード４ | V83: 本資料にて連携 | AP83: 全店共通 | AT83: お客様要望全返品 | AZ83: STR | BC83: - | BG83: 362000054 | BU83: =OFFSET(BU83,-1,0,1,1)+1 -> 18
A84: *0.2 | M84: 理由コード５ | V84: 本資料にて連携 | AP84: 全店共通 | AT84: 緊急追加 | AZ84: STR | BC84: - | BG84: 362000055 | BU84: =OFFSET(BU84,-1,0,1,1)+1 -> 19
A85: *0.2 | M85: 理由コード６ | V85: 本資料にて連携 | AP85: 全店共通 | AT85: ＳＣミス | AZ85: STR | BC85: - | BG85: 362000056 | BU85: =OFFSET(BU85,-1,0,1,1)+1 -> 20
A86: *0.2 | M86: 理由コード７ | V86: 本資料にて連携 | AP86: 全店共通 | AT86: 釣銭釣札機故障 | AZ86: STR | BC86: - | BG86: 362000057 | BU86: =OFFSET(BU86,-1,0,1,1)+1 -> 21
A87: *0.2 | M87: 理由コード８ | V87: 本資料にて連携 | AP87: 全店共通 | AT87: 未取引分中止 | AZ87: STR | BC87: - | BG87: 362000058 | BU87: =OFFSET(BU87,-1,0,1,1)+1 -> 22
A88: *0.2 | M88: 理由コード９ | V88: 本資料にて連携 | AP88: 全店共通 | AT88: - | AZ88: STR | BC88: - | BG88: 362000059 | BU88: =OFFSET(BU88,-1,0,1,1)+1 -> 23
A89: *0.2 | M89: 理由コード１０ | V89: 本資料にて連携 | AP89: 全店共通 | AT89: - | AZ89: STR | BC89: - | BG89: 362000060 | BU89: =OFFSET(BU89,-1,0,1,1)+1 -> 24
A90: *0.2 | M90: 理由コード１１ | V90: 本資料にて連携 | AP90: 全店共通 | AT90: - | AZ90: STR | BC90: - | BG90: 362000061 | BU90: =OFFSET(BU90,-1,0,1,1)+1 -> 25
A91: *0.2 | M91: 理由コード１２ | V91: 本資料にて連携 | AP91: 全店共通 | AT91: - | AZ91: STR | BC91: - | BG91: 362000062 | BU91: =OFFSET(BU91,-1,0,1,1)+1 -> 26
A92: *0.2 | M92: 理由コード１３ | V92: 本資料にて連携 | AP92: 全店共通 | AT92: - | AZ92: STR | BC92: - | BG92: 362000063 | BU92: =OFFSET(BU92,-1,0,1,1)+1 -> 27
A93: *0.2 | M93: 理由コード１４ | V93: 本資料にて連携 | AP93: 全店共通 | AT93: - | AZ93: STR | BC93: - | BG93: 362000064 | BU93: =OFFSET(BU93,-1,0,1,1)+1 -> 28
A94: *0.2 | F94: 3 | H94: さんにち割 | M94: 割引率 | V94: 本資料にて連携 | AC94: いなげや様より各社に保守依頼発行 | AP94: 全店共通 | AT94: 5 | AZ94: STR | BC94: - | BG94: 368202001 | BU94: =OFFSET(BU94,-1,0,1,1)+1 -> 29
A95: *0.2 | M95: レシートに印字する割引名称 | V95: 本資料にて連携 | AP95: 全店共通 | AT95: さんにち割引 | AZ95: STR | BC95: - | BG95: 368202005 | BK95: さんにち割引適用時に印字 | BU95: =OFFSET(BU95,-1,0,1,1)+1 -> 30
BU96: =OFFSET(BU96,-1,0,1,1)+1 -> 31
BU97: =OFFSET(BU97,-1,0,1,1)+1 -> 32
BU98: =OFFSET(BU98,-1,0,1,1)+1 -> 33
BU99: =OFFSET(BU99,-1,0,1,1)+1 -> 34
BU100: =OFFSET(BU100,-1,0,1,1)+1 -> 35
BU101: =OFFSET(BU101,-1,0,1,1)+1 -> 36
BU102: =OFFSET(BU102,-1,0,1,1)+1 -> 37
BU103: =OFFSET(BU103,-1,0,1,1)+1 -> 38
BU104: =OFFSET(BU104,-1,0,1,1)+1 -> 39
BU105: =OFFSET(BU105,-1,0,1,1)+1 -> 40
BU106: =OFFSET(BU106,-1,0,1,1)+1 -> 41
BU107: =OFFSET(BU107,-1,0,1,1)+1 -> 42
... BU131: =OFFSET(BU131,-1,0,1,1)+1 -> 66

Sheet 6.システム設定
C2: TeamStore/M POSシステム | P2: システム名 | V2: 業務名 | AC2: ６．システム設定 | BD2: 履歴 | BF2: 改訂者 | BI2: 最新更新日 | BM2: 作成者 | BP2: 作成日
C3: UI設計書 | P3: マスタ連携対応 | V3: 方式設計 | BD3: =改版履歴!$AO$3 -> 1.6 | BF3: 富士通 | BI3: =改版履歴!$AT$3 -> 45672 | BM3: 富士通 | BP3: =改版履歴!$BA$3 -> 45427
D6: ６．システム設定
E8: ※本対応に伴う新規システム設定
A18: *1.4

Sheet 《参照ネタ》新規システム設定
A1: ignicaPOS連携(マスタ連携) 新規システム設定
C3: 分類 | D3: OPT_ID | E3: 初期値 | F3: 設定値 | G3: 説明 | H3: 詳細説明 | I3: 分類 | J3: 公開／非公開
C4: その他オプション | D4: 348100000 | E4: 0 | F4: 1 (PTFでは変更せず、運用開始時に変更する) | G4: ignicaPOS連携（マスタ連携）を行うか否かを設定します。（０：行わない、１：行う） | H4: ignica連携（マスタ連携）を行うか否かを設定する。 ０：行わない マスタ連携ファイルの作成および送信を行わない １：行う マスタ連携ファイルの作成および送信を行う （別途、POSサーバの開閉店BATへの組み込みが必要） ※POSサーバの開閉店BATにignicaPOS連携を組み込んだ後でも、本システム設定が「0：行わない」の場合は下記動作としてマスタ連携を抑止可能とする。 [全件一括データ連携] ・POSサーバの開店処理への組み込みの先頭で本システム設定判定を行い、全件一括データの作成およびSFTP送信を行わないようにする。 [差分データ連携] ・常駐プログラム監視処理の起動時に本システム設定の判定を行い、常駐プログラム(マスタ更新履歴監視処理/SFTP送信処理)を起動せず即終了するようにする。 ・各マスタの更新時に本システム設定判定を行い、マスタ更新履歴作成処理を呼ばないようにする。 | I4: 店舗共通設定 | J4: 公開

Sheet 《別紙》VTI社提供資料
A2: Connect through SSH tunnel - Bastion host
L4: Host name: 54.64.180.67
L5: Port: 22
L6: User name: ec2-user
L7: Private key file: bastion_dev_tokyo_kp_1a.ppk
A29: Connect to server
L31: Hostname: ec2-35-77-173-176.ap-northeast-1.compute.amazonaws.com
L32: Port number: 22
L33: User name: ec2-user
L34: Private key file: common_dev_tokyo_kp_1a.ppk
L35: Protocol: SFTP
L80: Remote directory: /mnt/inageya/receive/Input
