Workbook

Sheet 表紙
A1: システム名 | K1: システム種別 | W1: 詳細設計書 | AP1: 作成者 | AT1: 作成日 | AY1: 更新者 | BC1: 更新日 | BH1: 版数
A2: POSサーバー | K2: POSサーバー | AP2: =改訂履歴!$H$11 -> AnhDD | AT2: =改訂履歴!$B$11 -> 45467 | AY2: =LOOKUP(2,1/(改訂履歴!H11:H30000<>""),改訂履歴!H11:H30000) -> AnhDD | BC2: =LOOKUP(2,1/(改訂履歴!B11:B30000<>""),改訂履歴!B11:B30000) -> 45467 | BH2: =LOOKUP(2,1/(改訂履歴!O11:O30000<>""),改訂履歴!O11:O30000) -> 0.1
A4: 機能カテゴリ | H4: AP6601 | U4: 項目 | Z4: API設計書 | AP4: {=RIGHT(CELL("filename",$A$1),LEN(CELL("filename",$A$1))-FIND("]",CELL("filename",$A$1)))} -> 表紙
L16: POSサーバーの詳細設計書
L24: =K2&"/"&H4&"/"&Z4 -> POSサーバー/AP6601/API設計書
Q44: 承認日 | AA44: 承認者 | AQ44: 版数

Sheet 改訂履歴
A1: システム名 | K1: システム種別 | W1: =IF(表紙!W1="","",表紙!W1) -> 詳細設計書 | AP1: 作成者 | AT1: 作成日 | AY1: 更新者 | BC1: 更新日 | BH1: 版数
A2: =IF(表紙!A2="","",表紙!A2) -> POSサーバー | K2: =IF(表紙!K2="","",表紙!K2) -> POSサーバー | AP2: =IF(表紙!AP2="","",表紙!AP2) -> AnhDD | AT2: =IF(表紙!AT2="","",表紙!AT2) -> 45467 | AY2: =IF(表紙!AY2="","",表紙!AY2) -> AnhDD | BC2: =IF(表紙!BC2="","",表紙!BC2) -> 45467 | BH2: =IF(表紙!BH2="","",表紙!BH2) -> 0.1
A4: 機能カテゴリー | H4: =IF(表紙!H4="","",表紙!H4) -> AP6601 | U4: 項目 | Z4: =IF(表紙!Z4="","",表紙!Z4) -> API設計書 | AP4: {=RIGHT(CELL("filename",$A$1),LEN(CELL("filename",$A$1))-FIND("]",CELL("filename",$A$1)))} -> 改訂履歴
B8: ■改訂履歴
B10: 更新日 | H10: 更新者 | O10: 版数 | S10: 更新内容 | AX10: 承認日 | BD10: 承認者
B11: 45467 | H11: AnhDD | O11: 0.1 | S11: 新規作成

Sheet 処理フロー凡例
A1: システム名 | K1: システム種別 | W1: =IF(表紙!W1="","",表紙!W1) -> 詳細設計書 | AP1: 作成者 | AT1: 作成日 | AY1: 更新者 | BC1: 更新日 | BH1: 版数
A2: =IF(表紙!A2="","",表紙!A2) -> POSサーバー | K2: =IF(表紙!K2="","",表紙!K2) -> POSサーバー | AP2: =IF(表紙!AP2="","",表紙!AP2) -> AnhDD | AT2: =IF(表紙!AT2="","",表紙!AT2) -> 45467 | AY2: =IF(表紙!AY2="","",表紙!AY2) -> AnhDD | BC2: =IF(表紙!BC2="","",表紙!BC2) -> 45467 | BH2: =IF(表紙!BH2="","",表紙!BH2) -> 0.1
A4: 機能カテゴリ | H4: =IF(表紙!H4="","",表紙!H4) -> AP6601 | U4: 項目 | Z4: =IF(表紙!Z4="","",表紙!Z4) -> API設計書 | AP4: =MID(CELL("filename",A1),FIND("]",CELL("filename",A1))+1,255) -> 処理フロー凡例
B7: ●API処理フロー

Sheet AP6601
A1: システム名 | K1: システム種別 | W1: =IF(表紙!W1="","",表紙!W1) -> 詳細設計書 | AP1: 作成者 | AT1: 作成日 | AY1: 更新者 | BC1: 更新日 | BH1: 版数
A2: =IF(表紙!A2="","",表紙!A2) -> POSサーバー | K2: =IF(表紙!K2="","",表紙!K2) -> POSサーバー | AP2: =IF(表紙!AP2="","",表紙!AP2) -> AnhDD | AT2: =IF(表紙!AT2="","",表紙!AT2) -> 45467 | AY2: =IF(表紙!AY2="","",表紙!AY2) -> AnhDD | BC2: =IF(表紙!BC2="","",表紙!BC2) -> 45467 | BH2: =IF(表紙!BH2="","",表紙!BH2) -> 0.1
A4: 機能カテゴリ | H4: =IF(表紙!H4="","",表紙!H4) -> AP6601 | U4: 項目 | Z4: =IF(表紙!Z4="","",表紙!Z4) -> API設計書 | AP4: =MID(CELL("filename",A1),FIND("]",CELL("filename",A1))+1,255) -> AP6601
B7: 1. 概要
C8: APIが券一覧を取得する。
C9: 種類：支払券、値引券
C11: 注意：NA
B13: 2. リクエスト
C15: 2.1 Request URL
C17: No. | E17: URL | AG17: HTTPメソッド | AQ17: 備考
C18: 1 | E18: api/v1/ticket/list_ticket | AG18: POST | AQ18: -
C20: 2. 2 Request Header
C22: No. | E22: ヘッダー | L22: 必須 | O22: 型 | S22: デフォルト値 | Z22: 項目説明 | AQ22: 備考
C23: 1 | E23: Authorization | L23: ○ | O23: String | S23: - | Z23: Api key | AQ23: 代表ユーザーを認証するAPIキー値 フォーマット: "Bearer {api_key}"
C24: 2 | E24: Accept | L24: - | O24: String | S24: - | Z24: Accept | AQ24: サーバーが返却できるデータ種類情報を説明する。
C25: 3 | E25: Content-Type | L25: - | O25: String | S25: - | Z25: Content-Type | AQ25: 送信リクエストの本文情報のタイプを定義する。例: application/json, mutilpart/form-data. 転送データのタイプによって、content-typeが必須又は必須ではない。例： ・入力がjsonの場合、content-typeが必須であり、application/jsonの値を受け取る。
C28: 4 | E28: User-Agent | L28: - | O28: String | S28: - | Z28: User-Agent | AQ28: サーバーを呼び出すクライアントのアプリケーション/ソフトウェア/ブラウザを定義する。
C29: 5 | E29: Accept-Encoding | L29: - | O29: String | S29: - | Z29: Accept-Encoding | AQ29: データ暗号化アルゴリズムを定義する。サーバーから受信したデータに使用できる： zip、gzip、png、gif等
C32: 2.3 Query Parameter/ path parameter
C34: No. | E34: パラメータ | L34: 必須 | O34: 型 | S34: デフォルト値 | Z34: 項目説明 | AQ34: 備考
C35: 1 | E35: keyword | L35: - | O35: String | Z35: 支払券名称で検索に使用される値
C36: =C35+1 -> 2 | E36: search_type | L36: - | O36: Integer | Z36: 支払券名称の検索タイプ | AQ36: ・値： + 1: を含む + 2: から始まる + 3: で終わる キーワード値がある場合、search_type が渡されないと、デフォルトは 「1」である。
C37: 3 | E37: type | L37: ○ | O37: Integer | S37: 1 | Z37: 検索対象 | AQ37: 値： + 0: 券 + 1: 支払券 + 2: 値引券
C38: =C37+1 -> 4 | E38: page | L38: ○ | O38: Integer | S38: 1 | Z38: 現在ページ
C39: 5 | E39: limit | L39: ○ | O39: Integer | S39: 1000 | Z39: 1ページの件数の制限
C41: 2.4 Request Body
C42: NA
C43: No. | E43: パラメータ | L43: 必須 | O43: 型 | S43: デフォルト値 | Z43: 項目説明 | AQ43: 備考
C44: 1 | E44: slected_stores | L44: ○ | O44: Array | S44: - | Z44: 店舗コード | AQ44: 1つ又は複数の店舗がある
B46: 3. レスポンス
C48: 3.1. 正常の場合のレスポンスフォーマット
C50: No. | E50: JSON name | L50: 型 | S50: 項目説明 | AC50: 備考
C51: 1 | E51: status_code | L51: Integer | S51: - | AC51: 返されたステータスコード
C52: =C51+1 -> 2 | E52: total_count | L52: Integer | S52: - | AC52: 総件数
C53: 2 | E53: tickets | L53: Array<Object>
C54: =C53+1 -> 3 | E54: record_id | L54: Bigint | S54: TicketMaster.RECORD_ID
C55: 3 | E55: company_code | L55: String | S55: TicketMaster.CompanyCode | AC55: 企業コード：Kasumi =100, Inageya=800
C56: =C55+1 -> 4 | E56: store_code | L56: String | S56: TicketMaster.StoreCode | AC56: 店舗コード
C57: 4 | E57: store_name | L57: String | S57: StoreMaster.Name | AC57: 店舗名称
C58: =C57+1 -> 5 | E58: code | L58: String | S58: TicketMaster.Code | AC58: 券コード
C59: 5 | E59: name | L59: String | S59: TicketMaster.Name | AC59: 券名称
C60: 6 | E60: amount | L60: Integer | S60: TicketMaster.Amount | AC60: 値引金額・率
C61: =C60+1 -> 7 | E61: discount_type | L61: Smallint | S61: TicketMaster.DiscountType | AC61: 割引タイプ: 1: 割引 2: 値引
C62: =C61+1 -> 8 | E62: payment_tickets | L62: Array<Object> | S62: - | AC62: 支払券一覧
C63: =C62+1 -> 9 | E63: record_id | L63: Bigint | S63: TicketMaster.RECORD_ID
C64: =C63+1 -> 10 | E64: company_code | L64: String | S64: TicketMaster.CompanyCode | AC64: 企業コード：Kasumi =100, Inageya=800
C65: =C64+1 -> 11 | E65: store_code | L65: String | S65: TicketMaster.StoreCode | AC65: 店舗コード
C66: =C65+1 -> 12 | E66: store_name | L66: String | S66: StoreMaster.Name | AC66: 店舗名称
C67: =C66+1 -> 13 | E67: code | L67: String | S67: TicketMaster.Code | AC67: 券コード
C68: =C67+1 -> 14 | E68: name | L68: String | S68: TicketMaster.Name | AC68: 券名称
C69: =C68+1 -> 15 | E69: discount_type | L69: Smallint | S69: TicketMaster.DiscountType | AC69: 値引金額・率・タイプ: 1: 割引 2: 値引
C70: =C69+1 -> 16 | E70: amount | L70: Integer | S70: TicketMaster.Amount | AC70: 値引金額・率
C71: =C70+1 -> 17 | E71: category | L71: Smallint | S71: TicketMaster.Category | AC71: 集計グループコード
C72: =C71+1 -> 18 | E72: CanReturn | L72: Boolean | S72: TicketMaster.ExtraInfo.PaymentTicket.CanReturn | AC72: True: 返品使用許可 False: 返品使用不許可
C73: =C72+1 -> 19 | E73: CanExchange | L73: Boolean | S73: TicketMaster.ExtraInfo.PaymentTicket.CanExchange | AC73: True: 一部返品交換許可 False: 一部返品交換不許可
C74: =C73+1 -> 20 | E74: CanChange | L74: Boolean | S74: TicketMaster.ExtraInfo.PaymentTicket.CanChange | AC74: True: 釣り許可 False: 釣り不許可
C75: =C74+1 -> 21 | E75: CanJustFix | L75: Boolean | S75: TicketMaster.ExtraInfo.PaymentTicket.CanJustFix | AC75: True: 丁度預かり許可 False: 丁度預かり不許可
... C81: =C80+1 -> 27 | E81: IsPointProhibition | L81: Boolean | S81: TicketMaster.ExtraInfo.PaymentTicket.IsPointProhibition | AC81: True: ポイント除外許可 False: ポイント除外不許可
C82: =C81+1 -> 28 | E82: coupons | L82: Array<Object>
C83: =C82+1 -> 29 | E83: record_id | L83: Bigint | S83: TicketMaster.RECORD_ID
C84: =C83+1 -> 30 | E84: company_code | L84: String | S84: TicketMaster.CompanyCode | AC84: 企業コード：Kasumi =100, Inageya=800
C85: =C84+1 -> 31 | E85: store_code | L85: String | S85: TicketMaster.StoreCode | AC85: 店舗コード
C86: =C85+1 -> 32 | E86: store_name | L86: String | S86: StoreMaster.Name | AC86: 店舗名称
C87: =C86+1 -> 33 | E87: code | L87: String | S87: TicketMaster.Code | AC87: 券コード
C88: =C87+1 -> 34 | E88: name | L88: String | S88: TicketMaster.Name | AC88: 券名称
C89: =C88+1 -> 35 | E89: discount_type | L89: Smallint | S89: TicketMaster.DiscountType | AC89: 値引金額・率・タイプ: 1: 割引 2: 値引
C90: =C89+1 -> 36 | E90: amount | L90: Integer | S90: TicketMaster.Amount | AC90: 値引金額・率
C91: =C90+1 -> 37 | E91: category | L91: Smallint | S91: TicketMaster.Category | AC91: 集計グループコード
C92: =C91+1 -> 38 | E92: date_categorize_type_code | L92: Smallint | S92: TicketMaster.ExtraInfo.Coupon.DateCategorizeTypeCode | AC92: 値： 1: 毎日 2: 曜日指定 フィールドIsMonday～IsSundayはオプション2が選択されている場合にのみ有効になる。
C93: =C91+1 -> 38 | E93: start_date_time | L93: DateTime | S93: TicketMaster.ExtraInfo.Coupon.StartDateTine | AC93: 適用区分（開始期間） 形式：yyyy/MM/dd HH:mm
C94: =C92+1 -> 39 | E94: end_date_time | L94: DateTime | S94: TicketMaster.ExtraInfo.Coupon.EndDateTime | AC94: 適用区分（終了期間） 形式：yyyy/MM/dd HH:mm
C95: =C93+1 -> 39 | E95: is_monday | L95: Boolean | S95: TicketMaster.ExtraInfo.Coupon.IsMonday | AC95: 適用区分（終了期間） 形式：yyyy/MM/dd HH:mm
C96: =C94+1 -> 40 | E96: is_tuesday | L96: Boolean | S96: TicketMaster.ExtraInfo.Coupon.IsTuesday | AC96: 適用区分（終了期間） 形式：yyyy/MM/dd HH:mm
C97: =C95+1 -> 40 | E97: is_wednesday | L97: Boolean | S97: TicketMaster.ExtraInfo.Coupon.Wednesday | AC97: 適用区分（終了期間） 形式：yyyy/MM/dd HH:mm
C98: =C96+1 -> 41 | E98: is_thursday | L98: Boolean | S98: TicketMaster.ExtraInfo.Coupon.Thursday | AC98: 適用区分（終了期間） 形式：yyyy/MM/dd HH:mm
C99: =C97+1 -> 41 | E99: is_friday | L99: Boolean | S99: TicketMaster.ExtraInfo.Coupon.Friday | AC99: 適用区分（終了期間） 形式：yyyy/MM/dd HH:mm
C100: =C98+1 -> 42 | E100: is_Saturday | L100: Boolean | S100: TicketMaster.ExtraInfo.Coupon.Saturday | AC100: 適用区分（終了期間） 形式：yyyy/MM/dd HH:mm
C101: =C99+1 -> 42 | E101: is_Sunday | L101: Boolean | S101: TicketMaster.ExtraInfo.Coupon.Sunday | AC101: 適用区分（終了期間） 形式：yyyy/MM/dd HH:mm
C104: ※サンプル
C106: 値引券の場合 | T106: 支払券の場合 | AH106: 券の場合
C107: { | T107: { | AH107: {
D108: "status_code": 200, | U108: "status_code": 200, | AI108: "status_code": 200,
D109: "total_count": 1, | U109: "total_count": 1, | AI109: "total_count": 1,
D110: "coupons" [ | U110: "payment_tickets" [ | AI110: "payment_tickets" [
E111: { | V111: { | AJ111: {
F112: "record_id": 1, | W112: "record_id": 1, | AK112: "record_id": 1,
F113: "company_code": 800, | W113: "company_code": 800, | AK113: "company_code": 800,
F114: "store_code": 00002, | W114: "store_code": 00002, | AK114: "store_code": 00002,
F115: "store_name": "検証店", | W115: "store_name": "検証店", | AK115: "store_name": "検証店",
F116: "code": "0000000214445", | W116: "code": "0000000214445", | AK116: "code": "0000000214445",
F117: "name": "Coupon Name", | W117: "name": "Payment Ticket Name", | AK117: "name": "Ticket Name",
F118: "discount_type": "1", | W118: "discount_type": 2, | AK118: "discount_type": 2,
F119: "amount": "10", | W119: "amount": "10", | AK119: "amount": "10",
F120: "category": "6" | W120: "category": "6", | AJ120: }
F121: "date_categorize_type_code": 1, | W121: "can_return": true, | AI121: ]
F122: "start_date_time": "2024/06/27 12:00" | W122: "can_exchange": true, | AH122: }
F123: "start_date_time": "2024/06/30 12:00", | W123: "can_change": true,
F124: "is_monday": false, | W124: "can_just_fix": true,
F125: "is_tuesday": false, | W125: "is_drawer": true,
F126: "is_wednesday": false, | W126: "can_cancel": false,
...

Sheet 処理フロー
A1: システム名 | K1: システム種別 | W1: =IF(表紙!W1="","",表紙!W1) -> 詳細設計書 | AP1: 作成者 | AT1: 作成日 | AY1: 更新者 | BC1: 更新日 | BH1: 版数
A2: =IF(表紙!A2="","",表紙!A2) -> POSサーバー | K2: =IF(表紙!K2="","",表紙!K2) -> POSサーバー | AP2: =IF(表紙!AP2="","",表紙!AP2) -> AnhDD | AT2: =IF(表紙!AT2="","",表紙!AT2) -> 45467 | AY2: =IF(表紙!AY2="","",表紙!AY2) -> AnhDD | BC2: =IF(表紙!BC2="","",表紙!BC2) -> 45467 | BH2: =IF(表紙!BH2="","",表紙!BH2) -> 0.1
A4: 機能カテゴリ | H4: =IF(表紙!H4="","",表紙!H4) -> AP6601 | U4: 項目 | Z4: =IF(表紙!Z4="","",表紙!Z4) -> API設計書 | AP4: =MID(CELL("filename",A1),FIND("]",CELL("filename",A1))+1,255) -> 処理フロー
B7: 処理フロー

Sheet テンプレート
A1: システム名 | K1: システム種別 | W1: =IF(表紙!W1="","",表紙!W1) -> 詳細設計書 | AP1: 作成者 | AT1: 作成日 | AY1: 更新者 | BC1: 更新日 | BH1: 版数
A2: =IF(表紙!A2="","",表紙!A2) -> POSサーバー | K2: =IF(表紙!K2="","",表紙!K2) -> POSサーバー | AP2: =IF(表紙!AP2="","",表紙!AP2) -> AnhDD | AT2: =IF(表紙!AT2="","",表紙!AT2) -> 45467 | AY2: =IF(表紙!AY2="","",表紙!AY2) -> AnhDD | BC2: =IF(表紙!BC2="","",表紙!BC2) -> 45467 | BH2: =IF(表紙!BH2="","",表紙!BH2) -> 0.1
A4: 機能カテゴリ | H4: =IF(表紙!H4="","",表紙!H4) -> AP6601 | U4: 項目 | Z4: =IF(表紙!Z4="","",表紙!Z4) -> API設計書 | AP4: =MID(CELL("filename",A1),FIND("]",CELL("filename",A1))+1,255) -> テンプレート
