Workbook

Sheet 表紙
A1: システム名 | K1: システム種別 | W1: 詳細設計書 | AP1: 作成者 | AT1: 作成日 | AY1: 更新者 | BC1: 更新日 | BH1: 版数
A2: POSサーバー | K2: POSサーバ | AP2: =改訂履歴!$H$11 -> DuNT | AT2: =改訂履歴!$B$11 -> 45505 | AY2: =LOOKUP(2,1/(改訂履歴!H11:H30000<>""),改訂履歴!H11:H30000) -> TinNH | BC2: =LOOKUP(2,1/(改訂履歴!B11:B30000<>""),改訂履歴!B11:B30000) -> 45618 | BH2: =LOOKUP(2,1/(改訂履歴!O11:O30000<>""),改訂履歴!O11:O30000) -> 0.24
A4: 機能カテゴリ | H4: 00_共通 | U4: 項目 | Z4: 画面設計書 | AP4: {=RIGHT(CELL("filename",$A$1),LEN(CELL("filename",$A$1))-FIND("]",CELL("filename",$A$1)))} -> 表紙
L16: POSサーバーの詳細設計書
L24: =K2&"/"&H4&"/"&Z4 -> POSサーバ/00_共通/画面設計書
Q44: 承認日 | AA44: 承認者 | AQ44: 版数

Sheet 改訂履歴
A1: システム名 | K1: システム種別 | W1: =IF(表紙!W1="","",表紙!W1) -> 詳細設計書 | AP1: 作成者 | AT1: 作成日 | AY1: 更新者 | BC1: 更新日 | BH1: 版数
A2: =IF(表紙!A2="","",表紙!A2) -> POSサーバー | K2: =IF(表紙!K2="","",表紙!K2) -> POSサーバ | AP2: =IF(表紙!AP2="","",表紙!AP2) -> DuNT | AT2: =IF(表紙!AT2="","",表紙!AT2) -> 45505 | AY2: =IF(表紙!AY2="","",表紙!AY2) -> TinNH | BC2: =IF(表紙!BC2="","",表紙!BC2) -> 45618 | BH2: =IF(表紙!BH2="","",表紙!BH2) -> 0.24
A4: 機能カテゴリ | H4: =IF(表紙!H4="","",表紙!H4) -> 00_共通 | U4: 項目 | Z4: =IF(表紙!Z4="","",表紙!Z4) -> 画面設計書 | AP4: {=RIGHT(CELL("filename",$A$1),LEN(CELL("filename",$A$1))-FIND("]",CELL("filename",$A$1)))} -> 改訂履歴
B8: ■改訂履歴
B10: 更新日 | H10: 更新者 | O10: 版数 | S10: 更新内容 | AX10: 承認日 | BD10: 承認者
B11: 45505 | H11: DuNT | O11: 0.1 | S11: 新規
B13: 45568 | H13: TuyenNH | O13: 0.2 | S13: ヘッダーとモーダルの新しいレイアウトを更新
S14: [ヘッダー]、[モーダル]シート
B15: 45569 | H15: DuNT | O15: 0.21 | S15: 店舗選択エリア、検索エリア：最新設計に従って更新する。
B17: 45608 | H17: TuyenNH | O17: 0.22 | S17: レイアウトを更新する。
S18: [ページング]シート
B19: 45617 | H19: 45617 | O19: 0.23 | S19: 店舗選択エリア： ・検索エリア削除 ・新しいインターフェースに従って更新する。
B21: 45618 | H21: TinNH | O21: 0.24 | S21: ・店舗選択エリアに関連する内容を更新する。

Sheet 店舗選択エリア
A1: システム名 | K1: システム種別 | W1: =IF(表紙!W1="","",表紙!W1) -> 詳細設計書 | AP1: 作成者 | AT1: 作成日 | AY1: 更新者 | BC1: 更新日 | BH1: 版数
A2: =IF(表紙!A2="","",表紙!A2) -> POSサーバー | K2: =IF(表紙!K2="","",表紙!K2) -> POSサーバ | AP2: =IF(表紙!AP2="","",表紙!AP2) -> DuNT | AT2: =IF(表紙!AT2="","",表紙!AT2) -> 45505 | AY2: =IF(表紙!AY2="","",表紙!AY2) -> TinNH | BC2: =IF(表紙!BC2="","",表紙!BC2) -> 45618 | BH2: =IF(表紙!BH2="","",表紙!BH2) -> 0.24
A4: 機能カテゴリ | H4: =IF(表紙!H4="","",表紙!H4) -> 00_共通 | U4: 項目 | Z4: =IF(表紙!Z4="","",表紙!Z4) -> 画面設計書 | AP4: =MID(CELL("filename",A1),FIND("]",CELL("filename",A1))+1,255) -> 店舗選択エリア
B7: ■店舗選択エリア（複数の店舗選択可能）のイメージ | V7: ■店舗選択エリア（1つの店舗のみ選択可能）のイメージ | AQ7: ■検索エリアイメージ
B45: ■画面項目定義
B47: 画面項目ID | D47: 項目 | K47: タイプ | N47: I/O | O47: 多言語 | P47: 出力 | AR47: インプット | BC47: 備考
P48: マッピングデータ | X48: 初期値 | AA48: 表示コントロール | AI48: Control enable | AR48: 必須 | AS48: 数字 | AT48: 桁 | AU48: マッピングデータ
P49: API名 | T49: 項目 | AU49: API名 | AY49: 項目
B50: 1 | D50: 店舗エリア（タイトル） | K50: テキスト | N50: － | O50: ● | P50: － | T50: － | X50: 店舗選択 | AA50: ユーザーが1つの店舗のみに操作権限を持つ場合、店舗選択エリアを非表示にし、その唯一の店舗をデフォルトで対象店舗として選択する。ユーザーが複数の店舗に操作権限を持つ場合、店舗選択エリアを表示する。 | AI50: － | AR50: － | AS50: － | AT50: － | AU50: － | AY50: ー | BC50: イベントID:Store-01
B51: 2 | D51: 検索条件エリア | K51: テキスト | N51: － | O51: ● | P51: － | T51: － | X51: 検索条件 | AA51: ー | AI51: 店舗が選択されている場合にのみ、有効にする。 | AR51: － | AS51: － | AT51: － | AU51: － | AY51: ー
B52: 3 | D52: 選択中の店舗数 | K52: テキスト | N52: O | O52: ● | P52: － | T52: － | X52: 0 店舗 選択中 | AA52: 選択されている店舗の総数を表示する。 | AI52: ー | AR52: － | AS52: － | AT52: － | AU52: － | AY52: ー | BC52: 形式:{0} 店舗 選択中（{0}：選択中の店舗数）
B53: 4 | D53: 店舗検索 | K53: Editext | N53: I | O53: － | P53: － | T53: － | X53: hint:店番 または 店名で検索 | AA53: ー | AI53: ー | AR53: － | AS53: － | AT53: － | AU53: － | AY53: ー | BC53: イベントID:Store-02
B54: 5 | D54: 全て選択 | K54: ボタン | N54: I | O54: ● | P54: － | T54: － | X54: 全て選択 | AA54: 複数の店舗を選択可能とする場合にのみ表示する。 | AI54: 未選択の店舗が1つ以上ある場合に有効にする。全ての店舗が選択された場合に無効にする。 | AR54: － | AS54: － | AT54: － | AU54: － | AY54: ー | BC54: イベントID:Store-03
B55: 6 | D55: 全て解除 | K55: ボタン | N55: I | O55: ● | P55: － | T55: － | X55: 全て解除 | AA55: 複数の店舗を選択可能とする場合にのみ表示する。 | AI55: 選択されている店舗が1つ以上ある場合に有効にする。全ての店舗が未選択の場合、無効にする。 | AR55: － | AS55: － | AT55: － | AU55: － | AY55: ー | BC55: イベントID:Store-04
B56: 7 | D56: 店舗グループ | K56: ドロップダウン | N56: O | O56: － | P56: AP1503 | T56: setting_data_type:event_group_name | X56: － | AA56: 複数の店舗を選択可能とする場合にのみ表示する。 | AI56: ー | AR56: － | AS56: － | AT56: － | AU56: － | AY56: ー | BC56: イベントID:Store-05
B57: 8 | D57: 店舗選択チェックボックス | K57: チェックボックス | N57: I | O57: － | P57: － | X57: － | AA57: ー | AI57: ー | AR57: － | AS57: － | AT57: － | AU57: － | AY57: ー | BC57: イベントID:Store-06
B58: 9 | D58: 店舗情報 | K58: テキスト | N58: O | O58: － | P58: AP8201 | T58: Store.code:Store.name | X58: － | AA58: ー | AI58: ー | AR58: － | AS58: － | AT58: － | AU58: － | AY58: ー
B59: 10 | D59: 店舗選択ラジオボタン | K59: ラジオボタン | N59: I | O59: － | P59: － | T59: － | X59: － | AA59: ー | AI59: ー | AR59: － | AS59: － | AT59: － | AU59: － | AY59: ー | BC59: イベントID:Store-07
B60: 11 | D60: 確定 | K60: ボタン | N60: I | O60: ● | P60: － | T60: － | X60: － | AA60: ー | AI60: 選択されている店舗が1つ以上ある場合に有効にする。全ての店舗が未選択の場合、無効にする。 | AR60: － | AS60: － | AT60: － | AU60: － | AY60: ー | BC60: イベントID:Store-06

Sheet ヘッダー
A1: システム名 | K1: システム種別 | W1: =IF(表紙!W1="","",表紙!W1) -> 詳細設計書 | AP1: 作成者 | AT1: 作成日 | AY1: 更新者 | BC1: 更新日 | BH1: 版数
A2: =IF(表紙!A2="","",表紙!A2) -> POSサーバー | K2: =IF(表紙!K2="","",表紙!K2) -> POSサーバ | AP2: =IF(表紙!AP2="","",表紙!AP2) -> DuNT | AT2: =IF(表紙!AT2="","",表紙!AT2) -> 45505 | AY2: =IF(表紙!AY2="","",表紙!AY2) -> TinNH | BC2: =IF(表紙!BC2="","",表紙!BC2) -> 45618 | BH2: =IF(表紙!BH2="","",表紙!BH2) -> 0.24
A4: 機能カテゴリ | H4: =IF(表紙!H4="","",表紙!H4) -> 00_共通 | U4: 項目 | Z4: =IF(表紙!Z4="","",表紙!Z4) -> 画面設計書 | AP4: =MID(CELL("filename",A1),FIND("]",CELL("filename",A1))+1,255) -> ヘッダー
B7: ■ヘッダーイメージ | BM7: 1
BM8: 2
BM9: 3
BM10: 4
BM11: 5
BM12: 6
BM13: 7
BM14: 8
BM15: 9
BM16: 10
BM17: 11
BM18: 12
BM19: 13
... BM27: 21
B28: ■画面項目定義 | BM28: 22
BM29: 23
B30: 画面項目ID | D30: 項目 | K30: タイプ | N30: I/O | O30: 多言語対象 | P30: 出力 | AR30: インプット | BC30: 備考 | BM30: 24
P31: マッピングデータ | X31: 初期値 | AA31: 表示コントロール | AI31: Control enable | AR31: 必須 | AS31: 数字 | AT31: 桁 | AU31: マッピングデータ | BM31: 25
P32: API名 | T32: 項目 | AU32: API名 | AY32: 項目 | BM32: 26
B33: 1 | D33: タイトルヘッダー | K33: テキスト | N33: O | O33: ● | P33: － | T33: － | AA33: 画面設計に依存する | AI33: － | AR33: － | AS33: ー | AT33: ー | AU33: － | AY33: ー | BC33: イベントID：Header-01 | BM33: 27
B34: 2 | D34: 従業員名 | K34: テキスト | N34: O | O34: － | P34: APX001 | T34: name | X34: － | AA34: ー | AI34: － | AR34: － | AS34: ー | AT34: ー | AU34: － | AY34: ー | BC34: アイコンと従業員名を表示する。 | BM34: 28
B35: 3 | D35: 店舗 | K35: テキスト | N35: O | O35: － | P35: APX001 | T35: store_code store_name | X35: － | AA35: ー | AI35: － | AR35: － | AS35: ー | AT35: ー | AU35: － | AY35: ー | BC35: アイコンと店舗コード+店舗名（{store_code} : {store_name}）を表示する。 | BM35: 29
B36: 4 | D36: CSV | K36: ボタン | N36: I | O36: － | P36: － | T36: － | X36: － | AA36: 常に表示する。 | AI36: ・デフォルト：無効 ・有効（各画面の設計に依存する） | AR36: － | AS36: ー | AT36: ー | AU36: － | AY36: ー | BC36: イベントID：Header-02 | BM36: 30
B37: 5 | D37: 印刷 | K37: ボタン | N37: I | O37: － | P37: － | T37: － | X37: － | AA37: 常に表示する。 | AI37: ・デフォルト：無効 ・有効（各画面の設計に依存する） | AR37: － | AS37: ー | AT37: ー | AU37: － | AY37: ー | BC37: イベントID：Header-03 | BM37: 31
B38: 6 | D38: ESC | K38: ボタン | N38: I | O38: ● | P38: － | T38: － | X38: ESC : 前画面 | AA38: 常に表示する。 | AI38: ・メニュー画面では無効になり、他の画面では有効になる。 | AR38: － | AS38: ー | AT38: ー | AU38: － | AY38: ー | BC38: イベントID：Header-04 | BM38: 32
B39: 7 | D39: メインメニュー | K39: ボタン | N39: I | O39: － | P39: － | T39: － | X39: － | AA39: 常に表示する。 | AI39: ・メニュー画面では無効になり、他の画面では有効になる。 | AR39: － | AS39: ー | AT39: ー | AU39: － | AY39: ー | BC39: イベントID：Header-05 | BM39: 33
B40: 8 | D40: 表示モード | K40: テキスト | N40: － | O40: ● | P40: － | T40: － | X40: ・新規モードの場合: 新規 ・編集モードの場合: 編集 ・初期化モードの場合：ブランク | AA40: ・新規モードの場合、背景が青色になる ・編集モードの場合、背景が緑色になる ・初期化モードの場合、表示しない。 | AI40: － | AR40: － | AS40: ー | AT40: ー | AU40: － | AY40: ー | BC40: イベントID：Header-06 | BM40: 34
BM41: 35
BM42: 36

Sheet ページング
A1: システム名 | K1: システム種別 | W1: =IF(表紙!W1="","",表紙!W1) -> 詳細設計書 | AP1: 作成者 | AT1: 作成日 | AY1: 更新者 | BC1: 更新日 | BH1: 版数
A2: =IF(表紙!A2="","",表紙!A2) -> POSサーバー | K2: =IF(表紙!K2="","",表紙!K2) -> POSサーバ | AP2: =IF(表紙!AP2="","",表紙!AP2) -> DuNT | AT2: =IF(表紙!AT2="","",表紙!AT2) -> 45505 | AY2: =IF(表紙!AY2="","",表紙!AY2) -> TinNH | BC2: =IF(表紙!BC2="","",表紙!BC2) -> 45618 | BH2: =IF(表紙!BH2="","",表紙!BH2) -> 0.24
A4: 機能カテゴリ | H4: =IF(表紙!H4="","",表紙!H4) -> 00_共通 | U4: 項目 | Z4: =IF(表紙!Z4="","",表紙!Z4) -> 画面設計書 | AP4: =MID(CELL("filename",A1),FIND("]",CELL("filename",A1))+1,255) -> ページング
B7: ■ページングイメージ | BM7: 1
BM8: 2
BM9: 3
BM10: 4
BM11: 5
BM12: 6
BM13: 7
BM14: 8
BM15: 9
C16: ■画面項目定義 | BM16: 10
BM17: 11
BM18: 12
C19: 画面項目ID | E19: 項目 | L19: タイプ | O19: I/O | P19: 多言語対象 | Q19: 出力 | AS19: インプット | BD19: 備考 | BM19: 13
Q20: マッピングデータ | Y20: 初期値 | AB20: 表示コントロール | AJ20: Control enable | AS20: 必須 | AT20: 数字 | AU20: 桁 | AV20: マッピングデータ | BM20: 14
Q21: API名 | U21: 項目 | AV21: API名 | AZ21: 項目 | BM21: 15
C22: 1 | E22: 件数 | L22: テキスト | O22: O | P22: ● | Q22: － | U22: － | AB22: 一覧画面で表示する。 | AJ22: 現在のレコード数を「n件中」形式で表示する。 n ＝０の場合、項目を非表示する。 n ＞＝ 1の場合、項目を表示する。 | AS22: － | AT22: ー | AU22: ー | AV22: － | AZ22: ー | BD22: イベントID：Paging-01 | BM22: 16
C23: 2 | E23: 現在頁 | L23: テキスト | O23: O | P23: ● | Q23: － | U23: － | Y23: － | AB23: 一覧画面で表示する。 | AJ23: ページ数を表示する。形式：x ~ y件。 X：現在の頁 y：総ページ数 1つのページのみがある場合、項目を表示しない。 | AS23: － | AT23: ー | AU23: ー | AV23: － | AZ23: ー | BM23: 17
C24: 3 | E24: 先頭行 | L24: ボタン | O24: I | P24: ● | Q24: － | U24: － | Y24: F3：先頭行 | AB24: 一覧画面で表示する。 | AJ24: ・1ページのみがある場合、または最初のページが表示されている場合は、ボタンを無効にする。 ・2ページ目以降の場合は、ボタンをタッチすると1ページ目の先頭行に戻る。 | AS24: － | AT24: ー | AU24: ー | AV24: － | AZ24: ー | BD24: イベントID：Paging-02 | BM24: 18
C25: 4 | E25: 最終行 | L25: ボタン | O25: I | P25: ● | Q25: － | U25: － | Y25: F4：最終行 | AB25: 一覧画面で表示する。 | AJ25: ・1ページのみがある場合、または最後のページが表示されている場合は、ボタンを無効にする。 ・ボタンをタッチすると、最終ページの最終行に遷移する。 | AS25: － | AT25: ー | AU25: ー | AV25: － | AZ25: ー | BD25: イベントID：Paging-03 | BM25: 19
C26: 5 | E26: ▲前頁 | L26: ボタン | O26: I | P26: ● | Q26: － | U26: － | Y26: F1：前頁 | AB26: 一覧画面で表示する。 | AJ26: ・1ページのみがある場合、または最初のページが表示されている場合は、ボタンを無効にする。 ・タッチすると、次頁に遷移する。 | AS26: － | AT26: ー | AU26: ー | AV26: － | AZ26: ー | BD26: イベントID：Paging-04 | BM26: 20
C27: 6 | E27: ▼次頁 | L27: ボタン | O27: I | P27: ● | Q27: － | U27: － | Y27: F2：次頁 | AB27: 一覧画面で表示する。 | AJ27: ・1ページのみがある場合、または最後のページが表示されている場合は、ボタンを無効にする。 ・タッチすると、前頁に遷移する。 | AS27: － | AT27: ー | AU27: ー | AV27: － | AZ27: ー | BD27: イベントID：Paging-05 | BM27: 21
BM28: 22
BM29: 23
BM30: 24

Sheet モーダル
A1: システム名 | K1: システム種別 | W1: =IF(表紙!W1="","",表紙!W1) -> 詳細設計書 | AP1: 作成者 | AT1: 作成日 | AY1: 更新者 | BC1: 更新日 | BH1: 版数
A2: =IF(表紙!A2="","",表紙!A2) -> POSサーバー | K2: =IF(表紙!K2="","",表紙!K2) -> POSサーバ | AP2: =IF(表紙!AP2="","",表紙!AP2) -> DuNT | AT2: =IF(表紙!AT2="","",表紙!AT2) -> 45505 | AY2: =IF(表紙!AY2="","",表紙!AY2) -> TinNH | BC2: =IF(表紙!BC2="","",表紙!BC2) -> 45618 | BH2: =IF(表紙!BH2="","",表紙!BH2) -> 0.24
A4: 機能カテゴリ | H4: =IF(表紙!H4="","",表紙!H4) -> 00_共通 | U4: 項目 | Z4: =IF(表紙!Z4="","",表紙!Z4) -> 画面設計書 | AP4: =MID(CELL("filename",A1),FIND("]",CELL("filename",A1))+1,255) -> モーダル
B7: ■情報モーダルのイメージ | AG7: ■エラーモーダルのイメージ
B27: ■confirmモーダルのイメージ | AG27: ■ローディングモーダルのイメージ
BF40: 商品
B44: ■画面項目定義
B46: 画面項目ID | D46: 項目 | K46: Type | N46: I/O | O46: 多言語 | P46: 出力 | AR46: インプット | BC46: 備考
P47: マッピングデータ | X47: 初期値 | AA47: 表示コントロール | AI47: Control enable | AR47: 必須 | AS47: 数字 | AT47: 桁 | AU47: マッピングデータ
P48: API名 | T48: 項目 | AU48: API名 | AY48: 項目
B49: 1 | D49: ヘッダー | K49: ビュー | N49: － | O49: － | P49: － | T49: － | X49: － | AA49: ー | AI49: － | AR49: － | AS49: － | AT49: － | AU49: － | AY49: ー | BC49: イベントID：Modal-01
B50: 2 | D50: メッセージ | K50: テキスト | N50: O | O50: ● | P50: － | T50: － | X50: － | AA50: ー | AI50: ー | AR50: － | AS50: － | AT50: － | AU50: APxxx | AY50: メッセージ
B51: 3 | D51: OKボタン | K51: ボタン | N51: I | O51: － | P51: － | T51: － | X51: はい | AA51: ー | AI51: ー | AR51: － | AS51: － | AT51: － | AU51: － | AY51: ー | BC51: イベントID：Modal-02
B52: 4 | D52: 取消ボタン： | K52: ボタン | N52: I | O52: ● | P52: － | T52: － | X52: 取消 | AA52: ー | AI52: ー | AR52: － | AS52: － | AT52: － | AU52: － | AY52: ー | BC52: イベントID：Modal-03
B53: 5 | D53: ローディングプログレスバー | K53: ビュー | N53: O | O53: － | P53: － | T53: － | X53: － | AA53: ー | AI53: ー | AR53: － | AS53: － | AT53: － | AU53: － | AY53: ー | BC53: イベントID：Modal-04
