Workbook

Sheet 表紙
A1: システム名 | K1: システム種別 | W1: 詳細設計書 | AP1: 作成者 | AT1: 作成日 | AY1: 更新者 | BC1: 更新日 | BH1: 版数
A2: POSサーバー | K2: POSサーバ | AP2: =改訂履歴!$H$11 -> SonMNT | AT2: =改訂履歴!$B$11 -> 45467 | AY2: =LOOKUP(2,1/(改訂履歴!H11:H30000<>""),改訂履歴!H11:H30000) -> AnhTTP | BC2: =LOOKUP(2,1/(改訂履歴!B11:B30000<>""),改訂履歴!B11:B30000) -> 45643 | BH2: =LOOKUP(2,1/(改訂履歴!O11:O30000<>""),改訂履歴!O11:O30000) -> 1.0
A4: 機能カテゴリ | H4: 10_プロモーションメンテ | U4: 項目 | Z4: 画面設計書 | AP4: {=RIGHT(CELL("filename",$A$1),LEN(CELL("filename",$A$1))-FIND("]",CELL("filename",$A$1)))} -> 表紙
L16: POSサーバーの詳細設計書
L24: =K2&"/"&H4&"/"&Z4 -> POSサーバ/10_プロモーションメンテ/画面設計書
Q44: 承認日 | AA44: 承認者 | AQ44: 版数

Sheet 改訂履歴
A1: システム名 | K1: システム種別 | W1: =IF(表紙!W1="","",表紙!W1) -> 詳細設計書 | AP1: 作成者 | AT1: 作成日 | AY1: 更新者 | BC1: 更新日 | BH1: 版数
A2: =IF(表紙!A2="","",表紙!A2) -> POSサーバー | K2: =IF(表紙!K2="","",表紙!K2) -> POSサーバ | AP2: =IF(表紙!AP2="","",表紙!AP2) -> SonMNT | AT2: =IF(表紙!AT2="","",表紙!AT2) -> 45467 | AY2: =IF(表紙!AY2="","",表紙!AY2) -> AnhTTP | BC2: =IF(表紙!BC2="","",表紙!BC2) -> 45643 | BH2: =IF(表紙!BH2="","",表紙!BH2) -> 1.0
A4: 機能カテゴリ | H4: =IF(表紙!H4="","",表紙!H4) -> 10_プロモーションメンテ | U4: 項目 | Z4: =IF(表紙!Z4="","",表紙!Z4) -> 画面設計書 | AP4: {=RIGHT(CELL("filename",$A$1),LEN(CELL("filename",$A$1))-FIND("]",CELL("filename",$A$1)))} -> 改訂履歴
B8: ■改訂履歴
B10: 更新日 | H10: 更新者 | O10: 版数 | S10: 更新内容 | AX10: 承認日 | BD10: 承認者
B11: 45467 | H11: SonMNT | O11: 0.1 | S11: 新規
B13: 45489 | H13: TuyenNH | O13: 0.2 | S13: 【次頁】、【前頁】、【先頭行】、【最終行】ボタンの追加
S14: SC1001シート
B15: 45506 | H15: DuNT | O15: 0.3 | S15: 概要設計書の改訂履歴による更新
S16: 画面のイメージによる更新
B17: 45643 | H17: AnhTTP | O17: 1.0 | S17: 新しいレイアウトに従って更新する。

Sheet SC1001
A1: システム名 | K1: システム種別 | W1: =IF(表紙!W1="","",表紙!W1) -> 詳細設計書 | AP1: 作成者 | AT1: 作成日 | AY1: 更新者 | BC1: 更新日 | BH1: 版数
A2: =IF(表紙!A2="","",表紙!A2) -> POSサーバー | K2: =IF(表紙!K2="","",表紙!K2) -> POSサーバ | AP2: =IF(表紙!AP2="","",表紙!AP2) -> SonMNT | AT2: =IF(表紙!AT2="","",表紙!AT2) -> 45467 | AY2: =IF(表紙!AY2="","",表紙!AY2) -> AnhTTP | BC2: =IF(表紙!BC2="","",表紙!BC2) -> 45643 | BH2: =IF(表紙!BH2="","",表紙!BH2) -> 1.0
A4: 機能カテゴリ | H4: =IF(表紙!H4="","",表紙!H4) -> 10_プロモーションメンテ | U4: 項目 | Z4: =IF(表紙!Z4="","",表紙!Z4) -> 画面設計書 | AP4: =MID(CELL("filename",A1),FIND("]",CELL("filename",A1))+1,255) -> SC1001
B7: ■イメージ
C8: 店舗選択タブ
B41: ■画面項目定義
B43: 画面項目ID | D43: 項目 | K43: タイプ | N43: I/O | O43: 多言語 | P43: 出力 | AR43: インプット | BC43: 備考
P44: マッピングデータ | X44: 初期値 | AA44: 表示コントロール | AI44: Control enable | AR44: 必須 | AS44: 数字 | AT44: 桁 | AU44: マッピングデータ
P45: API名 | T45: 項目 | AU45: API名 | AY45: 項目
B46: 0 | D46: 画面タイトル | K46: テキスト | N46: － | O46: ● | P46: － | T46: － | X46: プロモーションメンテ | AA46: ー | AI46: － | AR46: － | AS46: ー | AT46: ー | AU46: － | AY46: ー
B47: 1 | D47: 店舗選択タブ（タイトル） | K47: テキスト | N47: － | O47: ● | P47: － | T47: － | X47: 店舖選択 | AA47: ー | AI47: ー | AR47: － | AS47: ー | AT47: ー | AU47: － | AY47: ー | BC47: ー
B48: 2 | D48: 店舗選択エリア | K48: － | N48: － | O48: － | P48: － | T48: － | X48: － | AA48: ー | AI48: ー | AR48: － | AS48: ー | AT48: ー | AU48: － | AY48: ー | BC48: 20_画面設計_00_共通.xlsxの店舗選択エリアシートをご参照ください。
B51: ■イメージ
C52: 検索条件エリア
B85: ■画面項目定義
B87: 画面項目ID | D87: 項目 | K87: Type | N87: I/O | O87: 多言語 | P87: 出力 | AR87: インプット | BC87: 備考
P88: マッピングデータ | X88: 初期値 | AA88: 表示コントロール | AI88: Control enable | AR88: 必須 | AS88: 数字 | AT88: 桁 | AU88: マッピングデータ
P89: API名 | T89: 項目 | AU89: API名 | AY89: 項目
B90: 1 | D90: プロモーションコード（タイトル） | K90: テキスト | N90: － | O90: ● | P90: － | T90: － | X90: プロモーションコード | AA90: ー | AI90: － | AR90: － | AS90: － | AT90: － | AU90: － | AY90: ー | BC90: イベントID：SC1001_01
B91: 2 | D91: プロモーションコード(値) | K91: EditText | N91: I | O91: － | P91: － | T91: － | X91: ブランク | AA91: ー | AI91: ー | AR91: － | AS91: ● | AT91: － | AU91: AP0105 | AY91: code | BC91: ・最大5桁入力可能。 ・フォーカスアウト時に5文字を構成するために「0」を自動的に埋め込む。
B92: 3 | D92: 検索 | K92: ボタン | N92: I | O92: ● | P92: － | T92: － | X92: F12：検索 | AA92: ー | AI92: デフォルト：有効 | AR92: － | AS92: － | AT92: － | AU92: － | AY92: ー | BC92: イベントID：SC1001-02
B95: ■イメージ
C96: データ表示エリア
B129: ■画面項目定義
B131: 画面項目ID | D131: 項目 | K131: タイプ | N131: I/O | O131: 多言語 | P131: 出力 | AR131: インプット | BC131: 備考
P132: マッピングデータ | X132: 初期値 | AA132: 表示コントロール | AI132: Control enable | AR132: 必須 | AS132: 数字 | AT132: 桁 | AU132: マッピングデータ
P133: API名 | T133: 項目 | AU133: API名 | AY133: 項目
B134: 1 | D134: 削除（タイトル） | K134: テキスト | N134: － | O134: ● | P134: － | T134: － | X134: 削除 | AA134: ー | AI134: ー | AR134: － | AS134: － | AT134: － | AU134: － | AY134: ー | BC134: ー
B135: 2 | D135: プロモーションコード（タイトル） | K135: テキスト | N135: － | O135: ● | P135: － | T135: － | X135: プロモーション | AA135: ー | AI135: ー | AR135: － | AS135: － | AT135: － | AU135: － | AY135: ー | BC135: ー
B136: 3 | D136: 名称（タイトル） | K136: テキスト | N136: － | O136: ● | P136: － | T136: － | X136: 名称 | AA136: ー | AI136: ー | AR136: － | AS136: － | AT136: － | AU136: － | AY136: ー | BC136: ー
B137: 4 | D137: 区分（タイトル） | K137: テキスト | N137: － | O137: ● | P137: － | T137: － | X137: 区分 | AA137: ー | AI137: ー | AR137: － | AS137: － | AT137: － | AU137: － | AY137: ー | BC137: ー
B138: 5 | D138: 開始日（タイトル） | K138: テキスト | N138: － | O138: ● | P138: － | T138: － | X138: 開始日 | AA138: ー | AI138: ー | AR138: － | AS138: － | AT138: － | AU138: － | AY138: ー | BC138: フォーマット：yy/MM/dd
B139: 6 | D139: 終了日（タイトル） | K139: テキスト | N139: － | O139: ● | P139: － | T139: － | X139: 終了日 | AA139: ー | AI139: ー | AR139: － | AS139: － | AT139: － | AU139: － | AY139: ー | BC139: フォーマット：yy/MM/dd
B140: 7 | D140: 開始時刻（タイトル） | K140: テキスト | N140: － | O140: ● | P140: － | T140: － | X140: 開始時刻 | AA140: ー | AI140: ー | AR140: － | AS140: － | AT140: － | AU140: － | AY140: ー | BC140: 形式: hh:mm
B141: 8 | D141: 終了時刻（タイトル） | K141: テキスト | N141: － | O141: ● | P141: － | T141: － | X141: 終了時刻 | AA141: ー | AI141: ー | AR141: － | AS141: － | AT141: － | AU141: － | AY141: ー | BC141: 形式: hh:mm
B142: 1.1 | D142: 削除（値） | K142: チェックボックス | N142: I/O | O142: － | P142: － | T142: － | X142: ー | AA142: ー | AI142: ・編集の場合、有効になる。 ・新規モード又は初期化モードの場合、無効になる。 | AR142: － | AS142: － | AT142: － | AU142: AP1001 | AY142: operation_type | BC142: ー
B143: 2.1 | D143: プロモーションコード（値） | K143: EditText | N143: I/O | O143: － | P143: AP0105 | T143: code | X143: ー | AA143: ー | AI143: ・編集モード、初期化モードの場合、無効になる。 ・新規モードの場合、有効になる。 | AR143: ● | AS143: ● | AT143: － | AU143: AP1001/AP1002 | AY143: code | BC143: イベントID：SC1001_03 ・フォーカスアウト時に5桁を構成するために項目に「0」を自動的に埋め込む。 ・最大5桁入力可能。 ・店舗権限のアカウント：「99」でで始まるコードのみ許可 ・店舗権限以外のアカウント: 「99」のコードまたは「01」から「12」のコードを入力可能とする。 エラーメッセージ = MSG_VAL_019
B144: 3.1 | D144: プロモーション名称（値） | K144: EditText | N144: I/O | O144: － | P144: AP0105 | T144: name | X144: ー | AA144: ー | AI144: ー | AR144: ● | AS144: － | AT144: － | AU144: AP1001/AP1002 | AY144: name | BC144: ・最大全角25文字、半角50文字を入力可能とする。
B145: 4.1 | D145: 区分（値） | K145: EditText | N145: I/O | O145: － | P145: AP0105 | T145: type | X145: ー | AA145: コードが「99」で始まる場合、新規作成時に「2:店舗」を表示する。 コードが「01」から「12」で始まる場合、新規作成時に「1:本部」を表示する。 | AI145: デフォルト：無効 | AR145: － | AS145: － | AT145: － | AU145: － | AY145: ー | BC145: ー
... B152: 11 | D152: 「確定」 | K152: ボタン | N152: I | O152: ● | P152: － | T152: － | X152: F09：確定 | AA152: ー | AI152: ・デフォルト：無効 ・新規モード、編集モードにあり、変更データがある場合は有効になる。 | AR152: － | AS152: － | AT152: － | AU152: － | AY152: ー | BC152: イベントID：SC1001_05 プロモーションコードを入力せず、他の項目に入力した場合、確定ボタンを有効にしない。
