Workbook

Sheet 表紙
A1: システム名 | K1: システム種別 | W1: 詳細設計書 | AP1: 作成者 | AT1: 作成日 | AY1: 更新者 | BC1: 更新日 | BH1: 版数
A2: POSサーバー | K2: POSサーバ | AP2: =改訂履歴!$H$11 -> TuyenNH | AT2: =改訂履歴!$B$11 -> 45470 | AY2: =LOOKUP(2,1/(改訂履歴!H11:H30000<>""),改訂履歴!H11:H30000) -> TuyenNH | BC2: =LOOKUP(2,1/(改訂履歴!B11:B30000<>""),改訂履歴!B11:B30000) -> 45610 | BH2: =LOOKUP(2,1/(改訂履歴!O11:O30000<>""),改訂履歴!O11:O30000) -> 0.3
A4: 機能カテゴリ | H4: X1_メニュー機能 | U4: 項目 | Z4: 画面設計書 | AP4: {=RIGHT(CELL("filename",$A$1),LEN(CELL("filename",$A$1))-FIND("]",CELL("filename",$A$1)))} -> 表紙
L16: 基本設計書
L24: =K2&"/"&H4&"/"&Z4 -> POSサーバ/X1_メニュー機能/画面設計書
Q44: 承認日 | AA44: 承認者 | AQ44: 版数

Sheet 改訂履歴
A1: システム名 | K1: システム種別 | W1: =IF(表紙!W1="","",表紙!W1) -> 詳細設計書 | AP1: 作成者 | AT1: 作成日 | AY1: 更新者 | BC1: 更新日 | BH1: 版数
A2: =IF(表紙!A2="","",表紙!A2) -> POSサーバー | K2: =IF(表紙!K2="","",表紙!K2) -> POSサーバ | AP2: =IF(表紙!AP2="","",表紙!AP2) -> TuyenNH | AT2: =IF(表紙!AT2="","",表紙!AT2) -> 45470 | AY2: =IF(表紙!AY2="","",表紙!AY2) -> TuyenNH | BC2: =IF(表紙!BC2="","",表紙!BC2) -> 45610 | BH2: =IF(表紙!BH2="","",表紙!BH2) -> 0.3
A4: 機能カテゴリー | H4: =IF(表紙!H4="","",表紙!H4) -> X1_メニュー機能 | U4: 項目 | Z4: =IF(表紙!Z4="","",表紙!Z4) -> 画面設計書 | AP4: {=RIGHT(CELL("filename",$A$1),LEN(CELL("filename",$A$1))-FIND("]",CELL("filename",$A$1)))} -> 改訂履歴
B8: ■改訂履歴
B10: 更新日 | H10: 更新者 | O10: 版数 | S10: 更新内容 | AX10: 承認日 | BD10: 承認者
B11: 45470 | H11: TuyenNH | O11: 0.1 | S11: 新規
B13: 45568 | H13: AnhDD | O13: 0.2 | S13: 23230: 新たなレイアウトより資料更新
B15: 45610 | H15: TuyenNH | O15: 0.3 | S15: 新たなレイアウトより資料更新

Sheet SCX101
A1: システム名 | K1: システム種別 | W1: =IF(表紙!W1="","",表紙!W1) -> 詳細設計書 | AP1: 作成者 | AT1: 作成日 | AY1: 更新者 | BC1: 更新日 | BH1: 版数
A2: =IF(表紙!A2="","",表紙!A2) -> POSサーバー | K2: =IF(表紙!K2="","",表紙!K2) -> POSサーバ | AP2: =IF(表紙!AP2="","",表紙!AP2) -> TuyenNH | AT2: =IF(表紙!AT2="","",表紙!AT2) -> 45470 | AY2: =IF(表紙!AY2="","",表紙!AY2) -> TuyenNH | BC2: =IF(表紙!BC2="","",表紙!BC2) -> 45610 | BH2: =IF(表紙!BH2="","",表紙!BH2) -> 0.3
A4: 機能カテゴリ | H4: =IF(表紙!H4="","",表紙!H4) -> X1_メニュー機能 | U4: 項目 | Z4: =IF(表紙!Z4="","",表紙!Z4) -> 画面設計書 | AP4: =MID(CELL("filename",A1),FIND("]",CELL("filename",A1))+1,255) -> SCX101
B7: ■イメージ
B44: ■画面項目定義
B46: 画面項目ID | D46: 項目 | K46: タイプ | N46: I/O | O46: 多言語 | P46: 出力 | AR46: インプット | BC46: 備考
P47: マッピングデータ | X47: 初期値 | AA47: 表示コントロール | AI47: Control enable | AR47: 必須 | AS47: 数字 | AT47: 桁 | AU47: マッピングデータ
P48: API名 | T48: 項目 | AU48: API名 | AY48: 項目
B49: 0 | D49: アイテムメニュー | K49: ボタン | N49: I | O49: ● | P49: APX001 | T49: alias_name | X49: ー | AA49: ー | AI49: デフォルト：有効 | AR49: － | AS49: ー | AT49: ー | AU49: － | AY49: ー | BC49: イベントID：SCX001-03
B50: 1 | D50: ログアウト | K50: ボタン | N50: I | O50: ● | P50: － | T50: － | X50: ログアウトする | AA50: ー | AI50: デフォルト：有効 | AR50: － | AS50: － | AT50: － | AU50: － | AY50: ー | BC50: イベントID：SCX001-02
B51: 2 | D51: 前ページ | K51: ボタン | N51: I | O51: ● | P51: － | T51: － | X51: F1：前ページ | AA51: ー | AI51: 無効：非表示：1ページしかない、または最新のページにあります | AR51: － | AS51: ー | AT51: ー | AU51: － | AY51: ー | BC51: イベントID：SCX001-03
B52: 3 | D52: お気に入り | K52: ボタン | N52: I | O52: － | P52: － | T52: － | X52: － | AA52: － | AI52: － | AR52: － | AS52: ー | AT52: ー | AU52: － | AY52: ー | BC52: －
B53: 4 | D53: 番号入力（値） | K53: テキスト | N53: I | O53: ● | P53: － | T53: － | X53: － | AA53: ー | AI53: デフォルト：有効 | AR53: － | AS53: ● | AT53: － | AU53: － | AY53: ー | BC53: イベントID：SCX001-03 プレースホルダ―：00
B54: 5 | D54: 次ページ | K54: ボタン | N54: I | O54: ● | P54: － | T54: － | X54: F2：次ページ | AA54: － | AI54: 1ページしかない、または最後のページにあります | AR54: － | AS54: ー | AT54: ー | AU54: － | AY54: ー | BC54: イベントID：SCX001-04
