Workbook

Sheet 表紙
A1: システム名 | K1: システム種別 | W1: 詳細設計書 | AP1: 作成者 | AT1: 作成日 | AY1: 更新者 | BC1: 更新日 | BH1: 版数
A2: POSサーバー | K2: POSサーバ | AP2: =改訂履歴!$H$11 -> DuNT | AT2: =改訂履歴!$B$11 -> 45533 | AY2: =LOOKUP(2,1/(改訂履歴!H11:H30000<>""),改訂履歴!H11:H30000) -> DuNT | BC2: =LOOKUP(2,1/(改訂履歴!B11:B30000<>""),改訂履歴!B11:B30000) -> 45533 | BH2: =LOOKUP(2,1/(改訂履歴!O11:O30000<>""),改訂履歴!O11:O30000) -> 0.1
A4: 機能カテゴリ | H4: AP0101 | U4: 項目 | Z4: API設計書 | AP4: {=RIGHT(CELL("filename",$A$1),LEN(CELL("filename",$A$1))-FIND("]",CELL("filename",$A$1)))} -> 表紙
L16: POSサーバーの基本設計書
L24: =K2&"/"&H4&"/"&Z4 -> POSサーバ/AP0101/API設計書
Q44: 承認日 | AA44: 承認者 | AQ44: 版数

Sheet 改訂履歴
A1: システム名 | K1: システム種別 | W1: =IF(表紙!W1="","",表紙!W1) -> 詳細設計書 | AP1: 作成者 | AT1: 作成日 | AY1: 更新者 | BC1: 更新日 | BH1: 版数
A2: =IF(表紙!A2="","",表紙!A2) -> POSサーバー | K2: =IF(表紙!K2="","",表紙!K2) -> POSサーバ | AP2: =IF(表紙!AP2="","",表紙!AP2) -> DuNT | AT2: =IF(表紙!AT2="","",表紙!AT2) -> 45533 | AY2: =IF(表紙!AY2="","",表紙!AY2) -> DuNT | BC2: =IF(表紙!BC2="","",表紙!BC2) -> 45533 | BH2: =IF(表紙!BH2="","",表紙!BH2) -> 0.1
A4: 機能カテゴリー | H4: =IF(表紙!H4="","",表紙!H4) -> AP0101 | U4: 項目 | Z4: =IF(表紙!Z4="","",表紙!Z4) -> API設計書 | AP4: {=RIGHT(CELL("filename",$A$1),LEN(CELL("filename",$A$1))-FIND("]",CELL("filename",$A$1)))} -> 改訂履歴
B8: ■改訂履歴
B10: 更新日 | H10: 更新者 | O10: 版数 | S10: 更新内容 | AX10: 承認日 | BD10: 承認者
B11: 45533 | H11: DuNT | O11: 0.1 | S11: 新規

Sheet 処理フロー凡例
A1: システム名 | K1: システム種別 | W1: =IF(表紙!W1="","",表紙!W1) -> 詳細設計書 | AP1: 作成者 | AT1: 作成日 | AY1: 更新者 | BC1: 更新日 | BH1: 版数
A2: =IF(表紙!A2="","",表紙!A2) -> POSサーバー | K2: =IF(表紙!K2="","",表紙!K2) -> POSサーバ | AP2: =IF(表紙!AP2="","",表紙!AP2) -> DuNT | AT2: =IF(表紙!AT2="","",表紙!AT2) -> 45533 | AY2: =IF(表紙!AY2="","",表紙!AY2) -> DuNT | BC2: =IF(表紙!BC2="","",表紙!BC2) -> 45533 | BH2: =IF(表紙!BH2="","",表紙!BH2) -> 0.1
A4: 機能カテゴリ | H4: =IF(表紙!H4="","",表紙!H4) -> AP0101 | U4: 項目 | Z4: =IF(表紙!Z4="","",表紙!Z4) -> API設計書 | AP4: =MID(CELL("filename",A1),FIND("]",CELL("filename",A1))+1,255) -> 処理フロー凡例
B7: ●API処理フロー

Sheet AP0111
A1: システム名 | K1: システム種別 | W1: =IF(表紙!W1="","",表紙!W1) -> 詳細設計書 | AP1: 作成者 | AT1: 作成日 | AY1: 更新者 | BC1: 更新日 | BH1: 版数
A2: =IF(表紙!A2="","",表紙!A2) -> POSサーバー | K2: =IF(表紙!K2="","",表紙!K2) -> POSサーバ | AP2: =IF(表紙!AP2="","",表紙!AP2) -> DuNT | AT2: =IF(表紙!AT2="","",表紙!AT2) -> 45533 | AY2: =IF(表紙!AY2="","",表紙!AY2) -> DuNT | BC2: =IF(表紙!BC2="","",表紙!BC2) -> 45533 | BH2: =IF(表紙!BH2="","",表紙!BH2) -> 0.1
A4: 機能カテゴリ | H4: =IF(表紙!H4="","",表紙!H4) -> AP0101 | U4: 項目 | Z4: =IF(表紙!Z4="","",表紙!Z4) -> API設計書 | AP4: =MID(CELL("filename",A1),FIND("]",CELL("filename",A1))+1,255) -> AP0111
B7: 1. 概要
C9: 商品の詳細情報を取得する。
B11: 2. リクエスト
C13: 2.1 Request URL
C15: No. | E15: URL | AG15: HTTPメソッド | AQ15: 備考
C16: 1 | E16: api/v1/product/detail | AG16: GET
C18: 2. 2 Request Header
C20: No. | E20: ヘッダー | L20: 必須 | O20: 型 | S20: デフォルト値 | Z20: 項目説明 | AQ20: 備考
C21: 1 | E21: Authorization | L21: ○ | O21: String | S21: ー | Z21: Api key | AQ21: 形式："Bearer {api_key}"
C22: 2 | E22: Accept | L22: ー | O22: String | S22: ー | Z22: Accept
C23: 3 | E23: Content-Type | L23: ○ | O23: String | S23: application/json | Z23: application/json
C26: 5 | E26: User-Agent | L26: ー | O26: String | S26: ー | Z26: User-Agent
C27: 6 | E27: Accept-Encoding | L27: ー | O27: String | S27: ー | Z27: Accept-Encoding
C30: 2.3 Query Parameter/ path parameter
C31: No. | E31: パラメータ | L31: 必須 | O31: 型 | S31: デフォルト値 | Z31: 項目説明 | AQ31: 備考
C32: 1 | E32: selected_store | L32: ○ | O32: string | S32: ー | Z32: Querry parameter: 対象商品を含む店舗コード | AQ32: 数字の4桁。
C33: 2 | E33: PLU | L33: ○ | O33: string | S33: ー | Z33: Querry parameter: 対象商品のPLUコード | AQ33: 数字の13桁。
C34: 3 | E34: my_company_code | L34: ○ | O34: string | S34: ー | Z34: Querry parameter: 会社によって規定される対象商品のコード | AQ34: 数字の13桁。
C36: 2.4 Request Body
D37: NA
C39: ※サンプル
D40: NA
B42: 3. レスポンス
C44: 3.1. 正常の場合のレスポンスフォーマット
C46: No. | E46: JSON name | L46: 型 | S46: 項目説明 | AC46: 備考
C47: 1 | E47: record_id | L47: BigInt | S47: ItemMaster.RECORD_ID
C48: 2 | E48: store_code | L48: String | S48: ItemMaster.StoreCode
C49: 3 | E49: my_company_code | L49: String | S49: ItemMaster.MyCompanyCode
C50: 4 | E50: item_code | L50: String | S50: ItemMaster.Code
C51: 5 | E51: tax_group_code | L51: String | S51: ItemMaster.TaxGroupCode | AC51: 商品の税種別コード
C52: 6 | E52: tax_group_name | L52: String | S52: TaxCodeMaster.Description | AC52: 税種別の名称
C53: 7 | E53: tax_rate | L53: Int | S53: TaxCodeMaster.Rate | AC53: 税率
C54: 8 | E54: code_level_one | L54: string | S54: MDHierarchyMaster.Code | AC54: 部門コード
C55: 9 | E55: level_one | L55: Int | S55: MDHierarchyMaster.Level | AC55: 部門
C56: 10 | E56: description_level_one | L56: string | S56: MDHierarchyMaster.Description | AC56: 部門名称
C57: 11 | E57: code_level_two | L57: string | S57: MDHierarchyMaster.Code | AC57: 品群コード
C58: 12 | E58: level_two | L58: Int | S58: MDHierarchyMaster.Level | AC58: 品群
C59: 13 | E59: description_level_two | L59: string | S59: MDHierarchyMaster.Description | AC59: 品群名称
C60: 14 | E60: code_level_three | L60: string | S60: MDHierarchyMaster.Code | AC60: 品種コード
C61: 15 | E61: level_three | L61: Int | S61: MDHierarchyMaster.Level | AC61: 品種
C62: 16 | E62: description_level_three | L62: string | S62: MDHierarchyMaster.Description | AC62: 品種名称
... C65: 19 | E65: description_level_four | L65: string | S65: MDHierarchyMaster.Description | AC65: 分類名称
C66: 20 | E66: standard_price | L66: Double | S66: ItemMaster.UnitPrice
C67: 21 | E67: member_price
C68: 22 | E68: original_price
C69: 23 | E69: product_name | L69: String | S69: ItemMaster.LongDescription | AC69: 商品名称
C70: 24 | E70: receipt_name | L70: String | S70: ItemMaster.Description | AC70: レシートで使用される商品名称
C71: 25 | E71: kana_name | L71: String | S71: ItemMaster.ShortDescription | AC71: カタカナで書かれる商品名称
C72: 26 | E72: is_item_manual_discount_prohibition | L72: SmallInt | S72: ItemMaster.IsItemManualDiscountProhibition | AC72: 0: マニュアル割引除外なし 1: マニュアル割引除外
C73: 27 | E73: is_subtotal_discount_prohibition | L73: SmallInt | S73: ItemMaster.IsSubTotalDiscountProhibition | AC73: 0:適用なし 1: 適用あり
C74: 28 | E74: create_date | L74: Date | S74: ?? | AC74: レコード作成日 フォーマット: yyyy/mm/dd
C75: 29 | E75: update_date | L75: Date | S75: ?? | AC75: レコード更新日 フォーマット: yyyy/mm/dd
C76: 30 | E76: employee_update | L76: String | S76: ??? | AC76: 最終更新者
C77: 31 | E77: children | L77: List<Child> | AC77: 子JAN一覧
C78: 32 | E78: record_id | L78: BigInt | S78: ItemMaster.RECORD_ID | AC78: 子JANレコードID
C79: 33 | E79: jan_code | L79: String | S79: ItemMaster.Code | AC79: 子JANコード
C80: 34 | E80: number_of_order | L80: Int
C81: 35 | E81: order_unit | L81: String | S81: ItemMaster.OrderUnit
C82: 36 | E82: number_of_unit | L82: Int | S82: ItemMaster.NumberOfPiecesPerBox
C83: 37 | E83: unit | L83: Int
C84: 38 | E84: standard_unit | L84: Int
C85: 39 | E85: storage_time | L85: String
C86: 40 | E86: storage_unit | L86: Int
C87: 41 | E87: patner_code | L87: String
C91: ※サンプル
C93: {
C94: "record_id": 1,
C95: "store_code": "800",
C96: "my_company_code": "COMP001",
C97: "item_code": "ITEM001",
C98: "code_level_one": "CL1-001",
C99: "level_one": 1,
C100: "description_level_one": "First Level",
C101: "code_level_two": "CL2-001",
C102: "level_two": 2,
C103: "description_level_two": "Second Level",
... C143: 「30_機能設計_00_共通.xlsx」ファイルの「共通APIレスポンス」シートをご参照ください。

Sheet 処理フロー
A1: システム名 | K1: システム種別 | W1: =IF(表紙!W1="","",表紙!W1) -> 詳細設計書 | AP1: 作成者 | AT1: 作成日 | AY1: 更新者 | BC1: 更新日 | BH1: 版数
A2: =IF(表紙!A2="","",表紙!A2) -> POSサーバー | K2: =IF(表紙!K2="","",表紙!K2) -> POSサーバ | AP2: =IF(表紙!AP2="","",表紙!AP2) -> DuNT | AT2: =IF(表紙!AT2="","",表紙!AT2) -> 45533 | AY2: =IF(表紙!AY2="","",表紙!AY2) -> DuNT | BC2: =IF(表紙!BC2="","",表紙!BC2) -> 45533 | BH2: =IF(表紙!BH2="","",表紙!BH2) -> 0.1
A4: 機能カテゴリ | H4: =IF(表紙!H4="","",表紙!H4) -> AP0101 | U4: 項目 | Z4: =IF(表紙!Z4="","",表紙!Z4) -> API設計書 | AP4: =MID(CELL("filename",A1),FIND("]",CELL("filename",A1))+1,255) -> 処理フロー

Sheet テンプレート
A1: システム名 | K1: システム種別 | W1: =IF(表紙!W1="","",表紙!W1) -> 詳細設計書 | AP1: 作成者 | AT1: 作成日 | AY1: 更新者 | BC1: 更新日 | BH1: 版数
A2: =IF(表紙!A2="","",表紙!A2) -> POSサーバー | K2: =IF(表紙!K2="","",表紙!K2) -> POSサーバ | AP2: =IF(表紙!AP2="","",表紙!AP2) -> DuNT | AT2: =IF(表紙!AT2="","",表紙!AT2) -> 45533 | AY2: =IF(表紙!AY2="","",表紙!AY2) -> DuNT | BC2: =IF(表紙!BC2="","",表紙!BC2) -> 45533 | BH2: =IF(表紙!BH2="","",表紙!BH2) -> 0.1
A4: 機能カテゴリ | H4: =IF(表紙!H4="","",表紙!H4) -> AP0101 | U4: 項目 | Z4: =IF(表紙!Z4="","",表紙!Z4) -> API設計書 | AP4: =MID(CELL("filename",A1),FIND("]",CELL("filename",A1))+1,255) -> テンプレート
