Workbook
Name ____PFM2: #REF!
Name ____PFM21: #REF!
Name ____pfm3: #REF!
Name ___PFM2: #REF!
Name ___PFM21: #REF!
Name ___pfm3: #REF!
Name __PFM2: #REF!
Name __PFM21: #REF!
Name __pfm3: #REF!
Name _1Excel_BuiltIn__FilterDatabase_1: #REF!
Name _2Excel_BuiltIn__FilterDatabase_1_1: #REF!
Name _3Nagaoka_障害一覧_発生_改修: #REF!
Name _PFM2: #REF!
Name _PFM21: #REF!
Name _pfm3: #REF!
Name a: #REF!
Name aaa: #REF!
Name BASE: #REF!
Name BASE2: #REF!
Name bbb: #REF!
Name DISC_CLASS_LVL: #REF!
Name DISC_EXCEPTION: #REF!
Name DISC_STEP: #REF!
Name DISC_TARGET: #REF!
Name DS_KEYS: #REF!
Name DS_NM: #REF!
Name Grpリーダ: #REF!
Name HTML_Control_1: {"'表紙'!$A$1:$W$39"}
Name HTML_Control_1: {"'表紙'!$A$1:$W$39"}
Name ITﾃｽﾄ基準: #REF!
Name ITﾃｽﾄ基準小計1: #REF!
Name ITﾃｽﾄ基準小計2: #REF!
Name ITﾃｽﾄ基準小計2ｺﾋﾟｰ: #REF!
Name ITﾃｽﾄ実績: #REF!
Name ITﾃｽﾄ実績小計1: #REF!
Name ＩＴﾃｽﾄ実績小計1ｺﾋﾟｰ: #REF!
Name ITﾃｽﾄ実績小計2: #REF!
Name IT障害基準: #REF!
Name IT障害基準小計1: #REF!
Name IT障害基準小計2: #REF!
Name IT障害実績: #REF!
Name IT障害実績小計1: #REF!
Name IT障害実績小計2: #REF!
Name KEYS: #REF!
Name NAMES: #REF!
Name NEC_KEYS: #REF!
Name PGﾃｽﾄ基準: #REF!
Name PGﾃｽﾄ基準小計1: #REF!
Name PGﾃｽﾄ基準小計2: #REF!
Name PGﾃｽﾄ実績: #REF!
Name PGﾃｽﾄ実績小計1: #REF!
Name PGﾃｽﾄ実績小計2: #REF!
Name PG障害基準: #REF!
Name PG障害基準小計1: #REF!
Name PG障害基準小計2: #REF!
Name PG障害実績: #REF!
Name PG障害実績小計1: #REF!
Name PG障害実績小計2: #REF!
Name PSﾃｽﾄ基準: #REF!
Name PSﾃｽﾄ基準小計1: #REF!

Sheet  che phủ
A1: Tên hệ thống | K1: Loại hệ thống | W1: Tổng quan về xử lý | AP1: Tác giả | AT1: Ngày tạo | AY1: Cập nhật bởi | BC1: Ngày cập nhật | BH1: Số phiên bản
A2: POS tự phục vụ đơn giản chỉ dùng tiền mặt | K2: Máy chủ POS | AP2: =Lịch sử thay [10]đổi!$H$11 -> #NAME? | AT2: =Lịch sử thay [10]đổi!$B$11 -> #NAME? | AY2: =LOOKUP(2,1/( Lịch sử thay [10]đổi!H11:H30000<>""), Lịch sử thay [10]đổi!H11:H30000) -> #NAME? | BC2: =LOOKUP(2,1/( Lịch sử thay [10]đổi!B11:B30000<>""), Lịch sử thay [10]đổi!B11:B30000) -> #NAME? | BH2: =LOOKUP(2,1/( Lịch sử thay [10]đổi!O11:O30000<>""), Lịch sử thay [10]đổi!O11:O30000) -> #NAME?
A4: Danh mục chức năng | H4: nhãn kệ điện tử | U4: mục | AP4: {=RIGHT(CELL("filename",$A$1),LEN(CELL("filename",$A$1))-FIND("]",CELL("filename",$A$1)))} -> #VALUE!
L16: Tài liệu thiết kế cơ bản POS tự phục vụ đơn giản chỉ dùng tiền mặt
L24: Máy chủ POS/nhãn kệ điện tử/
Q44: Ngày phê duyệt | AA44: Người phê duyệt | AQ44: Số phiên bản

Sheet  Lịch sử thay đổi
A1: Tên hệ thống | K1: Loại hệ thống | W1: =IF( che [11]phủ!W1="","", che [11]phủ!W1) -> #NAME? | AP1: Tác giả | AT1: Ngày tạo | AY1: Cập nhật bởi | BC1: Ngày cập nhật | BH1: Số phiên bản
A2: =IF( che [11]phủ!A2="","", che [11]phủ!A2) -> #NAME? | K2: =IF( che [11]phủ!K2="","", che [11]phủ!K2) -> #NAME? | AP2: =IF( che [11]phủ!AP2="","", che [11]phủ!AP2) -> #NAME? | AT2: =IF( che [11]phủ!AT2="","", che [11]phủ!AT2) -> #NAME? | AY2: =IF( che [11]phủ!AY2="","", che [11]phủ!AY2) -> #NAME? | BC2: =IF( che [11]phủ!BC2="","", che [11]phủ!BC2) -> #NAME? | BH2: =IF( che [11]phủ!BH2="","", che [11]phủ!BH2) -> #NAME?
A4: Danh mục chức năng | H4: =IF( che [11]phủ!H4="","", che [11]phủ!H4) -> #NAME? | U4: mục | Z4: =IF( che [11]phủ!Z4="","", che [11]phủ!Z4) -> #NAME? | AP4: {=RIGHT(CELL("filename",$A$1),LEN(CELL("filename",$A$1))-FIND("]",CELL("filename",$A$1)))} -> #VALUE!
B8: ■ Lịch sử sửa đổi và bãi bỏ
B10: Ngày cập nhật | H10: Cập nhật bởi | O10: Số phiên bản | S10: Thay đổi | AX10: Ngày phê duyệt | BD10: Người phê duyệt
B11: 45817 | H11: HiệpPD | O11: 0.1 | S11: Tạo mới
B13: 45818 | H13: HiệpPD | O13: 0.2 | S13: Thêm trang tính "Cấu hình thư mục SFTP"
B15: 45828 | H15: HiệpPD | O15: 0.3 | S15: Thêm trang tính "Cấu hình mã nguồn"
B17: 45832 | H17: HiệpPD | O17: 0.4 | S17: Sửa đổi bảng "Xử lý tổng thể"
B19: 45838 | H19: HiệpPD | O19: 0.5 | S19: Thêm trang tính "Danh sách nhật ký"
B21: 45849 | H21: HiệpPD | O21: 0.6 | S21: Thêm một trang tính "Mẫu Email"
B23: 45862 | H23: HiệpPD | O23: 0.7 | S23: Cập nhật thông báo đầu ra trong một trang tính
S24: Thêm phản hồi sau khi sự cố xảy ra vào trang tính "Danh sách nhật ký"
B25: 45945 | H25: HiệpPD | O25: 0.8 | S25: Cập nhật thông báo đầu ra trong một trang tính
S26: Thêm luồng giám sát vào trang tính "Xử lý tổng thể"

Sheet  Bảng QA
A1: Tên hệ thống | K1: Loại hệ thống | W1: =IF( che [11]phủ!W1="","", che [11]phủ!W1) -> #NAME? | AP1: Tác giả | AT1: Ngày tạo | AY1: Cập nhật bởi | BC1: Ngày cập nhật | BH1: Số phiên bản
A2: =IF( che [11]phủ!A2="","", che [11]phủ!A2) -> #NAME? | K2: =IF( che [11]phủ!K2="","", che [11]phủ!K2) -> #NAME? | AP2: =IF( che [11]phủ!AP2="","", che [11]phủ!AP2) -> #NAME? | AT2: =IF( che [11]phủ!AT2="","", che [11]phủ!AT2) -> #NAME? | AY2: =IF( che [11]phủ!AY2="","", che [11]phủ!AY2) -> #NAME? | BC2: =IF( che [11]phủ!BC2="","", che [11]phủ!BC2) -> #NAME? | BH2: =IF( che [11]phủ!BH2="","", che [11]phủ!BH2) -> #NAME?
A4: Danh mục chức năng | H4: =IF( che [11]phủ!H4="","", che [11]phủ!H4) -> #NAME? | U4: mục | Z4: =IF( che [11]phủ!Z4="","", che [11]phủ!Z4) -> #NAME? | AP4: {=RIGHT(CELL("filename",$A$1),LEN(CELL("filename",$A$1))-FIND("]",CELL("filename",$A$1)))} -> #VALUE!
B7: KHÔNG | D7: loại | K7: câu hỏi | AF7: Người hỏi | AK7: trả lời | BF7: trạng thái
B8: 1
B9: 2
B10: 3
B11: 4
B12: 5
B13: 6
B14: 7
B15: 8
B16: 9
B17: 10
B18: 11
B19: 12

Sheet  Xử lý tổng thể
A1: Tên hệ thống | K1: Loại hệ thống | W1: =IF( che [11]phủ!W1="","", che [11]phủ!W1) -> #NAME? | AP1: Tác giả | AT1: Ngày tạo | AY1: Cập nhật bởi | BC1: Ngày cập nhật | BH1: Số phiên bản
A2: =IF( che [11]phủ!A2="","", che [11]phủ!A2) -> #NAME? | K2: =IF( che [11]phủ!K2="","", che [11]phủ!K2) -> #NAME? | AP2: =IF( che [11]phủ!AP2="","", che [11]phủ!AP2) -> #NAME? | AT2: =IF( che [11]phủ!AT2="","", che [11]phủ!AT2) -> #NAME? | AY2: =IF( che [11]phủ!AY2="","", che [11]phủ!AY2) -> #NAME? | BC2: =IF( che [11]phủ!BC2="","", che [11]phủ!BC2) -> #NAME? | BH2: =IF( che [11]phủ!BH2="","", che [11]phủ!BH2) -> #NAME?
A4: Danh mục chức năng | H4: =IF( che [11]phủ!H4="","", che [11]phủ!H4) -> #NAME? | U4: mục | Z4: =IF( che [11]phủ!Z4="","", che [11]phủ!Z4) -> #NAME? | AP4: {=RIGHT(CELL("filename",$A$1),LEN(CELL("filename",$A$1))-FIND("]",CELL("filename",$A$1)))} -> #VALUE!
B7: *Nhận được chủ
B9: OC/S&G | K9: Hộp thư đến | AI9: cò súng | AO9: Xử lý hàng loạt | AY9: Đồng hồ đám mây | BE9: E-mail
K10: Chỉ nhận | Q10: Chỉ dành cho nhập khẩu | W10: Chỉ nhật ký | AC10: Chỉ sao lưu
B62: ※Nhập khẩu master
B64: Hộp thư đến | Z64: cò súng | AF64: Xử lý hàng loạt | AL64: Cơ sở dữ liệu | AY64: Đồng hồ đám mây | BE64: E-mail
B65: Chỉ nhận | H65: Chỉ dành cho nhập khẩu | N65: Chỉ nhật ký | T65: Chỉ sao lưu
B106: * (Sản phẩm/Giá bán) Thông tin tạo tệp TXT
B108: cò súng | H108: Xử lý hàng loạt | N108: Cơ sở dữ liệu | T108: Thư mục đầu ra | AY108: Đồng hồ đám mây | BE108: E-mail
T109: Chỉ đầu ra | Z109: Chỉ nhật ký | AF109: Chỉ sao lưu
B182: * (Sản phẩm/Giá bán) Thông tin truyền tệp TXT
B184: cò súng | H184: Xử lý hàng loạt | N184: Cơ sở dữ liệu | T184: Thư mục đầu ra | AL184: IshidaFTP | AY184: Đồng hồ đám mây | BE184: E-mail
T185: Chỉ đầu ra | Z185: Chỉ nhật ký | AF185: Chỉ sao lưu
B247: * Theo dõi luồng (theo dõi nhập khẩu chính)
B249: cò súng | H249: Xử lý hàng loạt | N249: Cơ sở dữ liệu | T249: Thư mục đầu ra | AL249: IshidaFTP | AY249: Đồng hồ đám mây | BE249: E-mail
T250: Chỉ đầu ra | Z250: Chỉ nhật ký | AF250: Chỉ sao lưu

Sheet  Cấu trúc mã nguồn
A1: Tên hệ thống | K1: Loại hệ thống | W1: =IF( che [11]phủ!W1="","", che [11]phủ!W1) -> #NAME? | AP1: Tác giả | AT1: Ngày tạo | AY1: Cập nhật bởi | BC1: Ngày cập nhật | BH1: Số phiên bản
A2: =IF( che [11]phủ!A2="","", che [11]phủ!A2) -> #NAME? | K2: =IF( che [11]phủ!K2="","", che [11]phủ!K2) -> #NAME? | AP2: =IF( che [11]phủ!AP2="","", che [11]phủ!AP2) -> #NAME? | AT2: =IF( che [11]phủ!AT2="","", che [11]phủ!AT2) -> #NAME? | AY2: =IF( che [11]phủ!AY2="","", che [11]phủ!AY2) -> #NAME? | BC2: =IF( che [11]phủ!BC2="","", che [11]phủ!BC2) -> #NAME? | BH2: =IF( che [11]phủ!BH2="","", che [11]phủ!BH2) -> #NAME?
A4: Danh mục chức năng | H4: =IF( che [11]phủ!H4="","", che [11]phủ!H4) -> #NAME? | U4: mục | Z4: =IF( che [11]phủ!Z4="","", che [11]phủ!Z4) -> #NAME? | AP4: {=RIGHT(CELL("filename",$A$1),LEN(CELL("filename",$A$1))-FIND("]",CELL("filename",$A$1)))} -> #VALUE!
A6: 1. Mã nguồn hàng loạt
B7: URL: https://git.luvina.net/dev1/pos-server/pos-server-batch-ishida
B8: Chi nhánh:
B9: phát triển -> Môi trường Spike
B10: dàn dựng -> Môi trường dàn dựng
B11: main -> Production Evinronment
B12: # | E12: Báo cáo | L12: Thư mục đầu tiên | X12: Thư mục thứ hai | AM12: Nội dung
B13: 1 | E13: pos-server-batch-ishida/ | L13: /ishida | X13: trình giải nén/ | AM13: Quá trình giải nén các tệp .ZIP
B14: 2 | X14: kiểm tra kết thúc tập tin khớp/ | AM14: Kiểm tra tệp .END
B15: 3 | X15: trình xử lý tách csv/ | AM15: Xử lý để tách tất cả dữ liệu cửa hàng thành các tệp CSV cho từng cửa hàng
B16: 4 | X16: tạo-tệp-kết-thúc-xử-lý/ | AM16: Quá trình tạo tệp .END
B17: 5 | X17: người nhập khẩu bản sao/ | AM17: Nhập vào cơ sở dữ liệu bản sao
B18: 6 | X18: chuyển đổi và xuất tệp csv-oc/ | AM18: Chuyển đổi dữ liệu từ cơ sở dữ liệu bản sao và tạo CSV (cho OC)
B19: 7 | X19: chuyển đổi và xuất tệp csv-sg/ | AM19: Quy trình chuyển đổi dữ liệu từ cơ sở dữ liệu bản sao và tạo CSV (cho SG)
B20: 8 | X20: split-txt-by-sent-time-handler/ | AM20: Chia tệp txt trong path000 thành nhiều tệp txt theo ngày và giờ gửi mong muốn
B21: 9 | X21: trình nhập cơ sở dữ liệu sao lưu/ | AM21: Nhập tệp .txt đã gửi vào cơ sở dữ liệu sao lưu
B22: 10 | X22: trình xử lý sao lưu-txt/ | AM22: Di chuyển các tệp .txt đến một thư mục được chỉ định
B23: 11 | X23: trình xử lý tệp gửi/ | AM23: Gửi tệp .txt cho ông Ishida
B24: 12 | X24: lấy-đồng-bộ-lưu-trữ | AM24: Nhận thông tin cửa hàng
B25: 13

Sheet  Cấu trúc thư mục SFTP
A1: Tên hệ thống | K1: Loại hệ thống | W1: =IF( che [11]phủ!W1="","", che [11]phủ!W1) -> #NAME? | AP1: Tác giả | AT1: Ngày tạo | AY1: Cập nhật bởi | BC1: Ngày cập nhật | BH1: Số phiên bản
A2: =IF( che [11]phủ!A2="","", che [11]phủ!A2) -> #NAME? | K2: =IF( che [11]phủ!K2="","", che [11]phủ!K2) -> #NAME? | AP2: =IF( che [11]phủ!AP2="","", che [11]phủ!AP2) -> #NAME? | AT2: =IF( che [11]phủ!AT2="","", che [11]phủ!AT2) -> #NAME? | AY2: =IF( che [11]phủ!AY2="","", che [11]phủ!AY2) -> #NAME? | BC2: =IF( che [11]phủ!BC2="","", che [11]phủ!BC2) -> #NAME? | BH2: =IF( che [11]phủ!BH2="","", che [11]phủ!BH2) -> #NAME?
A4: Danh mục chức năng | H4: =IF( che [11]phủ!H4="","", che [11]phủ!H4) -> #NAME? | U4: mục | Z4: =IF( che [11]phủ!Z4="","", che [11]phủ!Z4) -> #NAME? | AP4: {=RIGHT(CELL("filename",$A$1),LEN(CELL("filename",$A$1))-FIND("]",CELL("filename",$A$1)))} -> #VALUE!
B7: Tên cửa hàng | F7: Điểm đến kết nối | K7: Các loại tập tin | P7: xô | U7: tiền tố | AT7: Tên tập tin
B8: Kasumi | F8: OC | K8: Liên kết bên ngoài Master | P8: /prd-ignica-ksm /stg-ignica-ksm /spk-ignica-ksm | U8: /pos-bản gốc | Z8: /oc | AE8: /nhận được | AT8: {table_name}.CSV {table_name}.END P001.CSV P001.END Ví dụ: GHPLUM.csv GHPLUM.END
AE9: /csv | AJ9: /{store_code} Ví dụ: 09176 | AO9: /{tên_bảng}/ Ví dụ: GHPLUM | AT9: {table_name}_{yyyymmddhhmmss}.CSV {table_name}_{yyyymmddhhmmss}.END Ví dụ: GHPLUM_20250102150623.CSV GHPLUM_20250102150623.END
AO10: /{tên_bảng}/ Ví dụ: P001 | AT10: P001_20250102150623.CSV P001_20250102150623.KẾT THÚC
AJ11: /{mã_cửa_hàng} | AO11: /GHPLUM/
AO12: /P001/
AE13: hỗ trợ | AJ13: /{mã_cửa_hàng} | AO13: /GHPLUM/ | AT13: GHPLUM_20250102150623.CSV GHPLUM_20250102150623.KẾT THÚC
AO14: /P001/ | AT14: P001_20250102150623.CSV P001_20250102150623.KẾT THÚC
AJ15: /{mã_cửa_hàng} | AO15: /GHPLUM/
AO16: /P001/
AE17: /nhật ký | AJ17: /{mã_cửa_hàng} | AT17: GHPLUM_import_2025010250623.log P001_import_2025010250623.log
AJ18: /{mã_cửa_hàng}
F19: Máy chủ chuyển tiếp S&G | U19: /pos-bản gốc | Z19: /sg | AE19: /nhận được | AT19: [mã_công_ty 5 chữ số]00100_[mã_cửa_hàng 5 chữ số]09176_[năm/tháng/ngày 8 chữ số][thời_gian 6 chữ số]20250522104538316.zip [mã_công_ty 5 chữ số]00100_[mã_cửa_hàng 5 chữ số]09176_[năm/tháng/ngày 8 chữ số][thời_gian 6 chữ số]20250522104538316.zip.END Ví dụ: 00100_09176_20250522104538316.zip 00100_09176_20250522104538316.zip.END
AE20: /csv | AJ20: /{mã_cửa_hàng}00398 | AO20: /{table_name} Ví dụ: ItemMaster | AT20: ItemMaster_20250102120340_20250102120540.csv ItemMaster_20250102120340_20250102120540.HẾT
AO21: /{table_name} Ví dụ: SpecialPriceKsmMaster | AT21: SpecialPriceKsmMaster_20250102120340_20250102120540.csvGiá đặc biệtKsmMaster_20250102120340_20250102120540.END
AO22: /{table_name} Ví dụ: ForcePriceMaster | AT22: ForcePriceMaster_20250102120340_20250102120540.csv ForcePriceMaster_20250102120340_20250102120540.HẾT
AJ23: /{mã_cửa_hàng}
AE24: hỗ trợ | AJ24: /{mã_cửa_hàng} | AO24: /{tên_bảng} | AT24: ItemMaster_20250102120340_20250102120540.csv
AO25: /{tên_bảng} | AT25: Giá đặc biệtKsmMaster_20250102120340_20250102120540.csv
AO26: /{tên_bảng} | AT26: ForcePriceMaster_20250102120340_20250102120540.csv
AJ27: /{mã_cửa_hàng}
AE28: /nhật ký | AJ28: /{mã_cửa_hàng} | AT28: ItemMaster_import_20250102120340.log Giá đặc biệtKsmMaster_import_2025010250623.log
AJ29: /{mã_cửa_hàng}
F30: Nhãn kệ điện tử ISHIDA | K30: POS Master | U30: /pos-master | Z30: /ishida | AE30: /csv | AJ30: /{mã_cửa_hàng} | AT30: {4 chữ số cuối của số cửa hàng}{Cố định thành 00}{ngày 8 chữ số, thời gian 6 chữ số}SHOHIN.TXT {4 chữ số cuối của số cửa hàng}{Cố định thành 00}{ngày 8 chữ số, thời gian 6 chữ số}ESLDATA.TXT Ví dụ: 03980020250630SHOHIN.TXT 03980020250630ESLDATA.TXT
AJ31: /{mã_cửa_hàng}
AE32: hỗ trợ | AJ32: /{mã_cửa_hàng} | AT32: {4 chữ số cuối của số cửa hàng}{Cố định thành 00}{ngày 8 chữ số, thời gian 6 chữ số}SHOHIN.TXT {4 chữ số cuối của số cửa hàng}{Cố định thành 00}{ngày 8 chữ số, thời gian 6 chữ số}ESLDATA.TXT Ví dụ: 03980020250630SHOHIN.TXT 03980020250630ESLDATA.TXT
AJ33: /{mã_cửa_hàng}
AE34: /nhật ký | AJ34: /{mã_cửa_hàng} | AT34: {4 chữ số cuối của số cửa hàng}{Đã sửa thành 00}{ngày 8 chữ số, thời gian 6 chữ số}SHOHIN.log {4 chữ số cuối của số cửa hàng}{Đã sửa thành 00}{ngày 8 chữ số, thời gian 6 chữ số}ESLDATA.error Ví dụ: 03980020250630SHOHIN.log 03980020250630ESLDATA.error
AJ35: /{mã_cửa_hàng}

Sheet  Danh sách nhật ký ứng dụng
A1: Tên hệ thống | K1: Loại hệ thống | W1: =IF( che [11]phủ!W1="","", che [11]phủ!W1) -> #NAME? | AP1: Tác giả | AT1: Ngày tạo | AY1: Cập nhật bởi | BC1: Ngày cập nhật | BH1: Số phiên bản
A2: =IF( che [11]phủ!A2="","", che [11]phủ!A2) -> #NAME? | K2: =IF( che [11]phủ!K2="","", che [11]phủ!K2) -> #NAME? | AP2: =IF( che [11]phủ!AP2="","", che [11]phủ!AP2) -> #NAME? | AT2: =IF( che [11]phủ!AT2="","", che [11]phủ!AT2) -> #NAME? | AY2: =IF( che [11]phủ!AY2="","", che [11]phủ!AY2) -> #NAME? | BC2: =IF( che [11]phủ!BC2="","", che [11]phủ!BC2) -> #NAME? | BH2: =IF( che [11]phủ!BH2="","", che [11]phủ!BH2) -> #NAME?
A4: Danh mục chức năng | H4: =IF( che [11]phủ!H4="","", che [11]phủ!H4) -> #NAME? | U4: mục | Z4: =IF( che [11]phủ!Z4="","", che [11]phủ!Z4) -> #NAME? | AP4: {=RIGHT(CELL("filename",$A$1),LEN(CELL("filename",$A$1))-FIND("]",CELL("filename",$A$1)))} -> #VALUE!
A7: 1. Nhật ký Cloudwatch
B8: # | D8: Vị trí lưu trữ | J8: quá trình | Q8: Loại nhật ký | Y8: Tiêu đề email | AN8: nhận xét | BA8: Phản ứng sau sự cố
B9: 1 | D9: /pos/log/import/all | J9: Nhận chủ | Q9: Nhật ký ứng dụng | Y9: {table_name} Bắt đầu nhận dữ liệu chính BIPOROGY {table_name} Bắt đầu nhận dữ liệu chính máy chủ POS | AN9: Bắt đầu nhận máy chủ BIPOROGY/POS | BA9: Không có thông báo nào được gửi
B10: 2 | Q10: Nhật ký ứng dụng | Y10: {table_name} Đã hoàn tất tiếp nhận chính {file_name} Đã hoàn tất tiếp nhận chính cho máy chủ POS | AN10: Biên lai chính của máy chủ BIPOROGY/POS đã hoàn tất | BA10: Không có thông báo nào được gửi
B11: 3 | J11: Nhập khẩu chính | Q11: Nhật ký ứng dụng | Y11: {store_code}_{table_name} Đã bắt đầu nhập vào cơ sở dữ liệu bản sao | AN11: Bắt đầu nhập vào cơ sở dữ liệu bản sao | BA11: Không có thông báo nào được gửi
B12: 4 | Q12: Nhật ký ứng dụng | Y12: {store_code}_{table_name} Đã hoàn tất nhập vào bản sao chính | AN12: Đã hoàn tất nhập vào bản sao chính | BA12: Không có thông báo nào được gửi
B13: 5 | D13: /pos/log/export/all | J13: Tạo tệp thông tin (Sản phẩm/Giá bán) | Q13: Nhật ký ứng dụng | Y13: {store_code} Bắt đầu tạo dữ liệu được liên kết | AN13: Ở bước tạo thông tin (sản phẩm và giá bán), hãy bắt đầu tạo tệp TXT. | BA13: Không có thông báo nào được gửi
B14: 6 | Q14: Nhật ký ứng dụng | Y14: {store_code} Đã hoàn tất việc tạo dữ liệu được liên kết | AN14: Ở bước tạo thông tin (sản phẩm và giá bán), hãy hoàn tất việc tạo tệp TXT. | BA14: Không có thông báo nào được gửi
B15: 7 | D15: /pos/log/sent/all | J15: (Sản phẩm/Giá bán) Tệp thông tin truyền tải | Q15: Nhật ký ứng dụng | Y15: {file_name} đã bắt đầu chuyển tập tin | AN15: Trong bước gửi thông tin (sản phẩm và giá bán), hãy bắt đầu gửi tệp TXT | BA15: Không có thông báo nào được gửi
B16: 8 | Q16: Nhật ký ứng dụng | Y16: {file_name} đã hoàn tất việc chuyển tập tin | AN16: Ở bước gửi thông tin (sản phẩm và giá bán), tệp TXT sẽ được gửi. | BA16: Không có thông báo nào được gửi

Sheet  Danh sách nhật ký lỗi
A1: Tên hệ thống | K1: Loại hệ thống | W1: =IF( che [11]phủ!W1="","", che [11]phủ!W1) -> #NAME? | AP1: Tác giả | AT1: Ngày tạo | AY1: Cập nhật bởi | BC1: Ngày cập nhật | BH1: Số phiên bản
A2: =IF( che [11]phủ!A2="","", che [11]phủ!A2) -> #NAME? | K2: =IF( che [11]phủ!K2="","", che [11]phủ!K2) -> #NAME? | AP2: =IF( che [11]phủ!AP2="","", che [11]phủ!AP2) -> #NAME? | AT2: =IF( che [11]phủ!AT2="","", che [11]phủ!AT2) -> #NAME? | AY2: =IF( che [11]phủ!AY2="","", che [11]phủ!AY2) -> #NAME? | BC2: =IF( che [11]phủ!BC2="","", che [11]phủ!BC2) -> #NAME? | BH2: =IF( che [11]phủ!BH2="","", che [11]phủ!BH2) -> #NAME?
A4: Danh mục chức năng | H4: =IF( che [11]phủ!H4="","", che [11]phủ!H4) -> #NAME? | U4: mục | Z4: =IF( che [11]phủ!Z4="","", che [11]phủ!Z4) -> #NAME? | AP4: {=RIGHT(CELL("filename",$A$1),LEN(CELL("filename",$A$1))-FIND("]",CELL("filename",$A$1)))} -> #VALUE!
A7: 1. Nhật ký Cloudwatch
B8: # | D8: Vị trí lưu trữ | J8: quá trình | Q8: Loại nhật ký | Y8: Tiêu đề email | AN8: nhận xét | BA8: Phản ứng sau sự cố
B9: 1 | D9: /pos/log/import/error/ | J9: Nhận chủ | Q9: Nhật ký lỗi | Y9: Đã xảy ra lỗi khi phân tách dữ liệu cho tất cả các cửa hàng trong {table_name} theo cửa hàng. {error_message} | AN9: Trong quá trình tiếp nhận chính, lỗi sẽ xảy ra khi tách dữ liệu cho từng kho lưu trữ khỏi dữ liệu cho tất cả các kho lưu trữ. | BA9: Thông báo: Rubina, USMH Phản hồi: Rubina, Kiểm tra dữ liệu tệp đã nhận, Nếu là sự cố xử lý, hãy sửa và thử lại, Nếu là sự cố tệp, hãy liên hệ với BIPOROGY.
B10: 2 | Q10: Nhật ký lỗi | Y10: {store_code}_{table_name} Sau khi tách dữ liệu chính cho từng kho lưu trữ, đã xảy ra lỗi trong quá trình tạo tệp END. {error_message} | AN10: Trong quá trình tiếp nhận chính, lỗi sẽ xảy ra khi tách dữ liệu cho từng kho lưu trữ khỏi dữ liệu cho tất cả các kho lưu trữ. | BA10: Thông báo: Rubina, USMH Phản hồi: Rubina Kiểm tra dữ liệu tệp đã nhận Nếu có sự cố xử lý, hãy sửa và thử lại Nếu có sự cố tệp, hãy liên hệ với BIPOROGY và VTI
B11: 3 | Q11: Nhật ký lỗi | Y11: Đã xảy ra lỗi trong quá trình sao lưu tệp chính {table_name} đã nhận. {error_message} | AN11: Khi nhận được tệp chính, sẽ xảy ra lỗi khi sao lưu tệp chính đã nhận. | BA11: Điểm đến thông báo: Rubina Hỗ trợ USMH: Rubina Kiểm tra nhật ký Sửa và thử lại
B12: 4 | Q12: Nhật ký lỗi | Y12: Đã xảy ra lỗi khi giải nén {file_name} {error_message} | AN12: Xảy ra lỗi khi giải nén dữ liệu trong quá trình nhận từ máy chủ POS. | BA12: Thông báo: Rubina, USMH Phản hồi: Rubina, Kiểm tra dữ liệu tệp đã nhận, Nếu có sự cố xử lý, hãy sửa và thử lại, Nếu có sự cố tệp, hãy liên hệ với VTI
B13: 5 | Q13: Nhật ký lỗi | Y13: Đã xảy ra lỗi trong quá trình sao lưu sau khi giải nén {file_name} {error_message} | AN13: Xảy ra lỗi khi sao lưu tệp ZIP nhận được từ máy chủ POS. | BA13: Thông báo: Rubina, USMH Phản hồi: Rubina, Kiểm tra dữ liệu tệp đã nhận, Nếu có sự cố xử lý, hãy sửa và thử lại, Nếu có sự cố tệp, hãy liên hệ với VTI
B14: 6 | J14: Nhập khẩu chính | Q14: Nhật ký lỗi | Y14: Đã xảy ra lỗi kết nối DB trong quá trình nhập bản sao {store_code}_{table_name}. {error_message} | AN14: Tôi gặp lỗi kết nối cơ sở dữ liệu khi nhập bản sao | BA14: Thông báo tới: ・Lubina ・Phản hồi của USMH: Lubina ・Kiểm tra cơ sở dữ liệu và mạng ・Nếu có sự cố xử lý, hãy khắc phục và thử lại
B15: 7 | Q15: Nhật ký lỗi | Y15: Đã xảy ra lỗi khi tải xuống tệp từ S3 trong quá trình nhập bản sao {store_code}_{table_name}. {error_message} | AN15: Tôi gặp lỗi khi tải xuống tệp từ S3 khi nhập bản sao. | BA15: Điểm đến thông báo: Rubyna USMH Hỗ trợ: Rubyna Kiểm tra S3 và mạng Nếu có sự cố xử lý, hãy khắc phục và thử lại
B16: 8 | Q16: Nhật ký lỗi | Y16: Đã xảy ra lỗi ngoại lệ trong quá trình nhập bản sao {store_code}_{table_name}. {error_message} | AN16: Đã xảy ra lỗi ngoại lệ trong quá trình nhập bản sao. | BA16: Thông báo: ・Lubina ・Phản hồi của USMH: Lubina ・Kiểm tra nhật ký, cơ sở dữ liệu và mạng ・Nếu có sự cố xử lý, hãy khắc phục và thử lại
B17: 9 | Q17: Nhật ký lỗi | Y17: Đã xảy ra lỗi khi tạo tệp END sau khi nhập bản sao {store_code}_{table_name}. {error_message} | AN17: Sau khi nhập bản sao, sẽ xảy ra lỗi khi tạo tệp END. | BA17: Điểm đến thông báo: Rubyna USMH Hỗ trợ: Rubyna Kiểm tra S3 và mạng Nếu có sự cố xử lý, hãy khắc phục và thử lại
B18: 10 | J18: Giám sát nhập khẩu chính | Q18: Nhật ký lỗi | Y18: {store_code} Dữ liệu P001 không được nhập | AN18: Vào lúc 00:00 hàng ngày, nó sẽ kiểm tra xem máy chủ P001 đã được nhập hay chưa, nếu dữ liệu chưa được nhập thì sẽ xảy ra lỗi. | BA18: Thông báo: BIPOROGY, Rubina, USMH Phản hồi: Rubina, Kiểm tra nhật ký, cơ sở dữ liệu, mạng, Nếu là sự cố xử lý, hãy khắc phục và thử lại
B19: 11 | Q19: Nhật ký lỗi | Y19: {store_code} Dữ liệu ItemMaster chưa được tải | AN19: Vào lúc 05:30 hàng ngày, hệ thống sẽ kiểm tra xem dữ liệu Itemmaster đã được nhập hay chưa, nếu dữ liệu chưa được nhập thì sẽ xảy ra lỗi. | BA19: Điểm đến thông báo: VTI, Rubina, USMH Được hỗ trợ: Rubina, SFTP, Kiểm tra mạng, Nếu có sự cố xử lý, hãy khắc phục và thử lại
B20: 12 | D20: /pos/log/export/error/ | J20: Tạo tệp thông tin (Sản phẩm/Giá bán) | Q20: Nhật ký lỗi | Y20: {store_code} Đã xảy ra lỗi kết nối cơ sở dữ liệu khi truy xuất thông tin lưu trữ trong quá trình tạo dữ liệu được liên kết. {error_message} | AN20: Ở bước bạn tạo thông tin (sản phẩm và giá bán), lỗi kết nối cơ sở dữ liệu xảy ra khi truy xuất thông tin cửa hàng. | BA20: Thông báo: ・Lubina ・Phản hồi của USMH: Lubina ・Kiểm tra nhật ký, cơ sở dữ liệu và mạng ・Nếu có sự cố xử lý, hãy khắc phục và thử lại
B21: 13 | Q21: Nhật ký lỗi | Y21: {store_code} Đã xảy ra lỗi ngoại lệ khi truy xuất thông tin cửa hàng trong quá trình tạo dữ liệu được liên kết. {error_message} | AN21: Lỗi ngoại lệ xảy ra khi truy xuất thông tin cửa hàng trong bước bạn tạo thông tin (sản phẩm/giá bán). | BA21: Thông báo: ・Lubina ・Phản hồi của USMH: Lubina ・Kiểm tra nhật ký, cơ sở dữ liệu và mạng ・Nếu có sự cố xử lý, hãy khắc phục và thử lại
B22: 14 | Q22: Nhật ký lỗi | Y22: {store_code} Xảy ra lỗi kết nối cơ sở dữ liệu khi xuất dữ liệu trong quá trình tạo dữ liệu được liên kết. {error_message} | AN22: Khi tạo thông tin sản phẩm/giá, xảy ra lỗi kết nối cơ sở dữ liệu. | BA22: Thông báo: ・Lubina ・Phản hồi của USMH: Lubina ・Kiểm tra nhật ký, cơ sở dữ liệu và mạng ・Nếu có sự cố xử lý, hãy khắc phục và thử lại
B23: 15 | Q23: Nhật ký lỗi | Y23: {store_code} Không thể xuất dữ liệu ra S3 khi tạo dữ liệu được liên kết {error_message} | AN23: Ở bước bạn tạo thông tin (sản phẩm/giá bán), việc xuất ra S3 sẽ không thành công khi tạo tệp TXT. | BA23: Thông báo tới: ・Lubina ・Phản hồi của USMH: Rubina ・Kiểm tra nhật ký, cơ sở dữ liệu, mạng và S3 ・Nếu có sự cố xử lý, hãy khắc phục và thử lại
B24: 16 | Q24: Nhật ký lỗi | Y24: {store_code} Đã xảy ra lỗi ngoại lệ khi xuất dữ liệu trong quá trình tạo dữ liệu được liên kết. {error_message} | AN24: Lỗi ngoại lệ xảy ra khi tạo tệp TXT ở bước bạn tạo thông tin sản phẩm và giá. | BA24: Thông báo tới: ・Lubina ・Phản hồi của USMH: Rubina ・Kiểm tra nhật ký, cơ sở dữ liệu, mạng và S3 ・Nếu có sự cố xử lý, hãy khắc phục và thử lại
B25: 17 | Q25: Nhật ký lỗi | Y25: Xảy ra lỗi khi tạo dữ liệu được liên kết bằng cách chia tệp TXT theo ngày và giờ gửi. {error_message} | AN25: Xảy ra lỗi khi tách tệp TXT ở bước bạn tạo thông tin (sản phẩm/giá bán). | BA25: Thông báo tới: ・Lubina ・Phản hồi của USMH: Rubina ・Kiểm tra nhật ký, dữ liệu, mạng và S3 ・Nếu có sự cố xử lý, hãy khắc phục và thử lại
B26: 18 | Q26: Nhật ký lỗi | Y26: Xảy ra lỗi khi lên lịch gửi theo ngày và giờ trong quá trình tạo dữ liệu được liên kết. {error_message} | AN26: Xảy ra lỗi khi lên lịch gửi tệp TXT trong bước bạn tạo thông tin (sản phẩm và giá bán). | BA26: Điểm đến thông báo: Rubyna, Phản hồi của USMH: Rubyna, Kiểm tra nhật ký và Eventbridge, Nếu có sự cố xử lý, hãy khắc phục và thử lại
B27: 19 | D27: /pos/log/sent/error | J27: (Sản phẩm/Giá bán) Tệp thông tin truyền tải | Q27: Nhật ký lỗi | Y27: Đã xảy ra lỗi kết nối cơ sở dữ liệu khi truy xuất thông tin lưu trữ khi gửi tệp {file_name}. {error_message} | AN27: Trong bước gửi thông tin (sản phẩm/giá bán), xảy ra lỗi kết nối cơ sở dữ liệu khi lấy thông tin gửi tệp. | BA27: Thông báo: Rubina, USMH (Kasumi và Ishida) Phản hồi: Rubina, kiểm tra nhật ký, cơ sở dữ liệu và mạng, nếu có sự cố xử lý, hãy sửa và thử lại, liên hệ với Ishida (trạng thái, tác động, kế hoạch thử lại)
B28: 20 | Q28: Nhật ký lỗi | Y28: Đã xảy ra lỗi ngoại lệ khi truy xuất thông tin lưu trữ khi gửi tệp {file_name}. {error_message} | AN28: Trong bước gửi thông tin (sản phẩm/giá bán), lỗi ngoại lệ xảy ra khi truy xuất thông tin gửi tệp. | BA28: Thông báo: Rubina, USMH (Kasumi và Ishida) Phản hồi: Rubina, kiểm tra nhật ký, cơ sở dữ liệu và mạng, nếu có sự cố xử lý, hãy sửa và thử lại, liên hệ với Ishida (trạng thái, tác động, kế hoạch thử lại)
B29: 21 | Q29: Nhật ký lỗi | Y29: Đã xảy ra lỗi kết nối khi kết nối với máy chủ FTP cho {file_name} {error_message} | AN29: Khi kết nối đến máy chủ FTP trong bước gửi thông tin (sản phẩm/giá bán), xảy ra lỗi kết nối. | BA29: Thông báo: Rubina, USMH (Kasumi và Ishida) Phản hồi: Rubina, hãy kiểm tra nhật ký và mạng, nếu có sự cố xử lý, hãy khắc phục và thử lại, liên hệ với Ishida (trạng thái, tác động, yêu cầu khôi phục máy chủ)
B30: 22 | Q30: Nhật ký lỗi | Y30: Đã xảy ra lỗi kết nối khi gửi tệp {file_name} {error_message} | AN30: Xảy ra lỗi khi gửi tệp ở bước bạn gửi thông tin (sản phẩm/giá bán). | BA30: Thông báo: Rubina, USMH (Kasumi và Ishida) Phản hồi: Rubina, kiểm tra nhật ký và mạng, nếu có sự cố xử lý, hãy sửa và thử lại, liên hệ với Ishida (trạng thái, tác động, kế hoạch thử lại)
B31: 23 | Q31: Nhật ký lỗi | Y31: Đã xảy ra lỗi ngoại lệ khi gửi tệp {file_name} {error_message} | AN31: Trong bước gửi thông tin (sản phẩm/giá bán), lỗi ngoại lệ xảy ra khi gửi tệp. | BA31: Thông báo: Rubina, USMH (Kasumi và Ishida) Phản hồi: Rubina, kiểm tra nhật ký và mạng, nếu có sự cố xử lý, hãy sửa và thử lại, liên hệ với Ishida (trạng thái, tác động, kế hoạch thử lại)
B32: 24 | Q32: Nhật ký lỗi | Y32: Đã xảy ra lỗi trong quá trình sao lưu sau khi gửi {file_name} {error_message} | AN32: Xảy ra lỗi trong quá trình sao lưu tệp khi gửi thông tin sản phẩm và giá. | BA32: Thông báo: Rubina, USMH (Kasumi và Ishida) Phản hồi: Rubina, hãy kiểm tra nhật ký, cơ sở dữ liệu và mạng, nếu có sự cố xử lý, hãy khắc phục và thử lại.

Sheet  Mẫu Email
A1: Tên hệ thống | K1: Loại hệ thống | W1: =IF( che [11]phủ!W1="","", che [11]phủ!W1) -> #NAME? | AP1: Tác giả | AT1: Ngày tạo | AY1: Cập nhật bởi | BC1: Ngày cập nhật | BH1: Số phiên bản
A2: =IF( che [11]phủ!A2="","", che [11]phủ!A2) -> #NAME? | K2: =IF( che [11]phủ!K2="","", che [11]phủ!K2) -> #NAME? | AP2: =IF( che [11]phủ!AP2="","", che [11]phủ!AP2) -> #NAME? | AT2: =IF( che [11]phủ!AT2="","", che [11]phủ!AT2) -> #NAME? | AY2: =IF( che [11]phủ!AY2="","", che [11]phủ!AY2) -> #NAME? | BC2: =IF( che [11]phủ!BC2="","", che [11]phủ!BC2) -> #NAME? | BH2: =IF( che [11]phủ!BH2="","", che [11]phủ!BH2) -> #NAME?
A4: Danh mục chức năng | H4: =IF( che [11]phủ!H4="","", che [11]phủ!H4) -> #NAME? | U4: mục | Z4: =IF( che [11]phủ!Z4="","", che [11]phủ!Z4) -> #NAME? | AP4: {=RIGHT(CELL("filename",$A$1),LEN(CELL("filename",$A$1))-FIND("]",CELL("filename",$A$1)))} -> #VALUE!
A7: 1. Mẫu email
B8: chủ thể
C9: 【{env}】【POS】【Lỗi】 {yyyy/mm/dd} {Thông báo CloudWatch}
B10: người nhận thư
C11: {"Gửi đến1","Gửi đến2","Gửi đến3"}
B12: Bồ Đề
C13: Thân gửi tất cả mọi người, Cảm ơn sự hỗ trợ của các bạn. Khi thực hiện lệnh xử lý chính, lỗi sau xảy ra. [Ngày và giờ xảy ra] {yyyy/mm/dd hh:mm:ss} [Nội dung lỗi] {cloudWatchMessage & errorMessage} [URL nhật ký AWS] {cloudwatch-log-url} Vui lòng liên hệ với người phụ trách. Vậy là xong.
B25: Nguồn
C26: Kênh GroupMail và Teams
A28: 2. Ví dụ
B29: chủ thể
C30: [Môi trường sản xuất] [POS] [Lỗi] 2025/07/24 20250724164000 Xảy ra lỗi kết nối khi kết nối với máy chủ FTP để gửi tệp ESLDATA.TXT.
B31: người nhận thư
C32: aws-pos-alert@luvina.net
C33: Nhóm email của Kasumi và Ishida
B34: Bồ Đề
C35: Thân gửi tất cả mọi người, Cảm ơn sự hỗ trợ của các bạn. Khi thực hiện lệnh xử lý chính, lỗi sau đã xảy ra. [Ngày và giờ xảy ra] 2025/07/24 16:40:05 [Nội dung lỗi] Đã xảy ra lỗi kết nối khi kết nối đến máy chủ FTP để gửi tệp 20250724164000ESLDATA.TXT. Không thể kết nối với máy chủ FTP 10.156.96.211 [URL nhật ký AWS]https://ap-northeast-1.console.aws.amazon.com/cloudwatch/home?region=ap-northeast-1#logsV2:log-groups/log-group/$252Fpos$252Flog$252Fsent$252F2025$252F07$252F12$252F/log-events/313b6c6e-0081-43ba-9794-e8cdf95542e7Vui lòng kiểm tra với người phụ trách.
B51: Nguồn
C52: Kênh GroupMail và Teams
