Workbook

Sheet 表紙
A1: システム名 | K1: システム種別 | W1: 基本設計書 | AP1: 作成者 | AT1: 作成日 | AY1: 更新者 | BC1: 更新日 | BH1: 版数
A2: POSサーバー | K2: POSサーバー | AP2: =改訂履歴!$H$11 -> LoiLV | AT2: =改訂履歴!$B$11 -> 45421 | AY2: =LOOKUP(2,1/(改訂履歴!H11:H30000<>""),改訂履歴!H11:H30000) -> LoiLV | BC2: =LOOKUP(2,1/(改訂履歴!B11:B30000<>""),改訂履歴!B11:B30000) -> 45517 | BH2: =LOOKUP(2,1/(改訂履歴!O11:O30000<>""),改訂履歴!O11:O30000) -> 0.3.7
A4: 機能カテゴリ | H4: 25_取扱設定マスタ設定(KSM) | U4: 項目 | Z4: 概要設計書 | AP4: {=RIGHT(CELL("filename",$A$1),LEN(CELL("filename",$A$1))-FIND("]",CELL("filename",$A$1)))} -> 表紙
L16: POSサーバーの基本設計書
L24: =K2&"/"&H4&"/"&Z4 -> POSサーバー/25_取扱設定マスタ設定(KSM)/概要設計書
Q44: 承認日 | AA44: 承認者 | AQ44: 版数

Sheet 改訂履歴
A1: システム名 | K1: システム種別 | W1: =IF(表紙!W1="","",表紙!W1) -> 基本設計書 | AP1: 作成者 | AT1: 作成日 | AY1: 更新者 | BC1: 更新日 | BH1: 版数
A2: =IF(表紙!A2="","",表紙!A2) -> POSサーバー | K2: =IF(表紙!K2="","",表紙!K2) -> POSサーバー | AP2: =IF(表紙!AP2="","",表紙!AP2) -> LoiLV | AT2: =IF(表紙!AT2="","",表紙!AT2) -> 45421 | AY2: =IF(表紙!AY2="","",表紙!AY2) -> LoiLV | BC2: =IF(表紙!BC2="","",表紙!BC2) -> 45517 | BH2: =IF(表紙!BH2="","",表紙!BH2) -> 0.3.7
A4: 機能カテゴリ | H4: =IF(表紙!H4="","",表紙!H4) -> 25_取扱設定マスタ設定(KSM) | U4: 項目 | Z4: =IF(表紙!Z4="","",表紙!Z4) -> 概要設計書 | AP4: {=RIGHT(CELL("filename",$A$1),LEN(CELL("filename",$A$1))-FIND("]",CELL("filename",$A$1)))} -> 改訂履歴
B8: ■改訂履歴
B10: 更新日 | H10: 更新者 | O10: 版数 | S10: 更新内容 | AX10: 承認日 | BD10: 承認者
B11: 45421 | H11: LoiLV | O11: 0.1 | S11: 新規作成
B13: 45426 | H13: LoiLV | O13: 0.2 | S13: 更新
B15: 45428 | H15: LoiLV | O15: 0.3 | S15: 更新
B17: 45429 | H17: LoiLV | O17: 0.3.1 | S17: 更新
B19: 45439 | H19: LoiLV | O19: 0.3.2 | S19: 2024年05月23日のコメントによる更新
B21: 45448 | H21: LoiLV | O21: 0.3.3 | S21: 2024年06月04日のコメントによる更新
B23: 45447 | H23: KSM | O23: 0.3.4 | S23: コメントによる更新
B25: 45453 | H25: KSM | O25: 0.3.5 | S25: 2024年06月06日のコメントによる更新
B27: 45457 | H27: KSM | O27: 0.3.6 | S27: 「取扱有無と下位階層も同設定の詳細」シート：2024年06月06日のコメントによる更新
B29: 45517 | H29: LoiLV | O29: 0.3.7 | S29: シート：機能概要、取扱有無と下位階層も同設定の詳細
S30: 指摘履歴シートによる更新

Sheet 指摘履歴
A1: システム名 | K1: システム種別 | W1: =IF([1]表紙!W1="","",[1]表紙!W1) -> 基本設計書 | AP1: 作成者 | AT1: 作成日 | AY1: 更新者 | BC1: 更新日 | BH1: 版数
A2: =IF([1]表紙!A2="","",[1]表紙!A2) -> POSサーバー | K2: =IF([1]表紙!K2="","",[1]表紙!K2) -> POSサーバー | AP2: カスミ | AT2: 45488 | AY2: 佐々木 | BC2: 45488
A4: 機能カテゴリ | H4: =IF([1]表紙!H4="","",[1]表紙!H4) -> 25_取扱設定マスタ設定(KSM) | U4: 項目 | Z4: =IF([1]表紙!Z4="","",[1]表紙!Z4) -> 概要設計書 | AP4: 指摘履歴
B8: ■改訂履歴
B10: 更新日 | H10: 更新者 | O10: 版数 | S10: 更新内容 | AX10: 承認日 | BD10: 承認者
B11: 45449 | H11: カスミ 佐々木 | S11: 機能概要
S12: 連携されていない場合、「選択された店舗はテナント連携が行われている店舗で はないため、当機能は利用できません。」メッセージを含むエラーモダールが表示される。=>店舗マスタに【ウエルシア社扱い区分】で対象店を設定する。という考慮が必要
B13: 45449 | H13: カスミ 佐々木 | S13: 機能概要
S14: ・有:●〇、無: 〇●を有:●、無: 〇で表示することの方が見易い
B15: 45449 | H15: カスミ 佐々木 | S15: 機能概要
S16: ・部門コード: 名称：データありが必須‣品郡コード: 名称：設定がない場合、「-」を表示する。 ・品種コード: 名称：設定がない場合、「-」を表示する。 ・分類コード: 名称：設定がない場合、「-」を表示する。 ＝＞「ー」表示はなくなる。
B17: 45449 | H17: カスミ 佐々木 | S17: 機能概要
S18: ・「編集」ボタンをタッチすると、MD2501_商品部門編集モダールが表示される。選択行がない場合、「明細行が選択されていません。」エラーモダールが表示される。 ＝＞編集ボタン、MD2501_商品部門編集モダールはなくなる認識
B19: 45449 | H19: カスミ 佐々木 | S19: 機能概要
S20: ・単品で【商品採用店舗確認】画面で設定が行われている場合は除外する
B21: 45449 | H21: カスミ 佐々木 | S21: 機能概要
S22: この画面は部門設定の画面でした。 「単品で【商品採用店舗確認】画面で設定が行われている場合は除外する」は無効として下さい。
B23: 45449 | H23: カスミ 佐々木 | S23: 取扱有無と下位階層も同設定の詳細
S24: ・「1. 商品には取扱有無が設定されていない場合」とはどんな場合でしょうか ※ 【商品採用店舗確認】画面で設定のことでしょうか？
B25: 45449 | H25: カスミ 佐々木 | S25: 取扱有無と下位階層も同設定の詳細
S26: ・下位階層同設定ボタンは常に押下可能という認識です。_x000B_

Sheet 業務フロー凡例
A1: システム名 | K1: システム種別 | W1: =IF(表紙!W1="","",表紙!W1) -> 基本設計書 | AP1: 作成者 | AT1: 作成日 | AY1: 更新者 | BC1: 更新日 | BH1: 版数
A2: =IF(表紙!A2="","",表紙!A2) -> POSサーバー | K2: =IF(表紙!K2="","",表紙!K2) -> POSサーバー | AP2: =IF(表紙!AP2="","",表紙!AP2) -> LoiLV | AT2: 45084 | AY2: =IF(表紙!AY2="","",表紙!AY2) -> LoiLV | BC2: =IF(表紙!BC2="","",表紙!BC2) -> 45517 | BH2: =IF(表紙!BH2="","",表紙!BH2) -> 0.3.7
A4: 機能カテゴリ | H4: =IF(表紙!H4="","",表紙!H4) -> 25_取扱設定マスタ設定(KSM) | U4: 項目 | Z4: =IF(表紙!Z4="","",表紙!Z4) -> 概要設計書 | AP4: {=RIGHT(CELL("filename",$A$1),LEN(CELL("filename",$A$1))-FIND("]",CELL("filename",$A$1)))} -> 業務フロー凡例
B7: ●1_レジ内
B22: ●1_レジ周辺機器
B42: ●外部連携

Sheet 機能概要説明
A1: システム名 | K1: システム種別 | W1: =IF(表紙!W1="","",表紙!W1) -> 基本設計書 | AP1: 作成者 | AT1: 作成日 | AY1: 更新者 | BC1: 更新日 | BH1: 版数
A2: =IF(表紙!A2="","",表紙!A2) -> POSサーバー | K2: =IF(表紙!K2="","",表紙!K2) -> POSサーバー | AP2: =IF(表紙!AP2="","",表紙!AP2) -> LoiLV | AT2: =IF(表紙!AT2="","",表紙!AT2) -> 45421 | AY2: =IF(表紙!AY2="","",表紙!AY2) -> LoiLV | BC2: =IF(表紙!BC2="","",表紙!BC2) -> 45517 | BH2: =IF(表紙!BH2="","",表紙!BH2) -> 0.3.7
A4: 機能カテゴリ | H4: =IF(表紙!H4="","",表紙!H4) -> 25_取扱設定マスタ設定(KSM) | U4: 項目 | Z4: =IF(表紙!Z4="","",表紙!Z4) -> 概要設計書 | AP4: {=RIGHT(CELL("filename",$A$1),LEN(CELL("filename",$A$1))-FIND("]",CELL("filename",$A$1)))} -> 機能概要説明
B7: 取扱設定マスタ設定(KSM)では次のことが可能になる。 | BM7: =IF(BM6=50,1,BM6+1) -> 1
C8: ・各レベルに分類された商品部門を閲覧する。 | BM8: =IF(BM7=50,1,BM7+1) -> 2
C9: ・商品部門の取扱有無を設定: 有、無 | BM9: =IF(BM8=50,1,BM8+1) -> 3
C10: ・部門の一括取扱有無を設定する。
C11: ・この設定は商品部門に関連する画面、機能に適用される。 | BM11: =IF(BM9=50,1,BM9+1) -> 4
C12: ・カスミ様の店舗のみ適用 | BM12: =IF(BM11=50,1,BM11+1) -> 5
BM13: =IF(BM12=50,1,BM12+1) -> 6
BM14: =IF(BM13=50,1,BM13+1) -> 7
BM15: =IF(BM14=50,1,BM14+1) -> 8
BM16: =IF(BM15=50,1,BM15+1) -> 9
BM17: =IF(BM16=50,1,BM16+1) -> 10
BM18: =IF(BM17=50,1,BM17+1) -> 11
BM19: =IF(BM18=50,1,BM18+1) -> 12
BM20: =IF(BM19=50,1,BM19+1) -> 13
BM21: =IF(BM20=50,1,BM20+1) -> 14
BM22: =IF(BM21=50,1,BM21+1) -> 15
BM23: =IF(BM22=50,1,BM22+1) -> 16
BM24: =IF(BM23=50,1,BM23+1) -> 17
... BM58: =IF(BM57=50,1,BM57+1) -> 1

Sheet 機能概要
A1: システム名 | K1: システム種別 | W1: =IF(表紙!W1="","",表紙!W1) -> 基本設計書 | AP1: 作成者 | AT1: 作成日 | AY1: 更新者 | BC1: 更新日 | BH1: 版数
A2: =IF(表紙!A2="","",表紙!A2) -> POSサーバー | K2: =IF(表紙!K2="","",表紙!K2) -> POSサーバー | AP2: =IF(表紙!AP2="","",表紙!AP2) -> LoiLV | AT2: =IF(表紙!AT2="","",表紙!AT2) -> 45421 | AY2: =IF(表紙!AY2="","",表紙!AY2) -> LoiLV | BC2: =IF(表紙!BC2="","",表紙!BC2) -> 45517 | BH2: =IF(表紙!BH2="","",表紙!BH2) -> 0.3.7
A4: 機能カテゴリ | H4: =IF(表紙!H4="","",表紙!H4) -> 25_取扱設定マスタ設定(KSM) | U4: 項目 | Z4: =IF(表紙!Z4="","",表紙!Z4) -> 概要設計書 | AP4: {=RIGHT(CELL("filename",$A$1),LEN(CELL("filename",$A$1))-FIND("]",CELL("filename",$A$1)))} -> 機能概要
B7: 25_取扱設定マスタ設定(KSM)
BM8: =IF(BM7=50,1,BM7+1) -> 1
BM9: =IF(BM8=50,1,BM8+1) -> 2
BM10: =IF(BM9=50,1,BM9+1) -> 3
BM11: =IF(BM10=50,1,BM10+1) -> 4
BM12: =IF(BM11=50,1,BM11+1) -> 5
BM13: =IF(BM12=50,1,BM12+1) -> 6
BM14: =IF(BM13=50,1,BM13+1) -> 7
BM15: =IF(BM14=50,1,BM14+1) -> 8
BM16: =IF(BM15=50,1,BM15+1) -> 9
BM17: =IF(BM16=50,1,BM16+1) -> 10
BM18: =IF(BM17=50,1,BM17+1) -> 11
BM19: =IF(BM18=50,1,BM18+1) -> 12
BM20: =IF(BM19=50,1,BM19+1) -> 13
BM21: =IF(BM20=50,1,BM20+1) -> 14 | BO21: SC2501_取扱設定マスタ設定(KSM)画面
BM22: =IF(BM21=50,1,BM21+1) -> 15
BM23: =IF(BM22=50,1,BM22+1) -> 16
BM24: =IF(BM23=50,1,BM23+1) -> 17
BM25: =IF(BM24=50,1,BM24+1) -> 18
BM26: =IF(BM25=50,1,BM25+1) -> 19
BM27: =IF(BM26=50,1,BM26+1) -> 20
BM28: =IF(BM27=50,1,BM27+1) -> 21
BM29: =IF(BM28=50,1,BM28+1) -> 22
BM30: =IF(BM29=50,1,BM29+1) -> 23
BM31: =IF(BM30=50,1,BM30+1) -> 24
BM32: =IF(BM31=50,1,BM31+1) -> 25
BM33: =IF(BM32=50,1,BM32+1) -> 26
... BM43: =IF(BM42=50,1,BM42+1) -> 36
BM44: =IF(BM43=50,1,BM43+1) -> 37 | BO44: SC2501_取扱設定マスタ設定(KSM)画面
BM45: =IF(BM44=50,1,BM44+1) -> 38 | BO45: 修正後 | CX45: 修正前
BM46: =IF(BM45=50,1,BM45+1) -> 39
BM47: =IF(BM46=50,1,BM46+1) -> 40
BM48: =IF(BM47=50,1,BM47+1) -> 41
BM49: =IF(BM48=50,1,BM48+1) -> 42
BM50: =IF(BM49=50,1,BM49+1) -> 43
BM51: =IF(BM50=50,1,BM50+1) -> 44
BM52: =IF(BM51=50,1,BM51+1) -> 45
BM53: =IF(BM52=50,1,BM52+1) -> 46
BM54: =IF(BM53=50,1,BM53+1) -> 47
BM55: =IF(BM54=50,1,BM54+1) -> 48
BM56: =IF(BM55=50,1,BM55+1) -> 49
BM57: =IF(BM56=50,1,BM56+1) -> 50
BM58: 1
BM59: 2
BM60: 3
BM61: 4
BM62: 5
BM63: 6
BM64: 7
BM65: 8
BM66: 9
BM67: 10
BM68: 11
BM69: 12
... BM109: 2

Sheet 画面設計書
A1: システム名 | K1: システム種別 | W1: =IF(表紙!W1="","",表紙!W1) -> 基本設計書 | AP1: 作成者 | AT1: 作成日 | AY1: 更新者 | BC1: 更新日 | BH1: 版数
A2: =IF(表紙!A2="","",表紙!A2) -> POSサーバー | K2: =IF(表紙!K2="","",表紙!K2) -> POSサーバー | AP2: =IF(表紙!AP2="","",表紙!AP2) -> LoiLV | AT2: =IF(表紙!AT2="","",表紙!AT2) -> 45421 | AY2: =IF(表紙!AY2="","",表紙!AY2) -> LoiLV | BC2: =IF(表紙!BC2="","",表紙!BC2) -> 45517 | BH2: =IF(表紙!BH2="","",表紙!BH2) -> 0.3.7
A4: 機能カテゴリ | H4: =IF(表紙!H4="","",表紙!H4) -> 25_取扱設定マスタ設定(KSM) | U4: 項目 | Z4: =IF(表紙!Z4="","",表紙!Z4) -> 概要設計書 | AP4: =MID(CELL("filename",A1),FIND("]",CELL("filename",A1))+1,255) -> 画面設計書
B7: ■ログイン画面のイメージ
B35: ■画面項目定義
B37: 画面項目ID | D37: 項目 | K37: タイプ | N37: I/O | O37: 多言語対象 | P37: アウトプット | AR37: インプット | BC37: 備考
P38: マッピングデータ | X38: 初期値 | AA38: 表示コントロール | AI38: Control enable | AR38: 必須 | AS38: 数字 | AT38: 文字 | AU38: マッピングデータ
P39: API名 | T39: 項目 | AU39: API名 | AY39: 項目
B40: 1 | K40: テキスト | N40: － | O40: ● | P40: － | T40: － | X40: Android POS Control | AA40: ー | AI40: － | AR40: － | AS40: ー | AT40: ー | AU40: － | AY40: ー
B41: 2 | K41: テキスト | N41: O | O41: ● | P41: － | T41: － | X41: User ID | AA41: ー | AI41: ー | AR41: － | AS41: ー | AT41: ー | AU41: － | AY41: ー
B42: 3 | K42: テキスト | N42: I | O42: － | P42: － | X42: － | AA42: ー | AI42: ー | AR42: － | AS42: ー | AT42: ー | AU42: － | AY42: ー
B43: 4 | K43: テキスト | N43: O | O43: ● | P43: － | T43: － | X43: Password | AA43: ー | AI43: ー | AR43: － | AS43: ー | AT43: ー | AU43: － | AY43: ー
B44: 5 | K44: EditText | N44: I | O44: － | P44: － | T44: － | X44: － | AA44: ー | AI44: ー | AR44: － | AS44: ー | AT44: ー | AU44: － | AY44: ー
B45: 6 | K45: ボタン | N45: I | O45: ● | P45: － | T45: － | X45: Login | AA45: ー | AI45: Enable | AR45: － | AS45: ー | AT45: ー | AU45: － | AY45: ー | BC45: Login-01/EmployeeMaster

Sheet 取扱有無と下位階層も同設定の詳細
A1: システム名 | K1: システム種別 | W1: =IF(表紙!W1="","",表紙!W1) -> 基本設計書 | AP1: 作成者 | AT1: 作成日 | AY1: 更新者 | BC1: 更新日 | BH1: 版数
A2: =IF(表紙!A2="","",表紙!A2) -> POSサーバー | K2: =IF(表紙!K2="","",表紙!K2) -> POSサーバー | AP2: =IF(表紙!AP2="","",表紙!AP2) -> LoiLV | AT2: =IF(表紙!AT2="","",表紙!AT2) -> 45421 | AY2: =IF(表紙!AY2="","",表紙!AY2) -> LoiLV | BC2: =IF(表紙!BC2="","",表紙!BC2) -> 45517 | BH2: =IF(表紙!BH2="","",表紙!BH2) -> 0.3.7
A4: 機能カテゴリ | H4: =IF(表紙!H4="","",表紙!H4) -> 25_取扱設定マスタ設定(KSM) | U4: 項目 | Z4: =IF(表紙!Z4="","",表紙!Z4) -> 概要設計書 | AP4: {=RIGHT(CELL("filename",$A$1),LEN(CELL("filename",$A$1))-FIND("]",CELL("filename",$A$1)))} -> 取扱有無と下位階層も同設定の詳細
B7: 取扱有無と下位階層も同設定の詳細説明
C9: 取扱有無と下位階層も同設定のボタン状態を変更する。
D10: ・取扱有無は取扱設定マスタ編集モダール又は各レコードの「下位階層も同設定」項目にある四角をタッチすることで変更可能
D11: ・「下位階層も同設定」項目の状態：「下位階層も同設定」ボタンが常に有効になる。
E12: ‣部門、品群、品種の状態：全コピー/■、カスタム/□
E13: ‣分類の状態：「-」（品種に従って表示する）
D14: ・下位階層も同設定で黒四角を設定した場合、
E15: ‣部門のレコードで
F16: 品群、品種、分類のレコードの取扱有無を部門に従って設定する。
E17: ‣品群のレコードで
F18: 品種、分類のレコードの取扱有無を品群に従って設定する。
E19: + 品種のレコードで
F20: 分類のレコードを品種に従って設定する。
E21: +分類のレコードで
F22: 他のレコードの取扱有無を変更しない。
D23: ・下位階層も同設定で白い四角を設定した場合
E24: ‣部門、品群、品種のレコードで
F25: 他のレコードの取扱有無を変更しない。
D27: 1. 商品に取扱有無が設定されていない場合、
E28: ・取扱有無：ブランク
E29: ・下位階層も同設定：ブランク
D30: 2. 部門の取扱有無の設定を変更する。
E31: ・「下位階層も同設定」項目では白い四角ボタンを表示する。
E32: ・白い四角ボタンをタッチする。
F33: ‣編集中の部門レコード: 下位階層も同設定で黒い四角ボタンを表示する。
F34: ‣編集中の部門に属する品群、品種、分類のレコード（同一部門コード）：
G35: ▸ 取扱有無を編集中の部門の状態に変更する。
G36: ▸ 品群、品種、分類の下位階層も同設定：黒い四角ボタンを表示する。分類：「-」を表示する。
F38: 部門 | J38: 品群 | O38: 品種 | T38: 分類 | X38: 取扱有無 | AA38: 下位階層も同設定 | AG38: 部門 | AK38: 品群 | AP38: 品種 | AU38: 分類 | AY38: 取扱有無 | BB38: 下位階層も同設定
F39: 01 : 部門 | J39: - | O39: - | T39: - | X39: 有 | AG39: 01 : 部門 | AK39: - | AP39: - | AU39: - | AY39: 有
F40: 01 : 部門 | J40: 1001 : 品群 | O40: - | T40: - | X40: 無 | AG40: 01 : 部門 | AK40: 1001 : 品群 | AP40: - | AU40: - | AY40: 有
F41: 01 : 部門 | J41: 1001 : 品群 | O41: 1090 : 品種 | T41: - | X41: 無 | AG41: 01 : 部門 | AK41: 1001 : 品群 | AP41: 1090 : 品種 | AU41: - | AY41: 有
F42: 01 : 部門 | J42: 1001 : 品群 | O42: 1090 : 品種 | T42: 1091 : 分類 | X42: 無 | AF42: => | AG42: 01 : 部門 | AK42: 1001 : 品群 | AP42: 1090 : 品種 | AU42: 1091 : 分類 | AY42: 有
F43: 01 : 部門 | J43: 1001 : 品群 | O43: 1090 : 品種 | T43: 1092 : 分類 | X43: 無 | AG43: 01 : 部門 | AK43: 1001 : 品群 | AP43: 1090 : 品種 | AU43: 1092 : 分類 | AY43: 有
F44: 01 : 部門 | J44: 1001 : 品群 | O44: 1090 : 品種 | T44: 1093 : 分類 | X44: 無 | AG44: 01 : 部門 | AK44: 1001 : 品群 | AP44: 1090 : 品種 | AU44: 1093 : 分類 | AY44: 有
F45: 01 : 部門 | J45: 1001 : 品群 | O45: 1090 : 品種 | T45: 1094 : 分類 | X45: 無 | AG45: 01 : 部門 | AK45: 1001 : 品群 | AP45: 1090 : 品種 | AU45: 1094 : 分類 | AY45: 有
F46: 02 : 部門 | J46: - | O46: - | T46: - | X46: 無 | AG46: 02 : 部門 | AK46: - | AP46: - | AU46: - | AY46: 無
F49: 部門 | J49: 品群 | O49: 品種 | T49: 分類 | X49: 取扱有無 | AA49: 下位階層も同設定 | AG49: 部門 | AK49: 品群 | AP49: 品種 | AU49: 分類 | AY49: 取扱有無 | BB49: 下位階層も同設定
F50: 01 : 部門 | J50: - | O50: - | T50: - | X50: 無 | AG50: 01 : 部門 | AK50: - | AP50: - | AU50: - | AY50: 無
F51: 01 : 部門 | J51: 1001 : 品群 | O51: - | T51: - | X51: 有 | AG51: 01 : 部門 | AK51: 1001 : 品群 | AP51: - | AU51: - | AY51: 無
F52: 01 : 部門 | J52: 1001 : 品群 | O52: 1090 : 品種 | T52: - | X52: 有 | AG52: 01 : 部門 | AK52: 1001 : 品群 | AP52: 1090 : 品種 | AU52: - | AY52: 無
F53: 01 : 部門 | J53: 1001 : 品群 | O53: 1090 : 品種 | T53: 1091 : 分類 | X53: 有 | AF53: => | AG53: 01 : 部門 | AK53: 1001 : 品群 | AP53: 1090 : 品種 | AU53: 1091 : 分類 | AY53: 無 | BG53: => (3)
F54: 01 : 部門 | J54: 1001 : 品群 | O54: 1090 : 品種 | T54: 1092 : 分類 | X54: 有 | AG54: 01 : 部門 | AK54: 1001 : 品群 | AP54: 1090 : 品種 | AU54: 1092 : 分類 | AY54: 無
F55: 01 : 部門 | J55: 1001 : 品群 | O55: 1090 : 品種 | T55: 1093 : 分類 | X55: 有 | AG55: 01 : 部門 | AK55: 1001 : 品群 | AP55: 1090 : 品種 | AU55: 1093 : 分類 | AY55: 無
F56: 01 : 部門 | J56: 1001 : 品群 | O56: 1090 : 品種 | T56: 1094 : 分類 | X56: 有 | AG56: 01 : 部門 | AK56: 1001 : 品群 | AP56: 1090 : 品種 | AU56: 1094 : 分類 | AY56: 無
F57: 02 : 部門 | J57: - | O57: - | T57: - | X57: 無 | AG57: 02 : 部門 | AK57: - | AP57: - | AU57: - | AY57: 無
D60: 3. 品群の取扱有無の設定を変更する。
E61: ・「下位階層も同設定」項目: 編集中のレコードと編集レコードを含む部門のレコードでは白い四角ボタンを表示する。
E62: ・白い四角ボタンをタッチする。
F63: ‣部門レコード: 取扱有無、下位階層も同設定を変更しない。
F64: ‣編集中の品群に属している品種、分類のレコード (同一品群コード):
G65: ▸ 取扱有無を編集中の品群の状態に変更する。
G66: ▸品種、分類の下位階層も同設定：黒い四角ボタンを表示する。分類：「-」を表示する。
F68: 部門 | J68: 品群 | O68: 品種 | T68: 分類 | X68: 取扱有無 | AA68: 下位階層も同設定 | AG68: 部門 | AK68: 品群 | AP68: 品種 | AU68: 分類 | AY68: 取扱有無 | BB68: 下位階層も同設定
F69: 01 : 部門 | J69: - | O69: - | T69: - | X69: 無 | AG69: 01 : 部門 | AK69: - | AP69: - | AU69: - | AY69: 無
F70: 01 : 部門 | J70: 1001 : 品群 | O70: - | T70: - | X70: 有 | AG70: 01 : 部門 | AK70: 1001 : 品群 | AP70: - | AU70: - | AY70: 有
F71: 01 : 部門 | J71: 1001 : 品群 | O71: 1090 : 品種 | T71: - | X71: 無 | AG71: 01 : 部門 | AK71: 1001 : 品群 | AP71: 1090 : 品種 | AU71: - | AY71: 有
D72: (3)=> | F72: 01 : 部門 | J72: 1001 : 品群 | O72: 1090 : 品種 | T72: 1091 : 分類 | X72: 無 | AF72: => | AG72: 01 : 部門 | AK72: 1001 : 品群 | AP72: 1090 : 品種 | AU72: 1091 : 分類 | AY72: 有 | BG72: => (4)
F73: 01 : 部門 | J73: 1001 : 品群 | O73: 1090 : 品種 | T73: 1092 : 分類 | X73: 無 | AG73: 01 : 部門 | AK73: 1001 : 品群 | AP73: 1090 : 品種 | AU73: 1092 : 分類 | AY73: 有
F74: 01 : 部門 | J74: 1001 : 品群 | O74: 1090 : 品種 | T74: 1093 : 分類 | X74: 無 | AG74: 01 : 部門 | AK74: 1001 : 品群 | AP74: 1090 : 品種 | AU74: 1093 : 分類 | AY74: 有
F75: 01 : 部門 | J75: 1001 : 品群 | O75: 1090 : 品種 | T75: 1094 : 分類 | X75: 無 | AG75: 01 : 部門 | AK75: 1001 : 品群 | AP75: 1090 : 品種 | AU75: 1094 : 分類 | AY75: 有
F76: 02 : 部門 | J76: - | O76: - | T76: - | X76: 無 | AG76: 02 : 部門 | AK76: - | AP76: - | AU76: - | AY76: 無
D78: 4. 品種の取扱有無の設定を変更する。
E79: ・下位階層も同設定：編集中のレコードと編集レコードを含む部門、品群のレコードでは白い四角ボタンを表示する。
E80: ・白い四角ボタンをタッチする。
F81: ‣部門、品群レコード: 取扱有無、下位階層も同設定を変更しない。
F82: ‣編集中の品種に属している分類のレコード(同一品種コード):
G83: ▸ 取扱有無を編集中の品種の状態に変更する。
G84: ▸ 下位階層も同設定：黒い四角ボタンを表示する。
F86: 部門 | J86: 品群 | O86: 品種 | T86: 分類 | X86: 取扱有無 | AA86: 下位階層も同設定 | AG86: 部門 | AK86: 品群 | AP86: 品種 | AU86: 分類 | AY86: 取扱有無 | BB86: 下位階層も同設定
F87: 01 : 部門 | J87: - | O87: - | T87: - | X87: 無 | AG87: 01 : 部門 | AK87: - | AP87: - | AU87: - | AY87: 無
F88: 01 : 部門 | J88: 1001 : 品群 | O88: - | T88: - | X88: 有 | AG88: 01 : 部門 | AK88: 1001 : 品群 | AP88: - | AU88: - | AY88: 有
F89: 01 : 部門 | J89: 1001 : 品群 | O89: 1090 : 品種 | T89: - | X89: 無 | AG89: 01 : 部門 | AK89: 1001 : 品群 | AP89: 1090 : 品種 | AU89: - | AY89: 無
D90: (4)=> | F90: 01 : 部門 | J90: 1001 : 品群 | O90: 1090 : 品種 | T90: 1091 : 分類 | X90: 有 | AF90: => | AG90: 01 : 部門 | AK90: 1001 : 品群 | AP90: 1090 : 品種 | AU90: 1091 : 分類 | AY90: 無
F91: 01 : 部門 | J91: 1001 : 品群 | O91: 1090 : 品種 | T91: 1092 : 分類 | X91: 有 | AG91: 01 : 部門 | AK91: 1001 : 品群 | AP91: 1090 : 品種 | AU91: 1092 : 分類 | AY91: 無
F92: 01 : 部門 | J92: 1001 : 品群 | O92: 1090 : 品種 | T92: 1093 : 分類 | X92: 有 | AG92: 01 : 部門 | AK92: 1001 : 品群 | AP92: 1090 : 品種 | AU92: 1093 : 分類 | AY92: 無
F93: 01 : 部門 | J93: 1001 : 品群 | O93: 1090 : 品種 | T93: 1094 : 分類 | X93: 有 | AG93: 01 : 部門 | AK93: 1001 : 品群 | AP93: 1090 : 品種 | AU93: 1094 : 分類 | AY93: 無
F94: 02 : 部門 | J94: - | O94: - | T94: - | X94: 無 | AG94: 02 : 部門 | AK94: - | AP94: - | AU94: - | AY94: 無
D96: 5. 分類の取扱有無の設定を変更する。
E97: ・「下位階層も同設定」項目: 編集中のレコードを含む部門、品群、品種のレコードでは白い四角ボタンを表示する。
E98: ・白い四角ボタンをタッチする。
F99: +部門、品群、品種のレコード: 取扱有無、下位階層も同設定を変更しない。
F100: +他の分類のレコード： 取扱有無、下位階層も同設定を表示しない。
F102: 部門 | J102: 品群 | O102: 品種 | T102: 分類 | X102: 取扱有無 | AA102: 下位階層も同設定 | AG102: 部門 | AK102: 品群 | AP102: 品種 | AU102: 分類 | AY102: 取扱有無 | BB102: 下位階層も同設定
F103: 01 : 部門 | J103: - | O103: - | T103: - | X103: 無 | AG103: 01 : 部門 | AK103: - | AP103: - | AU103: - | AY103: 無
F104: 01 : 部門 | J104: 1001 : 品群 | O104: - | T104: - | X104: 無 | AG104: 01 : 部門 | AK104: 1001 : 品群 | AP104: - | AU104: - | AY104: 無
F105: 01 : 部門 | J105: 1001 : 品群 | O105: 1090 : 品種 | T105: - | X105: 無 | AG105: 01 : 部門 | AK105: 1001 : 品群 | AP105: 1090 : 品種 | AU105: - | AY105: 無
F106: 01 : 部門 | J106: 1001 : 品群 | O106: 1090 : 品種 | T106: 1091 : 分類 | X106: 無 | AF106: => | AG106: 01 : 部門 | AK106: 1001 : 品群 | AP106: 1090 : 品種 | AU106: 1091 : 分類 | AY106: 有
F107: 01 : 部門 | J107: 1001 : 品群 | O107: 1090 : 品種 | T107: 1092 : 分類 | X107: 無 | AG107: 01 : 部門 | AK107: 1001 : 品群 | AP107: 1090 : 品種 | AU107: 1092 : 分類 | AY107: 無
F108: 01 : 部門 | J108: 1001 : 品群 | O108: 1090 : 品種 | T108: 1093 : 分類 | X108: 無 | AG108: 01 : 部門 | AK108: 1001 : 品群 | AP108: 1090 : 品種 | AU108: 1093 : 分類 | AY108: 無
F109: 01 : 部門 | J109: 1001 : 品群 | O109: 1090 : 品種 | T109: 1094 : 分類 | X109: 無 | AG109: 01 : 部門 | AK109: 1001 : 品群 | AP109: 1090 : 品種 | AU109: 1094 : 分類 | AY109: 無
F110: 02 : 部門 | J110: - | O110: - | T110: - | X110: 無 | AG110: 02 : 部門 | AK110: - | AP110: - | AU110: - | AY110: 無
D113: 6. 部門：「下位階層も同設定」項目では黒い四角ボタンを表示する。
E114: ・黒い四角ボタンをタッチする。
F115: ‣他のレコードでは取扱有無、下位階層も同設定を変更しない。
F116: ‣下位階層も同設定項目では白い四角ボタンを表示する。
F118: 部門 | J118: 品群 | O118: 品種 | T118: 分類 | X118: 取扱有無 | AA118: 下位階層も同設定 | AG118: 部門 | AK118: 品群 | AP118: 品種 | AU118: 分類 | AY118: 取扱有無 | BB118: 下位階層も同設定
...

Sheet テンプレート
A1: システム名 | K1: システム種別 | W1: =IF(表紙!W1="","",表紙!W1) -> 基本設計書 | AP1: 作成者 | AT1: 作成日 | AY1: 更新者 | BC1: 更新日 | BH1: 版数
A2: =IF(表紙!A2="","",表紙!A2) -> POSサーバー | K2: =IF(表紙!K2="","",表紙!K2) -> POSサーバー | AP2: =IF(表紙!AP2="","",表紙!AP2) -> LoiLV | AT2: =IF(表紙!AT2="","",表紙!AT2) -> 45421 | AY2: =IF(表紙!AY2="","",表紙!AY2) -> LoiLV | BC2: =IF(表紙!BC2="","",表紙!BC2) -> 45517 | BH2: =IF(表紙!BH2="","",表紙!BH2) -> 0.3.7
A4: 機能カテゴリ | H4: =IF(表紙!H4="","",表紙!H4) -> 25_取扱設定マスタ設定(KSM) | U4: 項目 | Z4: =IF(表紙!Z4="","",表紙!Z4) -> 概要設計書 | AP4: =MID(CELL("filename",A1),FIND("]",CELL("filename",A1))+1,255) -> テンプレート
AX12: `
