Workbook

Sheet 表紙
A1: システム名 | K1: システム種別 | W1: 基本設計書 | AP1: 作成者 | AT1: 作成日 | AY1: 更新者 | BC1: 更新日 | BH1: 版数
A2: ignica POS | K2: POS Server | AP2: =改廃履歴!$H$11 -> Thanh Nguyên | AT2: =改廃履歴!$B$11 -> 45336 | AY2: =LOOKUP(2,1/(改廃履歴!H11:H30000<>""),改廃履歴!H11:H30000) -> Thanh Nguyên | BC2: =LOOKUP(2,1/(改廃履歴!B11:B30000<>""),改廃履歴!B11:B30000) -> 45336 | BH2: =LOOKUP(2,1/(改廃履歴!O11:O30000<>""),改廃履歴!O11:O30000) -> 0.1
A4: 機能カテゴリ | H4: X1 メニュー機能 | U4: 項目 | Z4: 概要設計 | AP4: {=RIGHT(CELL("filename",$A$1),LEN(CELL("filename",$A$1))-FIND("]",CELL("filename",$A$1)))} -> 表紙
L16: 現金専用簡易セルフPOS 基本設計書
L24: =K2&"/"&H4&"/"&Z4 -> POS Server/X1 メニュー機能/概要設計
Q44: 承認日 | AA44: 承認者 | AQ44: 版数

Sheet 改廃履歴
A1: システム名 | K1: システム種別 | W1: =IF(表紙!W1="","",表紙!W1) -> 基本設計書 | AP1: 作成者 | AT1: 作成日 | AY1: 更新者 | BC1: 更新日 | BH1: 版数
A2: =IF(表紙!A2="","",表紙!A2) -> ignica POS | K2: =IF(表紙!K2="","",表紙!K2) -> POS Server | AP2: =IF(表紙!AP2="","",表紙!AP2) -> Thanh Nguyên | AT2: =IF(表紙!AT2="","",表紙!AT2) -> 45336 | AY2: =IF(表紙!AY2="","",表紙!AY2) -> Thanh Nguyên | BC2: =IF(表紙!BC2="","",表紙!BC2) -> 45336 | BH2: =IF(表紙!BH2="","",表紙!BH2) -> 0.1
A4: 機能カテゴリ | H4: =IF(表紙!H4="","",表紙!H4) -> X1 メニュー機能 | U4: 項目 | Z4: =IF(表紙!Z4="","",表紙!Z4) -> 概要設計 | AP4: {=RIGHT(CELL("filename",$A$1),LEN(CELL("filename",$A$1))-FIND("]",CELL("filename",$A$1)))} -> 改廃履歴
B8: ■改廃履歴
B10: 更新日付 | H10: 更新者 | O10: 版数 | S10: 変更内容 | AX10: 承認日付 | BD10: 承認者
B11: 45336 | H11: Thanh Nguyên | O11: 0.1

Sheet 業務フロー凡例
A1: システム名 | K1: システム種別 | W1: =IF(表紙!W1="","",表紙!W1) -> 基本設計書 | AP1: 作成者 | AT1: 作成日 | AY1: 更新者 | BC1: 更新日 | BH1: 版数
A2: =IF(表紙!A2="","",表紙!A2) -> ignica POS | K2: =IF(表紙!K2="","",表紙!K2) -> POS Server | AP2: =IF(表紙!AP2="","",表紙!AP2) -> Thanh Nguyên | AT2: =IF(表紙!AT2="","",表紙!AT2) -> 45336 | AY2: =IF(表紙!AY2="","",表紙!AY2) -> Thanh Nguyên | BC2: =IF(表紙!BC2="","",表紙!BC2) -> 45336 | BH2: =IF(表紙!BH2="","",表紙!BH2) -> 0.1
A4: 機能カテゴリ | H4: =IF(表紙!H4="","",表紙!H4) -> X1 メニュー機能 | U4: 項目 | Z4: =IF(表紙!Z4="","",表紙!Z4) -> 概要設計 | AP4: {=RIGHT(CELL("filename",$A$1),LEN(CELL("filename",$A$1))-FIND("]",CELL("filename",$A$1)))} -> 業務フロー凡例
B7: ●1_レジ内
B22: ●1_レジ周辺機器
B42: ●外部連携

Sheet 機能概要
A1: システム名 | K1: システム種別 | W1: =IF(表紙!W1="","",表紙!W1) -> 基本設計書 | AP1: 作成者 | AT1: 作成日 | AY1: 更新者 | BC1: 更新日 | BH1: 版数
A2: =IF(表紙!A2="","",表紙!A2) -> ignica POS | K2: =IF(表紙!K2="","",表紙!K2) -> POS Server | AP2: =IF(表紙!AP2="","",表紙!AP2) -> Thanh Nguyên | AT2: =IF(表紙!AT2="","",表紙!AT2) -> 45336 | AY2: =IF(表紙!AY2="","",表紙!AY2) -> Thanh Nguyên | BC2: =IF(表紙!BC2="","",表紙!BC2) -> 45336 | BH2: =IF(表紙!BH2="","",表紙!BH2) -> 0.1
A4: 機能カテゴリ | H4: =IF(表紙!H4="","",表紙!H4) -> X1 メニュー機能 | U4: 項目 | Z4: =IF(表紙!Z4="","",表紙!Z4) -> 概要設計 | AP4: {=RIGHT(CELL("filename",$A$1),LEN(CELL("filename",$A$1))-FIND("]",CELL("filename",$A$1)))} -> 機能概要
B7: ●X●●_●●●●●

Sheet 画面設計
A1: システム名 | K1: システム種別 | W1: =IF(表紙!W1="","",表紙!W1) -> 基本設計書 | AP1: 作成者 | AT1: 作成日 | AY1: 更新者 | BC1: 更新日 | BH1: 版数
A2: =IF(表紙!A2="","",表紙!A2) -> ignica POS | K2: =IF(表紙!K2="","",表紙!K2) -> POS Server | AP2: =IF(表紙!AP2="","",表紙!AP2) -> Thanh Nguyên | AT2: =IF(表紙!AT2="","",表紙!AT2) -> 45336 | AY2: =IF(表紙!AY2="","",表紙!AY2) -> Thanh Nguyên | BC2: =IF(表紙!BC2="","",表紙!BC2) -> 45336 | BH2: =IF(表紙!BH2="","",表紙!BH2) -> 0.1
A4: 機能カテゴリ | H4: =IF(表紙!H4="","",表紙!H4) -> X1 メニュー機能 | U4: 項目 | Z4: =IF(表紙!Z4="","",表紙!Z4) -> 概要設計 | AP4: {=RIGHT(CELL("filename",$A$1),LEN(CELL("filename",$A$1))-FIND("]",CELL("filename",$A$1)))} -> 画面設計
B7: ■メインメニュー画面イメージ
B66: ■画面項目定義
B68: 画面項目ID | D68: 項目名 | K68: タイプ | N68: I/O | O68: 多言語対象 | P68: アウトプット | AR68: インプット | BC68: 備考
P69: マッピングデータ | X69: 初期値 | AA69: 表示コントロール | AI69: Control enable | AR69: 必須 | AS69: 数字 | AT69: 文字 | AU69: マッピングデータ
P70: API名 | T70: 項目名 | AU70: API名 | AY70: 項目名
B71: 1 | D71: タイトルヘッダー | K71: TEXT | N71: O | O71: ● | P71: － | T71: － | X71: メインメニュー | AA71: ー | AI71: － | AR71: － | AS71: ー | AT71: ー | AU71: － | AY71: ー
B72: 2 | D72: 担当者名 | K72: TEXT | N72: O | O72: ● | P72: － | T72: － | X72: － | AA72: ー | AI72: － | AR72: － | AS72: ー | AT72: ー | AU72: － | AY72: ー | BC72: EmployeeMaster[Name]
B73: 3 | D73: ログアウト | K73: ボタン | N73: I | O73: ● | P73: － | T73: － | X73: ログアウト | AA73: ー | AI73: － | AR73: － | AS73: ー | AT73: ー | AU73: － | AY73: ー | BC73: Menu-01
B74: 4 | D74: アイテムメニュー | K74: ボタン | N74: I | O74: ● | P74: － | T74: － | X74: － | AA74: ー | AI74: － | AR74: － | AS74: ー | AT74: ー | AU74: － | AY74: ー | BC74: Menu-02/
B75: 5 | D75: 次ページ | K75: ボタン | N75: I | O75: ● | P75: － | T75: － | X75: 次ページ | AA75: show:>1 page & <= page size hide: =1 page, 最後のページ | AI75: － | AR75: － | AS75: ー | AT75: ー | AU75: － | AY75: ー | BC75: Menu-03
B76: 6 | D76: 前ページ | K76: ボタン | N76: I | O76: ● | P76: － | T76: － | X76: 前ページ | AA76: show：前あり hide：前なし | AI76: － | AR76: － | AS76: ー | AT76: ー | AU76: － | AY76: ー | BC76: Menu-04

Sheet テンプレート
A1: システム名 | K1: システム種別 | W1: =IF(表紙!W1="","",表紙!W1) -> 基本設計書 | AP1: 作成者 | AT1: 作成日 | AY1: 更新者 | BC1: 更新日 | BH1: 版数
A2: =IF(表紙!A2="","",表紙!A2) -> ignica POS | K2: =IF(表紙!K2="","",表紙!K2) -> POS Server | AP2: =IF(表紙!AP2="","",表紙!AP2) -> Thanh Nguyên | AT2: =IF(表紙!AT2="","",表紙!AT2) -> 45336 | AY2: =IF(表紙!AY2="","",表紙!AY2) -> Thanh Nguyên | BC2: =IF(表紙!BC2="","",表紙!BC2) -> 45336 | BH2: =IF(表紙!BH2="","",表紙!BH2) -> 0.1
A4: 機能カテゴリ | H4: =IF(表紙!H4="","",表紙!H4) -> X1 メニュー機能 | U4: 項目 | Z4: =IF(表紙!Z4="","",表紙!Z4) -> 概要設計 | AP4: {=RIGHT(CELL("filename",$A$1),LEN(CELL("filename",$A$1))-FIND("]",CELL("filename",$A$1)))} -> テンプレート

Sheet Sheet1
