Workbook

Sheet 表紙
A1: システム名 | K1: システム種別 | W1: 基本設計書 | AP1: 作成者 | AT1: 作成日 | AY1: 更新者 | BC1: 更新日 | BH1: 版数
A2: ignica POS | K2: POS Server | AP2: =改廃履歴!$H$11 -> 0 | AT2: =改廃履歴!$B$11 -> 0 | AY2: =LOOKUP(2,1/(改廃履歴!H11:H30000<>""),改廃履歴!H11:H30000) -> #N/A | BC2: =LOOKUP(2,1/(改廃履歴!B11:B30000<>""),改廃履歴!B11:B30000) -> #N/A | BH2: =LOOKUP(2,1/(改廃履歴!O11:O30000<>""),改廃履歴!O11:O30000) -> #N/A
A4: 機能カテゴリ | H4: X9999_マスタ | U4: 項目 | Z4: 概要設計 | AP4: {=RIGHT(CELL("filename",$A$1),LEN(CELL("filename",$A$1))-FIND("]",CELL("filename",$A$1)))} -> 表紙
L16: 現金専用簡易セルフPOS 基本設計書
L24: =K2&"/"&H4&"/"&Z4 -> POS Server/X9999_マスタ/概要設計
Q44: 承認日 | AA44: 承認者 | AQ44: 版数

Sheet 改廃履歴
A1: システム名 | K1: システム種別 | W1: =IF(表紙!W1="","",表紙!W1) -> 基本設計書 | AP1: 作成者 | AT1: 作成日 | AY1: 更新者 | BC1: 更新日 | BH1: 版数
A2: =IF(表紙!A2="","",表紙!A2) -> ignica POS | K2: =IF(表紙!K2="","",表紙!K2) -> POS Server | AP2: =IF(表紙!AP2="","",表紙!AP2) -> 0 | AT2: =IF(表紙!AT2="","",表紙!AT2) -> 0 | AY2: =IF(表紙!AY2="","",表紙!AY2) -> #N/A | BC2: =IF(表紙!BC2="","",表紙!BC2) -> #N/A | BH2: =IF(表紙!BH2="","",表紙!BH2) -> #N/A
A4: 機能カテゴリ | H4: =IF(表紙!H4="","",表紙!H4) -> X9999_マスタ | U4: 項目 | Z4: =IF(表紙!Z4="","",表紙!Z4) -> 概要設計 | AP4: {=RIGHT(CELL("filename",$A$1),LEN(CELL("filename",$A$1))-FIND("]",CELL("filename",$A$1)))} -> 改廃履歴
B8: ■改廃履歴
B10: 更新日付 | H10: 更新者 | O10: 版数 | S10: 変更内容 | AX10: 承認日付 | BD10: 承認者

Sheet 業務フロー凡例
A1: システム名 | K1: システム種別 | W1: =IF([1]表紙!W1="","",[1]表紙!W1) -> 基本設計書 | AP1: 作成者 | AT1: 作成日 | AY1: 更新者 | BC1: 更新日 | BH1: 版数
A2: =IF([1]表紙!A2="","",[1]表紙!A2) -> 現金専用簡易セルフPOS | K2: =IF([1]表紙!K2="","",[1]表紙!K2) -> POSサーバー | AP2: =IF([1]表紙!AP2="","",[1]表紙!AP2) -> Thanh Nguyên | AT2: =IF([1]表紙!AT2="","",[1]表紙!AT2) -> 45084 | AY2: =IF([1]表紙!AY2="","",[1]表紙!AY2) -> Thanh Nguyên | BC2: =IF([1]表紙!BC2="","",[1]表紙!BC2) -> 45272 | BH2: =IF([1]表紙!BH2="","",[1]表紙!BH2) -> 0.2
A4: 機能カテゴリ | H4: =IF([1]表紙!H4="","",[1]表紙!H4) -> 全体 | U4: 項目 | Z4: =IF([1]表紙!Z4="","",[1]表紙!Z4) -> 業務フロー | AP4: {=RIGHT(CELL("filename",$A$1),LEN(CELL("filename",$A$1))-FIND("]",CELL("filename",$A$1)))} -> 業務フロー凡例
B7: ●1_レジ内
B22: ●1_レジ周辺機器
B42: ●外部連携

Sheet 機能概要
A1: システム名 | K1: システム種別 | W1: =IF(表紙!W1="","",表紙!W1) -> 基本設計書 | AP1: 作成者 | AT1: 作成日 | AY1: 更新者 | BC1: 更新日 | BH1: 版数
A2: =IF(表紙!A2="","",表紙!A2) -> ignica POS | K2: =IF(表紙!K2="","",表紙!K2) -> POS Server | AP2: =IF(表紙!AP2="","",表紙!AP2) -> 0 | AT2: =IF(表紙!AT2="","",表紙!AT2) -> 0 | AY2: =IF(表紙!AY2="","",表紙!AY2) -> #N/A | BC2: =IF(表紙!BC2="","",表紙!BC2) -> #N/A | BH2: =IF(表紙!BH2="","",表紙!BH2) -> #N/A
A4: 機能カテゴリ | H4: =IF(表紙!H4="","",表紙!H4) -> X9999_マスタ | U4: 項目 | Z4: =IF(表紙!Z4="","",表紙!Z4) -> 概要設計 | AP4: {=RIGHT(CELL("filename",$A$1),LEN(CELL("filename",$A$1))-FIND("]",CELL("filename",$A$1)))} -> 機能概要
B7: ●X●●_●●●●●

Sheet 画面設計
A1: システム名 | K1: システム種別 | W1: =IF(表紙!W1="","",表紙!W1) -> 基本設計書 | AP1: 作成者 | AT1: 作成日 | AY1: 更新者 | BC1: 更新日 | BH1: 版数
A2: =IF(表紙!A2="","",表紙!A2) -> ignica POS | K2: =IF(表紙!K2="","",表紙!K2) -> POS Server | AP2: =IF(表紙!AP2="","",表紙!AP2) -> 0 | AT2: =IF(表紙!AT2="","",表紙!AT2) -> 0 | AY2: =IF(表紙!AY2="","",表紙!AY2) -> #N/A | BC2: =IF(表紙!BC2="","",表紙!BC2) -> #N/A | BH2: =IF(表紙!BH2="","",表紙!BH2) -> #N/A
A4: 機能カテゴリ | H4: =IF(表紙!H4="","",表紙!H4) -> X9999_マスタ | U4: 項目 | Z4: =IF(表紙!Z4="","",表紙!Z4) -> 概要設計 | AP4: {=RIGHT(CELL("filename",$A$1),LEN(CELL("filename",$A$1))-FIND("]",CELL("filename",$A$1)))} -> 画面設計

Sheet テンプレート
A1: システム名 | K1: システム種別 | W1: =IF(表紙!W1="","",表紙!W1) -> 基本設計書 | AP1: 作成者 | AT1: 作成日 | AY1: 更新者 | BC1: 更新日 | BH1: 版数
A2: =IF(表紙!A2="","",表紙!A2) -> ignica POS | K2: =IF(表紙!K2="","",表紙!K2) -> POS Server | AP2: =IF(表紙!AP2="","",表紙!AP2) -> 0 | AT2: =IF(表紙!AT2="","",表紙!AT2) -> 0 | AY2: =IF(表紙!AY2="","",表紙!AY2) -> #N/A | BC2: =IF(表紙!BC2="","",表紙!BC2) -> #N/A | BH2: =IF(表紙!BH2="","",表紙!BH2) -> #N/A
A4: 機能カテゴリ | H4: =IF(表紙!H4="","",表紙!H4) -> X9999_マスタ | U4: 項目 | Z4: =IF(表紙!Z4="","",表紙!Z4) -> 概要設計 | AP4: {=RIGHT(CELL("filename",$A$1),LEN(CELL("filename",$A$1))-FIND("]",CELL("filename",$A$1)))} -> テンプレート

Sheet Sheet1
