Workbook

Sheet 表紙
A1: システム名 | K1: システム種別 | W1: 基本設計書 | AP1: 作成者 | AT1: 作成日 | AY1: 更新者 | BC1: 更新日 | BH1: 版数
A2: POSサーバ | K2: POSサーバ | AP2: =改訂履歴!$H$11 -> Kiyohara | AT2: =改訂履歴!$B$11 -> 45336 | AY2: =LOOKUP(2,1/(改訂履歴!H11:H30000<>""),改訂履歴!H11:H30000) -> DuNT | BC2: =LOOKUP(2,1/(改訂履歴!B11:B30000<>""),改訂履歴!B11:B30000) -> 45517 | BH2: =LOOKUP(2,1/(改訂履歴!O11:O30000<>""),改訂履歴!O11:O30000) -> 0.26
A4: 機能カテゴリー | H4: 15_タッチメニュー設定 | U4: 項目 | Z4: 概要設計 | AP4: {=RIGHT(CELL("filename",$A$1),LEN(CELL("filename",$A$1))-FIND("]",CELL("filename",$A$1)))} -> 表紙
L16: POSサーバーの基本設計書
L24: =K2&"/"&H4&"/"&Z4 -> POSサーバ/15_タッチメニュー設定/概要設計
Q44: 承認日 | AA44: 承認者 | AQ44: 版数

Sheet 改訂履歴
A1: システム名 | K1: システム種別 | W1: =IF(表紙!W1="","",表紙!W1) -> 基本設計書 | AP1: 作成者 | AT1: 作成日 | AY1: 更新者 | BC1: 更新日 | BH1: 版数
A2: =IF(表紙!A2="","",表紙!A2) -> POSサーバ | K2: =IF(表紙!K2="","",表紙!K2) -> POSサーバ | AP2: =IF(表紙!AP2="","",表紙!AP2) -> Kiyohara | AT2: =IF(表紙!AT2="","",表紙!AT2) -> 45336 | AY2: =IF(表紙!AY2="","",表紙!AY2) -> DuNT | BC2: =IF(表紙!BC2="","",表紙!BC2) -> 45517 | BH2: =IF(表紙!BH2="","",表紙!BH2) -> 0.26
A4: 機能カテゴリー | H4: =IF(表紙!H4="","",表紙!H4) -> 15_タッチメニュー設定 | U4: 項目 | Z4: =IF(表紙!Z4="","",表紙!Z4) -> 概要設計 | AP4: {=RIGHT(CELL("filename",$A$1),LEN(CELL("filename",$A$1))-FIND("]",CELL("filename",$A$1)))} -> 改訂履歴
B8: ■改訂履歴
B10: 更新日 | H10: 更新者 | O10: 版数 | S10: 更新内容 | AX10: 承認日 | BD10: 承認者
B11: 45336 | H11: Kiyohara | O11: 0.1 | S11: 新規
B13: 45391 | H13: DuNT | O13: 0.2 | S13: 更新
B15: 45399 | H15: DuNT | O15: 0.21 | S15: 2024/04/17の定例会後の更新
B17: 45407 | H17: DuNT | O17: 0.22 | S17: 2024/04/24の定例会後の更新
S18: 機能概要説明シートの追加
B19: 45419 | H19: DuNT | O19: 0.23 | S19: 2024/05/02の定例会後の更新
B21: 45474 | H21: DuNT | O21: 0.24 | S21: 最大10つプリセットメニュー。位置を変更するためにドラッグ＆ドロップを許可する。
S22: チェックボックス：無効
B23: 45504 | H23: DuNT | O23: 0.25 | S23: 機能概要
S24: 店舗選択モーダルを削除し、画像を変更する。 【プリセット設定】画面で、 ・タブキーは8を10に作成できるようにする ・「レジ画面表示」と「客用画面表示」のチェックボックスを追加
B25: 45517 | H25: DuNT | O25: 0.26 | S25: SC1502：バリデーションチェックAPI
S26: SC1501：コピーAPI、バリデーションチェックAPI、プリセットレイアウトコード自動生成APIを追加する。

Sheet 業務フロー
A1: システム名 | K1: システム種別 | W1: =IF(表紙!W1="","",表紙!W1) -> 基本設計書 | AP1: 作成者 | AT1: 作成日 | AY1: 更新者 | BC1: 更新日 | BH1: 版数
A2: =IF(表紙!A2="","",表紙!A2) -> POSサーバ | K2: =IF(表紙!K2="","",表紙!K2) -> POSサーバ | AP2: =IF(表紙!AP2="","",表紙!AP2) -> Kiyohara | AT2: =IF(表紙!AT2="","",表紙!AT2) -> 45336 | AY2: =IF(表紙!AY2="","",表紙!AY2) -> DuNT | BC2: =IF(表紙!BC2="","",表紙!BC2) -> 45517 | BH2: =IF(表紙!BH2="","",表紙!BH2) -> 0.26
A4: 機能カテゴリー | H4: =IF(表紙!H4="","",表紙!H4) -> 15_タッチメニュー設定 | U4: 項目 | Z4: =IF(表紙!Z4="","",表紙!Z4) -> 概要設計 | AP4: {=RIGHT(CELL("filename",$A$1),LEN(CELL("filename",$A$1))-FIND("]",CELL("filename",$A$1)))} -> 業務フロー
B7: ●1_自動釣銭機
B22: ●1_レジ周辺機器
B42: ●外部連携

Sheet 機能概要説明
A1: システム名 | K1: システム種別 | W1: =IF(表紙!W1="","",表紙!W1) -> 基本設計書 | AP1: 作成者 | AT1: 作成日 | AY1: 更新者 | BC1: 更新日 | BH1: 版数
A2: =IF(表紙!A2="","",表紙!A2) -> POSサーバ | K2: =IF(表紙!K2="","",表紙!K2) -> POSサーバ | AP2: =IF(表紙!AP2="","",表紙!AP2) -> Kiyohara | AT2: =IF(表紙!AT2="","",表紙!AT2) -> 45336 | AY2: =IF(表紙!AY2="","",表紙!AY2) -> DuNT | BC2: =IF(表紙!BC2="","",表紙!BC2) -> 45517 | BH2: =IF(表紙!BH2="","",表紙!BH2) -> 0.26
A4: 機能カテゴリ | H4: =IF(表紙!H4="","",表紙!H4) -> 15_タッチメニュー設定 | U4: 項目 | Z4: =IF(表紙!Z4="","",表紙!Z4) -> 概要設計 | AP4: {=RIGHT(CELL("filename",$A$1),LEN(CELL("filename",$A$1))-FIND("]",CELL("filename",$A$1)))} -> 機能概要説明
B7: タッチメニュー設定機能により、次のことが可能になる。
C8: ・店舗のレイアウトプリセットを管理する。
D9: ‣ビジネスレイアウト一覧を見る。
D10: ‣1種類のビジネスレイアウトの詳細を見る。
D11: ‣ビジネスレイアウトを検索する。
C12: ・店舗のビジネスレイアウトを設定する。
D13: ‣新規作成
D14: ‣編集
D15: ‣削除
D16: ‣コピー
C17: ・1種類のビジネスレイアウトの詳細を設定する。
D18: ‣ ビジネスレイアウトのレイアウトプリセットの変更：名称、色など
D19: ‣ボタンレイアウトプリセットを変更する。
E20: ●色、イメージ、名称、サイズ、有効・無効など
E21: ●ボタンレイアウトプリセットの機能：商品、クーポン、割引、支払画面の順番・アクション・テキストボタンなど

Sheet 機能概要
A1: システム名 | K1: システム種別 | W1: =IF(表紙!W1="","",表紙!W1) -> 基本設計書 | AP1: 作成者 | AT1: 作成日 | AY1: 更新者 | BC1: 更新日 | BH1: 版数
A2: =IF(表紙!A2="","",表紙!A2) -> POSサーバ | K2: =IF(表紙!K2="","",表紙!K2) -> POSサーバ | AP2: =IF(表紙!AP2="","",表紙!AP2) -> Kiyohara | AT2: =IF(表紙!AT2="","",表紙!AT2) -> 45336 | AY2: =IF(表紙!AY2="","",表紙!AY2) -> DuNT | BC2: =IF(表紙!BC2="","",表紙!BC2) -> 45517 | BH2: =IF(表紙!BH2="","",表紙!BH2) -> 0.26
A4: 機能カテゴリ | H4: =IF(表紙!H4="","",表紙!H4) -> 15_タッチメニュー設定 | U4: 項目 | Z4: =IF(表紙!Z4="","",表紙!Z4) -> 概要設計 | AP4: {=RIGHT(CELL("filename",$A$1),LEN(CELL("filename",$A$1))-FIND("]",CELL("filename",$A$1)))} -> 機能概要
BM6: =IF(BM5=50,1,BM5+1) -> 1
B7: ●15_タッチメニュー設定 | BM7: =IF(BM6=50,1,BM6+1) -> 2
BM8: =IF(BM7=50,1,BM7+1) -> 3
BM9: =IF(BM8=50,1,BM8+1) -> 4
BM10: =IF(BM9=50,1,BM9+1) -> 5
BM11: =IF(BM10=50,1,BM10+1) -> 6
BM12: =IF(BM11=50,1,BM11+1) -> 7
BM13: =IF(BM12=50,1,BM12+1) -> 8
BM14: =IF(BM13=50,1,BM13+1) -> 9
BM15: =IF(BM14=50,1,BM14+1) -> 10
B16: FC1501_タッチメニュー設定機能グループ | BM16: =IF(BM15=50,1,BM15+1) -> 11
BM17: =IF(BM16=50,1,BM16+1) -> 12
BM18: =IF(BM17=50,1,BM17+1) -> 13
BM19: =IF(BM18=50,1,BM18+1) -> 14
BM20: =IF(BM19=50,1,BM19+1) -> 15
BM21: =IF(BM20=50,1,BM20+1) -> 16
BM22: =IF(BM21=50,1,BM21+1) -> 17
BM23: =IF(BM22=50,1,BM22+1) -> 18
BM24: =IF(BM23=50,1,BM23+1) -> 19
BM25: =IF(BM24=50,1,BM24+1) -> 20
BM26: =IF(BM25=50,1,BM25+1) -> 21
BM27: =IF(BM26=50,1,BM26+1) -> 22
BM28: =IF(BM27=50,1,BM27+1) -> 23
... BM70: =IF(BM69=50,1,BM69+1) -> 15
B71: FC1502_プリセットレイアウト編集機能グループ | BM71: =IF(BM70=50,1,BM70+1) -> 16
BM72: =IF(BM71=50,1,BM71+1) -> 17
BM73: =IF(BM72=50,1,BM72+1) -> 18
BM74: =IF(BM73=50,1,BM73+1) -> 19
BM75: =IF(BM74=50,1,BM74+1) -> 20
BM76: =IF(BM75=50,1,BM75+1) -> 21
BM77: =IF(BM76=50,1,BM76+1) -> 22
BM78: =IF(BM77=50,1,BM77+1) -> 23
BM79: =IF(BM78=50,1,BM78+1) -> 24
BM80: =IF(BM79=50,1,BM79+1) -> 25
BM81: =IF(BM80=50,1,BM80+1) -> 26
BM82: =IF(BM81=50,1,BM81+1) -> 27
BM83: =IF(BM82=50,1,BM82+1) -> 28
... BM95: =IF(BM94=50,1,BM94+1) -> 40
BM96: =IF(BM90=50,1,BM90+1) -> 36
BM97: =IF(BM91=50,1,BM91+1) -> 37
BM98: =IF(BM92=50,1,BM92+1) -> 38
BM99: =IF(BM93=50,1,BM93+1) -> 39
BM100: =IF(BM94=50,1,BM94+1) -> 40
BM101: =IF(BM95=50,1,BM95+1) -> 41
BM102: =IF(BM101=50,1,BM101+1) -> 42
BM103: =IF(BM102=50,1,BM102+1) -> 43
BM104: =IF(BM103=50,1,BM103+1) -> 44
BM105: =IF(BM104=50,1,BM104+1) -> 45
BM106: =IF(BM105=50,1,BM105+1) -> 46
BM107: =IF(BM106=50,1,BM106+1) -> 47
BM108: =IF(BM107=50,1,BM107+1) -> 48
BM109: =IF(BM108=50,1,BM108+1) -> 49
BM110: =IF(BM109=50,1,BM109+1) -> 50
BM111: =IF(BM110=50,1,BM110+1) -> 1
BM112: =IF(BM111=50,1,BM111+1) -> 2
BM113: =IF(BM112=50,1,BM112+1) -> 3
BM114: =IF(BM113=50,1,BM113+1) -> 4
B115: 未確定プリセットレイアウト編集機能 | BM115: =IF(BM114=50,1,BM114+1) -> 5
BM116: =IF(BM115=50,1,BM115+1) -> 6
BM117: =IF(BM116=50,1,BM116+1) -> 7
BM118: =IF(BM117=50,1,BM117+1) -> 8
BM119: =IF(BM118=50,1,BM118+1) -> 9
BM120: =IF(BM119=50,1,BM119+1) -> 10
BM121: =IF(BM120=50,1,BM120+1) -> 11
BM122: =IF(BM121=50,1,BM121+1) -> 12
BM123: =IF(BM122=50,1,BM122+1) -> 13
BM124: =IF(BM123=50,1,BM123+1) -> 14
BM125: =IF(BM124=50,1,BM124+1) -> 15
BM126: =IF(BM125=50,1,BM125+1) -> 16
BM127: =IF(BM126=50,1,BM126+1) -> 17
... BM155: =IF(BM154=50,1,BM154+1) -> 45
BM156: =IF(BM114=50,1,BM114+1) -> 5
B157: FC1504_プリセットレイアウトコピー機能グループ | BM157: =IF(BM409=50,1,BM409+1) -> 43
BM158: =IF(BM157=50,1,BM157+1) -> 44
BM159: =IF(BM158=50,1,BM158+1) -> 45
BM160: =IF(BM159=50,1,BM159+1) -> 46
BM161: =IF(BM160=50,1,BM160+1) -> 47
BM162: =IF(BM161=50,1,BM161+1) -> 48
BM163: =IF(BM162=50,1,BM162+1) -> 49
BM164: =IF(BM163=50,1,BM163+1) -> 50
BM165: =IF(BM164=50,1,BM164+1) -> 1
BM166: =IF(BM165=50,1,BM165+1) -> 2
BM167: =IF(BM166=50,1,BM166+1) -> 3
BM168: =IF(BM167=50,1,BM167+1) -> 4
BM169: =IF(BM168=50,1,BM168+1) -> 5
... BM180: =IF(BM179=50,1,BM179+1) -> 16
BM181: =IF(BM173=50,1,BM173+1) -> 10
BM182: =IF(BM181=50,1,BM181+1) -> 11
BM183: =IF(BM182=50,1,BM182+1) -> 12
BM184: =IF(BM183=50,1,BM183+1) -> 13
BM185: =IF(BM184=50,1,BM184+1) -> 14
BM186: =IF(BM185=50,1,BM185+1) -> 15
BM187: =IF(BM186=50,1,BM186+1) -> 16
BM188: =IF(BM187=50,1,BM187+1) -> 17
BM189: =IF(BM188=50,1,BM188+1) -> 18
BM190: =IF(BM189=50,1,BM189+1) -> 19
BM191: =IF(BM190=50,1,BM190+1) -> 20
...

Sheet テンプレート
A1: システム名 | K1: システム種別 | W1: =IF(表紙!W1="","",表紙!W1) -> 基本設計書 | AP1: 作成者 | AT1: 作成日 | AY1: 更新者 | BC1: 更新日 | BH1: 版数
A2: =IF(表紙!A2="","",表紙!A2) -> POSサーバ | K2: =IF(表紙!K2="","",表紙!K2) -> POSサーバ | AP2: =IF(表紙!AP2="","",表紙!AP2) -> Kiyohara | AT2: =IF(表紙!AT2="","",表紙!AT2) -> 45336 | AY2: =IF(表紙!AY2="","",表紙!AY2) -> DuNT | BC2: =IF(表紙!BC2="","",表紙!BC2) -> 45517 | BH2: =IF(表紙!BH2="","",表紙!BH2) -> 0.26
A4: 機能カテゴリ | H4: =IF(表紙!H4="","",表紙!H4) -> 15_タッチメニュー設定 | U4: 項目 | Z4: =IF(表紙!Z4="","",表紙!Z4) -> 概要設計 | AP4: {=RIGHT(CELL("filename",$A$1),LEN(CELL("filename",$A$1))-FIND("]",CELL("filename",$A$1)))} -> テンプレート
