Workbook

Sheet 表紙
A1: システム名 | K1: システム種別 | W1: 基本設計書 | AP1: 作成者 | AT1: 作成日 | AY1: 更新者 | BC1: 更新日 | BH1: 版数
A2: POSサーバー | K2: POSサーバー | AP2: =改訂履歴!$H$11 -> TuyenNH | AT2: =改訂履歴!$B$11 -> 45427 | AY2: =LOOKUP(2,1/(改訂履歴!H11:H30000<>""),改訂履歴!H11:H30000) -> TuyenNH | BC2: =LOOKUP(2,1/(改訂履歴!B11:B30000<>""),改訂履歴!B11:B30000) -> 45523 | BH2: =LOOKUP(2,1/(改訂履歴!O11:O30000<>""),改訂履歴!O11:O30000) -> 0.14
A4: 機能カテゴリ | H4: 26 取扱設定マスタ設定(Welcia) | U4: 項目 | Z4: 概要設計書 | AP4: {=RIGHT(CELL("filename",$A$1),LEN(CELL("filename",$A$1))-FIND("]",CELL("filename",$A$1)))} -> 表紙
L16: POSサーバーの基本設計書
L24: =K2&"/"&H4&"/"&Z4 -> POSサーバー/26 取扱設定マスタ設定(Welcia)/概要設計書
Q44: 承認日 | AA44: 承認者 | AQ44: 版数

Sheet 改訂履歴
A1: システム名 | K1: システム種別 | W1: =IF(表紙!W1="","",表紙!W1) -> 基本設計書 | AP1: 作成者 | AT1: 作成日 | AY1: 更新者 | BC1: 更新日 | BH1: 版数
A2: =IF(表紙!A2="","",表紙!A2) -> POSサーバー | K2: =IF(表紙!K2="","",表紙!K2) -> POSサーバー | AP2: =IF(表紙!AP2="","",表紙!AP2) -> TuyenNH | AT2: =IF(表紙!AT2="","",表紙!AT2) -> 45427 | AY2: =IF(表紙!AY2="","",表紙!AY2) -> TuyenNH | BC2: =IF(表紙!BC2="","",表紙!BC2) -> 45523 | BH2: =IF(表紙!BH2="","",表紙!BH2) -> 0.14
A4: 機能カテゴリ | H4: =IF(表紙!H4="","",表紙!H4) -> 26 取扱設定マスタ設定(Welcia) | U4: 項目 | Z4: =IF(表紙!Z4="","",表紙!Z4) -> 概要設計書 | AP4: {=RIGHT(CELL("filename",$A$1),LEN(CELL("filename",$A$1))-FIND("]",CELL("filename",$A$1)))} -> 改訂履歴
B8: ■改訂履歴
B10: 更新日 | H10: 更新者 | O10: 版数 | S10: 更新内容 | AX10: 承認日 | BD10: 承認者
B11: 45427 | H11: TuyenNH | O11: 0.1 | S11: 新規作成
B13: 45436 | H13: TuyenNH | O13: 0.11 | S13: 2024年5月23日のコメントによる更新
B15: 45449 | H15: TuyenNH | O15: 0.12 | S15: 2024年06月04日のフロー25のコメントによる更新
B17: 45453 | H17: TuyenNH | O17: 0.13 | S17: 2024年06月04日のフロー25のコメントによる更新
B19: 45523 | H19: TuyenNH | O19: 0.14 | S19: シート：機能概要、取扱有無と下位階層も同設定の詳細
S20: 1. 取扱有無の表示を以下のように更新する： 有:●、無: 〇 2. MD2501_商品部門編集モダールを削除する。 3. 小分類レコード：「下位階層も同設定」に設定ボタンも表示する。

Sheet 業務フロー凡例
A1: システム名 | K1: システム種別 | W1: =IF(表紙!W1="","",表紙!W1) -> 基本設計書 | AP1: 作成者 | AT1: 作成日 | AY1: 更新者 | BC1: 更新日 | BH1: 版数
A2: =IF(表紙!A2="","",表紙!A2) -> POSサーバー | K2: =IF(表紙!K2="","",表紙!K2) -> POSサーバー | AP2: =IF(表紙!AP2="","",表紙!AP2) -> TuyenNH | AT2: 45084 | AY2: =IF(表紙!AY2="","",表紙!AY2) -> TuyenNH | BC2: =IF(表紙!BC2="","",表紙!BC2) -> 45523 | BH2: =IF(表紙!BH2="","",表紙!BH2) -> 0.14
A4: 機能カテゴリ | H4: =IF(表紙!H4="","",表紙!H4) -> 26 取扱設定マスタ設定(Welcia) | U4: 項目 | Z4: =IF(表紙!Z4="","",表紙!Z4) -> 概要設計書 | AP4: {=RIGHT(CELL("filename",$A$1),LEN(CELL("filename",$A$1))-FIND("]",CELL("filename",$A$1)))} -> 業務フロー凡例
B7: ●1_レジ内
B22: ●1_レジ周辺機器
B42: ●外部連携

Sheet 機能概要説明
A1: システム名 | K1: システム種別 | W1: =IF(表紙!W1="","",表紙!W1) -> 基本設計書 | AP1: 作成者 | AT1: 作成日 | AY1: 更新者 | BC1: 更新日 | BH1: 版数
A2: =IF(表紙!A2="","",表紙!A2) -> POSサーバー | K2: =IF(表紙!K2="","",表紙!K2) -> POSサーバー | AP2: =IF(表紙!AP2="","",表紙!AP2) -> TuyenNH | AT2: =IF(表紙!AT2="","",表紙!AT2) -> 45427 | AY2: =IF(表紙!AY2="","",表紙!AY2) -> TuyenNH | BC2: =IF(表紙!BC2="","",表紙!BC2) -> 45523 | BH2: =IF(表紙!BH2="","",表紙!BH2) -> 0.14
A4: 機能カテゴリ | H4: =IF(表紙!H4="","",表紙!H4) -> 26 取扱設定マスタ設定(Welcia) | U4: 項目 | Z4: =IF(表紙!Z4="","",表紙!Z4) -> 概要設計書 | AP4: {=RIGHT(CELL("filename",$A$1),LEN(CELL("filename",$A$1))-FIND("]",CELL("filename",$A$1)))} -> 機能概要説明
C7: 取扱設定マスタ設定(Welcia)では次のことが可能になる。 | BM7: =IF(BM6=50,1,BM6+1) -> 1
D8: ・各レベルに分類された分類一覧を閲覧する。 | BM8: =IF(BM7=50,1,BM7+1) -> 2
D9: ・以下のように分類の取扱有無を設定する。 有、無 | BM9: =IF(BM8=50,1,BM8+1) -> 3
D10: ・以下のように分類の医薬品有無を設定する。 有、無
D11: ・この設定は分類に関連する画面、機能に適用される。 | BM11: =IF(BM9=50,1,BM9+1) -> 4
D12: ・Welcia連携店舗のみが対象となる。 | BM12: =IF(BM11=50,1,BM11+1) -> 5
BM13: =IF(BM12=50,1,BM12+1) -> 6
BM14: =IF(BM13=50,1,BM13+1) -> 7
BM15: =IF(BM14=50,1,BM14+1) -> 8
BM16: =IF(BM15=50,1,BM15+1) -> 9
BM17: =IF(BM16=50,1,BM16+1) -> 10
BM18: =IF(BM17=50,1,BM17+1) -> 11
BM19: =IF(BM18=50,1,BM18+1) -> 12
BM20: =IF(BM19=50,1,BM19+1) -> 13
BM21: =IF(BM20=50,1,BM20+1) -> 14
BM22: =IF(BM21=50,1,BM21+1) -> 15
BM23: =IF(BM22=50,1,BM22+1) -> 16
BM24: =IF(BM23=50,1,BM23+1) -> 17
... BM58: =IF(BM57=50,1,BM57+1) -> 1

Sheet 機能概要
A1: システム名 | K1: システム種別 | W1: =IF(表紙!W1="","",表紙!W1) -> 基本設計書 | AP1: 作成者 | AT1: 作成日 | AY1: 更新者 | BC1: 更新日 | BH1: 版数
A2: =IF(表紙!A2="","",表紙!A2) -> POSサーバー | K2: =IF(表紙!K2="","",表紙!K2) -> POSサーバー | AP2: =IF(表紙!AP2="","",表紙!AP2) -> TuyenNH | AT2: =IF(表紙!AT2="","",表紙!AT2) -> 45427 | AY2: =IF(表紙!AY2="","",表紙!AY2) -> TuyenNH | BC2: =IF(表紙!BC2="","",表紙!BC2) -> 45523 | BH2: =IF(表紙!BH2="","",表紙!BH2) -> 0.14
A4: 機能カテゴリ | H4: =IF(表紙!H4="","",表紙!H4) -> 26 取扱設定マスタ設定(Welcia) | U4: 項目 | Z4: =IF(表紙!Z4="","",表紙!Z4) -> 概要設計書 | AP4: {=RIGHT(CELL("filename",$A$1),LEN(CELL("filename",$A$1))-FIND("]",CELL("filename",$A$1)))} -> 機能概要
B7: 12_単品速報/日報
BM8: =IF(BM7=50,1,BM7+1) -> 1
BM9: =IF(BM8=50,1,BM8+1) -> 2
BM10: =IF(BM9=50,1,BM9+1) -> 3
BM11: =IF(BM10=50,1,BM10+1) -> 4
BM12: =IF(BM11=50,1,BM11+1) -> 5
BM13: =IF(BM12=50,1,BM12+1) -> 6
BM14: =IF(BM13=50,1,BM13+1) -> 7
BM15: =IF(BM14=50,1,BM14+1) -> 8
BM16: =IF(BM15=50,1,BM15+1) -> 9
BM17: =IF(BM16=50,1,BM16+1) -> 10
BM18: =IF(BM17=50,1,BM17+1) -> 11
BM19: =IF(BM18=50,1,BM18+1) -> 12
... BM60: =IF(BM59=50,1,BM59+1) -> 3
BM61: =IF(BM60=50,1,BM60+1) -> 4 | BO61: 編集後のレイアウト
BM62: =IF(BM61=50,1,BM61+1) -> 5
BM63: =IF(BM62=50,1,BM62+1) -> 6
BM64: =IF(BM63=50,1,BM63+1) -> 7
BM65: =IF(BM64=50,1,BM64+1) -> 8
BM66: =IF(BM65=50,1,BM65+1) -> 9
BM67: =IF(BM66=50,1,BM66+1) -> 10
BM68: =IF(BM67=50,1,BM67+1) -> 11
BM69: =IF(BM68=50,1,BM68+1) -> 12
BM70: =IF(BM69=50,1,BM69+1) -> 13
BM71: =IF(BM70=50,1,BM70+1) -> 14
BM72: =IF(BM71=50,1,BM71+1) -> 15
BM73: =IF(BM72=50,1,BM72+1) -> 16
BM74: =IF(BM73=50,1,BM73+1) -> 17
BM75: =IF(BM74=50,1,BM74+1) -> 18 | BO75: 古いレイアウト
BM76: =IF(BM75=50,1,BM75+1) -> 19
BM77: =IF(BM76=50,1,BM76+1) -> 20
BM78: =IF(BM77=50,1,BM77+1) -> 21
BM79: =IF(BM78=50,1,BM78+1) -> 22
BM80: =IF(BM79=50,1,BM79+1) -> 23
BM81: =IF(BM80=50,1,BM80+1) -> 24
BM82: =IF(BM81=50,1,BM81+1) -> 25
BM83: =IF(BM82=50,1,BM82+1) -> 26
BM84: =IF(BM83=50,1,BM83+1) -> 27
BM85: =IF(BM84=50,1,BM84+1) -> 28
BM86: =IF(BM85=50,1,BM85+1) -> 29
BM87: =IF(BM86=50,1,BM86+1) -> 30
... BM118: =IF(BM117=50,1,BM117+1) -> 11

Sheet 画面設計書
A1: システム名 | K1: システム種別 | W1: =IF(表紙!W1="","",表紙!W1) -> 基本設計書 | AP1: 作成者 | AT1: 作成日 | AY1: 更新者 | BC1: 更新日 | BH1: 版数
A2: =IF(表紙!A2="","",表紙!A2) -> POSサーバー | K2: =IF(表紙!K2="","",表紙!K2) -> POSサーバー | AP2: =IF(表紙!AP2="","",表紙!AP2) -> TuyenNH | AT2: =IF(表紙!AT2="","",表紙!AT2) -> 45427 | AY2: =IF(表紙!AY2="","",表紙!AY2) -> TuyenNH | BC2: =IF(表紙!BC2="","",表紙!BC2) -> 45523 | BH2: =IF(表紙!BH2="","",表紙!BH2) -> 0.14
A4: 機能カテゴリ | H4: =IF(表紙!H4="","",表紙!H4) -> 26 取扱設定マスタ設定(Welcia) | U4: 項目 | Z4: =IF(表紙!Z4="","",表紙!Z4) -> 概要設計書 | AP4: =MID(CELL("filename",A1),FIND("]",CELL("filename",A1))+1,255) -> 画面設計書
B7: ■ログイン画面のイメージ
B35: ■画面項目定義
B37: 画面項目ID | D37: 項目 | K37: タイプ | N37: I/O | O37: 多言語対象 | P37: アウトプット | AR37: インプット | BC37: 備考
P38: マッピングデータ | X38: 初期値 | AA38: 表示コントロール | AI38: Control enable | AR38: 必須 | AS38: 数字 | AT38: 文字 | AU38: マッピングデータ
P39: API名 | T39: 項目 | AU39: API名 | AY39: 項目
B40: 1 | K40: テキスト | N40: － | O40: ● | P40: － | T40: － | X40: Android POS Control | AA40: ー | AI40: － | AR40: － | AS40: ー | AT40: ー | AU40: － | AY40: ー
B41: 2 | K41: テキスト | N41: O | O41: ● | P41: － | T41: － | X41: User ID | AA41: ー | AI41: ー | AR41: － | AS41: ー | AT41: ー | AU41: － | AY41: ー
B42: 3 | K42: テキスト | N42: I | O42: － | P42: － | X42: － | AA42: ー | AI42: ー | AR42: － | AS42: ー | AT42: ー | AU42: － | AY42: ー
B43: 4 | K43: テキスト | N43: O | O43: ● | P43: － | T43: － | X43: Password | AA43: ー | AI43: ー | AR43: － | AS43: ー | AT43: ー | AU43: － | AY43: ー
B44: 5 | K44: EditText | N44: I | O44: － | P44: － | T44: － | X44: － | AA44: ー | AI44: ー | AR44: － | AS44: ー | AT44: ー | AU44: － | AY44: ー
B45: 6 | K45: ボタン | N45: I | O45: ● | P45: － | T45: － | X45: Login | AA45: ー | AI45: Enable | AR45: － | AS45: ー | AT45: ー | AU45: － | AY45: ー | BC45: Login-01/EmployeeMaster

Sheet 取扱有無と下位階層も同設定の詳細
A1: システム名 | K1: システム種別 | W1: =IF(表紙!W1="","",表紙!W1) -> 基本設計書 | AP1: 作成者 | AT1: 作成日 | AY1: 更新者 | BC1: 更新日 | BH1: 版数
A2: =IF(表紙!A2="","",表紙!A2) -> POSサーバー | K2: =IF(表紙!K2="","",表紙!K2) -> POSサーバー | AP2: =IF(表紙!AP2="","",表紙!AP2) -> TuyenNH | AT2: =IF(表紙!AT2="","",表紙!AT2) -> 45427 | AY2: =IF(表紙!AY2="","",表紙!AY2) -> TuyenNH | BC2: =IF(表紙!BC2="","",表紙!BC2) -> 45523 | BH2: =IF(表紙!BH2="","",表紙!BH2) -> 0.14
A4: 機能カテゴリ | H4: =IF(表紙!H4="","",表紙!H4) -> 26 取扱設定マスタ設定(Welcia) | U4: 項目 | Z4: =IF(表紙!Z4="","",表紙!Z4) -> 概要設計書 | AP4: =MID(CELL("filename",A1),FIND("]",CELL("filename",A1))+1,255) -> 取扱有無と下位階層も同設定の詳細
B7: 取扱有無と下位階層も同設定の詳細説明
C9: 取扱有無と下位階層も同設定のボタン状態を変更する。
D10: ・取扱有無は取扱設定マスタ編集モダールを使用して 各レコードの「下位階層も同設定」項目にある四角ボタンをタッチすることで変更可能変更可能。
D11: ・下位階層も同設定:
E12: +大分類、中分類、と小分類のレコードに白四角ボタン又は黒四角ボタンを表示する。
E13: +小分類のレコードに「-」を表示する。
D14: ・下位階層も同設定の黒四角の意味：
E15: +大分類のレコードで：
F16: 中分類と小分類のレコードの取扱有無が大分類に従う。
E17: +中分類のレコードで:
F18: 小分類のレコードの取扱有無が中分類に従う。
F19: 中分類の取扱有無が大分類に従う。
E20: +小分類のレコードで：
F21: 小分類のレコードの取扱有無が中分類に従う。
D22: ・下位階層も同設定の白四角の意味：
E23: +大分類のレコードで：
F24: 中分類と小分類のレコードの取扱有無が大分類に従わない。
E25: +中分類のレコードで:
F26: 小分類のレコードの取扱有無が中分類に従わない。
F27: 中分類の取扱有無が大分類に従わない。
E28: +小分類のレコードで：
F29: 小分類のレコードの取扱有無が中分類に従わない。
D30: 1. 大分類の取扱有無を設定する。
E31: ・設定した大分類の取扱有無を表示し、下位階層も同設定には白い四角ボタンを表示する。
E32: ・白い四角ボタンをタッチする。
F33: +上記の大分類に属している中分類と小分類の全てレコードの取扱有無は大分類の取扱有無に従う。
F34: +全て中分類のレコードの位階層も同設定には黒い四角ボタンを表示し、小分類レコードの位階層も同設定には「-」を表示する。
F36: 大分類 | J36: 中分類 | P36: 小分類 | T36: 取扱有無 | W36: 下位階層も同設定 | AE36: 大分類 | AI36: 中分類 | AO36: 小分類 | AS36: 取扱有無 | AV36: 下位階層も同設定
F37: Big-1 | J37: - | P37: - | AE37: Big-1 | AI37: - | AO37: - | AS37: 有
F38: Big-1 | J38: Medium-1 | P38: - | AE38: Big-1 | AI38: Medium-1 | AO38: -
F39: Big-1 | J39: Medium-1 | P39: Small-1 | AE39: Big-1 | AI39: Medium-1 | AO39: Small-1
F40: Big-1 | J40: Medium-1 | P40: Small-2 | AE40: Big-1 | AI40: Medium-1 | AO40: Small-2
F41: Big-1 | J41: Medium-1 | P41: Small-3 | AE41: Big-1 | AI41: Medium-1 | AO41: Small-3
F42: Big-1 | J42: Medium-2 | P42: - | AE42: Big-1 | AI42: Medium-2 | AO42: -
F43: Big-1 | J43: Medium-2 | P43: Small-4 | AE43: Big-1 | AI43: Medium-2 | AO43: Small-4
F44: Big-1 | J44: Medium-2 | P44: Small-5 | AE44: Big-1 | AI44: Medium-2 | AO44: Small-5
F45: Big-1 | J45: Medium-2 | P45: Small-6 | AE45: Big-1 | AI45: Medium-2 | AO45: Small-6
AE49: 大分類 | AI49: 中分類 | AO49: 小分類 | AS49: 取扱有無 | AV49: 下位階層も同設定
AE50: Big-1 | AI50: - | AO50: - | AS50: 有
AE51: Big-1 | AI51: Medium-1 | AO51: - | AS51: 有
AE52: Big-1 | AI52: Medium-1 | AO52: Small-1 | AS52: 有 | AV52: -
AE53: Big-1 | AI53: Medium-1 | AO53: Small-2 | AS53: 有 | AV53: -
AE54: Big-1 | AI54: Medium-1 | AO54: Small-3 | AS54: 有 | AV54: -
AE55: Big-1 | AI55: Medium-2 | AO55: - | AS55: 有
AE56: Big-1 | AI56: Medium-2 | AO56: Small-4 | AS56: 有 | AV56: -
AE57: Big-1 | AI57: Medium-2 | AO57: Small-5 | AS57: 有 | AV57: -
AE58: Big-1 | AI58: Medium-2 | AO58: Small-6 | AS58: 有 | AV58: -
D60: 2. 大分類の取扱有無を変更した場合
E61: ・変更した大分類の取扱有無を表示し、四角ボタンを黒から白に変更する。中分類と小分類のレコードの状態を保持する。
E62: ・大分類の白四角ボタンをタッチする。
F63: +中分類と小分類の取扱有無は変更した大分類の取扱有無に従う。
F64: +大分類と中分類の下位階層も同設定には黒四角ボタンを表示する。
F66: 大分類 | J66: 中分類 | P66: 小分類 | T66: 取扱有無 | W66: 下位階層も同設定 | AE66: 大分類 | AI66: 中分類 | AO66: 小分類 | AS66: 取扱有無 | AV66: 下位階層も同設定
F67: Big-1 | J67: - | P67: - | T67: 有 | AE67: Big-1 | AI67: - | AO67: - | AS67: 無
F68: Big-1 | J68: Medium-1 | P68: - | T68: 有 | AE68: Big-1 | AI68: Medium-1 | AO68: - | AS68: 有
F69: Big-1 | J69: Medium-1 | P69: Small-1 | T69: 有 | W69: - | AE69: Big-1 | AI69: Medium-1 | AO69: Small-1 | AS69: 有 | AV69: -
F70: Big-1 | J70: Medium-1 | P70: Small-2 | T70: 有 | W70: - | AE70: Big-1 | AI70: Medium-1 | AO70: Small-2 | AS70: 有 | AV70: -
F71: Big-1 | J71: Medium-1 | P71: Small-3 | T71: 有 | W71: - | AE71: Big-1 | AI71: Medium-1 | AO71: Small-3 | AS71: 有 | AV71: -
F72: Big-1 | J72: Medium-2 | P72: - | T72: 有 | AE72: Big-1 | AI72: Medium-2 | AO72: - | AS72: 有
F73: Big-1 | J73: Medium-2 | P73: Small-4 | T73: 有 | W73: - | AE73: Big-1 | AI73: Medium-2 | AO73: Small-4 | AS73: 有 | AV73: -
F74: Big-1 | J74: Medium-2 | P74: Small-5 | T74: 有 | W74: - | AE74: Big-1 | AI74: Medium-2 | AO74: Small-5 | AS74: 有 | AV74: -
F75: Big-1 | J75: Medium-2 | P75: Small-6 | T75: 有 | W75: - | AE75: Big-1 | AI75: Medium-2 | AO75: Small-6 | AS75: 有 | AV75: -
AE79: 大分類 | AI79: 中分類 | AO79: 小分類 | AS79: 取扱有無 | AV79: 下位階層も同設定
AE80: Big-1 | AI80: - | AO80: - | AS80: 無
AE81: Big-1 | AI81: Medium-1 | AO81: - | AS81: 無
AE82: Big-1 | AI82: Medium-1 | AO82: Small-1 | AS82: 無 | AV82: -
AE83: Big-1 | AI83: Medium-1 | AO83: Small-2 | AS83: 無 | AV83: -
AE84: Big-1 | AI84: Medium-1 | AO84: Small-3 | AS84: 無 | AV84: -
AE85: Big-1 | AI85: Medium-1 | AO85: - | AS85: 無
AE86: Big-1 | AI86: Medium-2 | AO86: Small-4 | AS86: 無 | AV86: -
AE87: Big-1 | AI87: Medium-2 | AO87: Small-5 | AS87: 無 | AV87: -
AE88: Big-1 | AI88: Medium-2 | AO88: Small-6 | AS88: 無 | AV88: -
D90: 3. 中分類の取扱有無を変更する。
E91: ・変更した中分類の取扱有無を表示し、変更したレコードの中分類と大分類の四角ボタンを黒から白に変更する。
E92: ・変更した中分類に属する小分類のレコード、他の中分類と小分類のレコードは状態を保持する。
E93: ・中分類の黒四角ボタンをタッチする。
F94: +小分類の取扱有無は変更した中分類の取扱有無に従う。
F95: +中分類の下位階層も同設定には黒四角ボタンを表示し、大分類の下位階層も同設定には白い四角ボタンを表示する。
F97: 大分類 | J97: 中分類 | P97: 小分類 | T97: 取扱有無 | W97: 下位階層も同設定 | AE97: 大分類 | AI97: 中分類 | AO97: 小分類 | AS97: 取扱有無 | AV97: 下位階層も同設定
F98: Big-1 | J98: - | P98: - | T98: 無 | AE98: Big-1 | AI98: - | AO98: - | AS98: 無
F99: Big-1 | J99: Medium-1 | P99: - | T99: 無 | AE99: Big-1 | AI99: Medium-1 | AO99: - | AS99: 有
F100: Big-1 | J100: Medium-1 | P100: Small-1 | T100: 無 | W100: - | AE100: Big-1 | AI100: Medium-1 | AO100: Small-1 | AS100: 無 | AV100: -
F101: Big-1 | J101: Medium-1 | P101: Small-2 | T101: 無 | W101: - | AE101: Big-1 | AI101: Medium-1 | AO101: Small-2 | AS101: 無 | AV101: -
F102: Big-1 | J102: Medium-1 | P102: Small-3 | T102: 無 | W102: - | AE102: Big-1 | AI102: Medium-1 | AO102: Small-3 | AS102: 無 | AV102: -
F103: Big-1 | J103: Medium-2 | P103: - | T103: 無 | AE103: Big-1 | AI103: Medium-2 | AO103: - | AS103: 無
F104: Big-1 | J104: Medium-2 | P104: Small-4 | T104: 無 | W104: - | AE104: Big-1 | AI104: Medium-2 | AO104: Small-4 | AS104: 無 | AV104: -
F105: Big-1 | J105: Medium-2 | P105: Small-5 | T105: 無 | W105: - | AE105: Big-1 | AI105: Medium-2 | AO105: Small-5 | AS105: 無 | AV105: -
F106: Big-1 | J106: Medium-2 | P106: Small-6 | T106: 無 | W106: - | AE106: Big-1 | AI106: Medium-2 | AO106: Small-6 | AS106: 無 | AV106: -
AE110: 大分類 | AI110: 中分類 | AO110: 小分類 | AS110: 取扱有無 | AV110: 下位階層も同設定
AE111: Big-1 | AI111: - | AO111: - | AS111: 無
AE112: Big-1 | AI112: Medium-1 | AO112: - | AS112: 有
AE113: Big-1 | AI113: Medium-1 | AO113: Small-1 | AS113: 有 | AV113: -
AE114: Big-1 | AI114: Medium-1 | AO114: Small-2 | AS114: 有 | AV114: -
AE115: Big-1 | AI115: Medium-1 | AO115: Small-3 | AS115: 有 | AV115: -
AE116: Big-1 | AI116: Medium-2 | AO116: - | AS116: 無
AE117: Big-1 | AI117: Medium-2 | AO117: Small-4 | AS117: 無 | AV117: -
AE118: Big-1 | AI118: Medium-2 | AO118: Small-5 | AS118: 無 | AV118: -
...

Sheet テンプレート
A1: システム名 | K1: システム種別 | W1: =IF(表紙!W1="","",表紙!W1) -> 基本設計書 | AP1: 作成者 | AT1: 作成日 | AY1: 更新者 | BC1: 更新日 | BH1: 版数
A2: =IF(表紙!A2="","",表紙!A2) -> POSサーバー | K2: =IF(表紙!K2="","",表紙!K2) -> POSサーバー | AP2: =IF(表紙!AP2="","",表紙!AP2) -> TuyenNH | AT2: =IF(表紙!AT2="","",表紙!AT2) -> 45427 | AY2: =IF(表紙!AY2="","",表紙!AY2) -> TuyenNH | BC2: =IF(表紙!BC2="","",表紙!BC2) -> 45523 | BH2: =IF(表紙!BH2="","",表紙!BH2) -> 0.14
A4: 機能カテゴリ | H4: =IF(表紙!H4="","",表紙!H4) -> 26 取扱設定マスタ設定(Welcia) | U4: 項目 | Z4: =IF(表紙!Z4="","",表紙!Z4) -> 概要設計書 | AP4: =MID(CELL("filename",A1),FIND("]",CELL("filename",A1))+1,255) -> テンプレート
AX12: `
