Workbook

Sheet 表紙
A1: システム名 | K1: システム種別 | W1: 詳細設計書 | AP1: 作成者 | AT1: 作成日 | AY1: 更新者 | BC1: 更新日 | BH1: 版数
A2: POSサーバー | K2: POSサーバ | AP2: =改訂履歴!$H$11 -> SonMNT | AT2: =改訂履歴!$B$11 -> 45505 | AY2: =LOOKUP(2,1/(改訂履歴!H11:H30000<>""),改訂履歴!H11:H30000) -> DuNT | BC2: =LOOKUP(2,1/(改訂履歴!B11:B30000<>""),改訂履歴!B11:B30000) -> 45546 | BH2: =LOOKUP(2,1/(改訂履歴!O11:O30000<>""),改訂履歴!O11:O30000) -> 0.2
A4: 機能カテゴリ | H4: 62_画像アップロード | U4: 項目 | Z4: 画面設計書 | AP4: {=RIGHT(CELL("filename",$A$1),LEN(CELL("filename",$A$1))-FIND("]",CELL("filename",$A$1)))} -> 表紙
L16: POSサーバーの詳細設計書
L24: =K2&"/"&H4&"/"&Z4 -> POSサーバ/62_画像アップロード/画面設計書
Q44: 承認日 | AA44: 承認者 | AQ44: 版数

Sheet 改訂履歴
A1: システム名 | K1: システム種別 | W1: =IF(表紙!W1="","",表紙!W1) -> 詳細設計書 | AP1: 作成者 | AT1: 作成日 | AY1: 更新者 | BC1: 更新日 | BH1: 版数
A2: =IF(表紙!A2="","",表紙!A2) -> POSサーバー | K2: =IF(表紙!K2="","",表紙!K2) -> POSサーバ | AP2: =IF(表紙!AP2="","",表紙!AP2) -> SonMNT | AT2: =IF(表紙!AT2="","",表紙!AT2) -> 45505 | AY2: =IF(表紙!AY2="","",表紙!AY2) -> DuNT | BC2: =IF(表紙!BC2="","",表紙!BC2) -> 45546 | BH2: =IF(表紙!BH2="","",表紙!BH2) -> 0.2
A4: 機能カテゴリー | H4: =IF(表紙!H4="","",表紙!H4) -> 62_画像アップロード | U4: 項目 | Z4: =IF(表紙!Z4="","",表紙!Z4) -> 画面設計書 | AP4: {=RIGHT(CELL("filename",$A$1),LEN(CELL("filename",$A$1))-FIND("]",CELL("filename",$A$1)))} -> 改訂履歴
B8: ■改訂履歴
B10: 更新日 | H10: 更新者 | O10: 版数 | S10: 更新内容 | AX10: 承認日 | BD10: 承認者
B11: 45505 | H11: SonMNT | O11: 0.1 | S11: 新規
B13: 45546 | H13: DuNT | O13: 0.2 | S13: SC6201
S14: 検索条件エリアに検索ボタンを追加する。

Sheet SC6201
A1: システム名 | K1: システム種別 | W1: =IF(表紙!W1="","",表紙!W1) -> 詳細設計書 | AP1: 作成者 | AT1: 作成日 | AY1: 更新者 | BC1: 更新日 | BH1: 版数
A2: =IF(表紙!A2="","",表紙!A2) -> POSサーバー | K2: =IF(表紙!K2="","",表紙!K2) -> POSサーバ | AP2: =IF(表紙!AP2="","",表紙!AP2) -> SonMNT | AT2: =IF(表紙!AT2="","",表紙!AT2) -> 45505 | AY2: =IF(表紙!AY2="","",表紙!AY2) -> DuNT | BC2: =IF(表紙!BC2="","",表紙!BC2) -> 45546 | BH2: =IF(表紙!BH2="","",表紙!BH2) -> 0.2
A4: 機能カテゴリ | H4: =IF(表紙!H4="","",表紙!H4) -> 62_画像アップロード | U4: 項目 | Z4: =IF(表紙!Z4="","",表紙!Z4) -> 画面設計書 | AP4: =MID(CELL("filename",A1),FIND("]",CELL("filename",A1))+1,255) -> SC6201
B7: ■イメージ
B47: ■画面項目定義
B49: 画面項目ID | D49: 項目 | K49: タイプ | N49: I/O | O49: 多言語 | P49: 出力 | AR49: インプット | BC49: 備考
P50: マッピングデータ | X50: 初期値 | AA50: 表示コントロール | AI50: Control enable | AR50: 必須 | AS50: 数字 | AT50: 桁 | AU50: マッピングデータ
P51: API名 | T51: 項目 | AU51: API名 | AY51: 項目
B52: 0 | D52: 画面タイトル | K52: テキスト | N52: － | O52: ● | P52: － | T52: － | X52: 画像アップロード | AA52: ー | AI52: ー | AR52: － | AS52: ー | AT52: ー | AU52: － | AY52: ー | BC52: イベントID：SC6201-01
B53: 1 | D53: 画像種別 | K53: テキスト | N53: － | O53: ● | P53: － | T53: － | X53: 画像種別 * | AA53: ー | AI53: ー | AR53: － | AS53: ー | AT53: ー | AU53: － | AY53: ー | BC53: イベントID：SC6201-02
B54: 2 | D54: プリセット画像 | K54: ラジオ | N54: I | O54: ● | P54: － | T54: － | X54: プリセット画像 | AA54: ー | AI54: ー | AR54: － | AS54: ー | AT54: ー | AU54: AP6601 | AY54: type | BC54: デフォルト：チェックを入れる
B55: 3 | D55: レシートロゴ | K55: ラジオ | N55: I | O55: ● | P55: － | T55: － | X55: レシートロゴ | AA55: ー | AI55: ー | AR55: － | AS55: ー | AT55: ー | AU55: AP6601 | AY55: type | BC55: デフォルト：チェックを外す
B56: 4 | D56: 新規アップロード | K56: テキスト | N56: － | O56: ● | P56: － | T56: － | X56: 新規アップロード | AA56: ー | AI56: ー | AR56: － | AS56: ー | AT56: ー | AU56: － | AY56: ー | BC56: ー
B57: 5 | D57: ファイル選択 | K57: ボタン | N57: I | O57: ● | P57: － | T57: － | X57: ファイル選択 | AA57: ー | AI57: デフォルト：有効 | AR57: － | AS57: ー | AT57: ー | AU57: － | AY57: ー | BC57: イベントID：SC6201-03
B58: 6 | D58: 選択解除 | K58: ボタン | N58: I | O58: ● | P58: － | T58: － | X58: 選択解除 | AA58: ー | AI58: デフォルト：有効 | AR58: － | AS58: ー | AT58: ー | AU58: － | AY58: ー | BC58: イベントID：SC6201-04
B59: 7 | D59: アップロード済 | K59: テキスト | N59: － | O59: ● | P59: － | T59: － | X59: アップロード済 | AA59: ー | AI59: ー | AR59: － | AS59: ー | AT59: ー | AU59: － | AY59: ー | BC59: ー
B60: 8 | D60: ファイル名 | K60: テキスト | N60: － | O60: ● | P60: － | T60: － | X60: ファイル名 | AA60: ー | AI60: ー | AR60: － | AS60: ー | AT60: ー | AU60: － | AY60: ー | BC60: ー
B61: 9 | D61: 削除 | K61: テキスト | N61: － | O61: ● | P61: － | T61: － | X61: 削除 | AA61: ー | AI61: ー | AR61: － | AS61: ー | AT61: ー | AU61: － | AY61: ー | BC61: ー
B62: 10 | D62: ファイル名 | K62: テキスト | N62: － | O62: ● | P62: － | T62: － | X62: ファイル名 | AA62: ー | AI62: ー | AR62: － | AS62: ー | AT62: ー | AU62: － | AY62: ー | BC62: イベントID：SC6201-05
B63: 11 | D63: アップロード済のファイル名 | K63: テキスト | N63: I | O63: － | P63: － | T63: － | X63: － | AA63: ー | AI63: ー | AR63: － | AS63: ー | AT63: ー | AU63: AP6601 | AY63: files | BC63: アップロード画像一覧
... B69: 17 | D69: F09:確定 | K69: ボタン | N69: I | O69: ● | P69: － | T69: － | X69: F09:確定 | AA69: ー | AI69: デフォルト：有効 | AR69: － | AS69: ー | AT69: ー | AU69: － | AY69: ー | BC69: イベントID：SC6201-07
B70: 18 | D70: 店舗選択エリア | K70: － | N70: － | P70: － | T70: － | X70: － | AA70: － | AI70: － | AR70: － | AS70: － | AT70: － | AU70: － | AY70: － | BC70: 20_画面設計_00_共通.xlsxの店舗選択エリアをご参照ください。
B71: 19 | D71: 検索 | K71: ボタン | N71: I | O71: ● | P71: － | T71: － | X71: 検索 | AA71: － | AI71: デフォルト：有効 | AR71: － | AS71: － | BC71: イベントID: SC6201-02
