Workbook

Sheet 表紙
A1: システム名 | K1: システム種別 | W1: 詳細設計書 | AP1: 作成者 | AT1: 作成日 | AY1: 更新者 | BC1: 更新日 | BH1: 版数
A2: POSサーバー | K2: POSサーバ | AP2: =改訂履歴!$H$11 -> LoiLV | AT2: =改訂履歴!$B$11 -> 45468 | AY2: =LOOKUP(2,1/(改訂履歴!H11:H30000<>""),改訂履歴!H11:H30000) -> AnhDD | BC2: =LOOKUP(2,1/(改訂履歴!B11:B30000<>""),改訂履歴!B11:B30000) -> 45568 | BH2: =LOOKUP(2,1/(改訂履歴!O11:O30000<>""),改訂履歴!O11:O30000) -> 0.2
A4: 機能カテゴリ | H4: X0_ログイン機能 | U4: 項目 | Z4: 画面設計書 | AP4: {=RIGHT(CELL("filename",$A$1),LEN(CELL("filename",$A$1))-FIND("]",CELL("filename",$A$1)))} -> 表紙
L16: POSサーバーの詳細設計書
L24: =K2&"/"&H4&"/"&Z4 -> POSサーバ/X0_ログイン機能/画面設計書
Q44: 承認日 | AA44: 承認者 | AQ44: 版数

Sheet 改訂履歴
A1: システム名 | K1: システム種別 | W1: =IF(表紙!W1="","",表紙!W1) -> 詳細設計書 | AP1: 作成者 | AT1: 作成日 | AY1: 更新者 | BC1: 更新日 | BH1: 版数
A2: =IF(表紙!A2="","",表紙!A2) -> POSサーバー | K2: =IF(表紙!K2="","",表紙!K2) -> POSサーバ | AP2: =IF(表紙!AP2="","",表紙!AP2) -> LoiLV | AT2: =IF(表紙!AT2="","",表紙!AT2) -> 45468 | AY2: =IF(表紙!AY2="","",表紙!AY2) -> AnhDD | BC2: =IF(表紙!BC2="","",表紙!BC2) -> 45568 | BH2: =IF(表紙!BH2="","",表紙!BH2) -> 0.2
A4: 機能カテゴリ | H4: =IF(表紙!H4="","",表紙!H4) -> X0_ログイン機能 | U4: 項目 | Z4: =IF(表紙!Z4="","",表紙!Z4) -> 画面設計書 | AP4: {=RIGHT(CELL("filename",$A$1),LEN(CELL("filename",$A$1))-FIND("]",CELL("filename",$A$1)))} -> 改訂履歴
B8: ■改訂履歴
B10: 更新日 | H10: 更新者 | O10: 版数 | S10: 更新内容 | AX10: 承認日 | BD10: 承認者
B11: 45468 | H11: LoiLV | O11: 0.1 | S11: 新規
B13: 45483 | H13: AnhDD | O13: 0.12 | S13: SCX001
S14: 2024年07月09日の議事録の内容による更新
B15: 45568 | H15: AnhDD | O15: 0.2 | S15: SCX001
S16: ログイン画面の新しいインターフェースを変更する。

Sheet SCX001
A1: システム名 | K1: システム種別 | W1: =IF(表紙!W1="","",表紙!W1) -> 詳細設計書 | AP1: 作成者 | AT1: 作成日 | AY1: 更新者 | BC1: 更新日 | BH1: 版数
A2: =IF(表紙!A2="","",表紙!A2) -> POSサーバー | K2: =IF(表紙!K2="","",表紙!K2) -> POSサーバ | AP2: =IF(表紙!AP2="","",表紙!AP2) -> LoiLV | AT2: =IF(表紙!AT2="","",表紙!AT2) -> 45468 | AY2: =IF(表紙!AY2="","",表紙!AY2) -> AnhDD | BC2: =IF(表紙!BC2="","",表紙!BC2) -> 45568 | BH2: =IF(表紙!BH2="","",表紙!BH2) -> 0.2
A4: 機能カテゴリ | H4: =IF(表紙!H4="","",表紙!H4) -> X0_ログイン機能 | U4: 項目 | Z4: =IF(表紙!Z4="","",表紙!Z4) -> 画面設計書 | AP4: =MID(CELL("filename",A1),FIND("]",CELL("filename",A1))+1,255) -> SCX001
B7: ■イメージ
C8: 1. カスミ（100）のログイン画面
B62: ■画面項目定義
B64: 画面項目ID | D64: 項目 | K64: タイプ | N64: I/O | O64: 多言語 | P64: 出力 | AR64: インプット | BC64: 備考
P65: マッピングデータ | X65: 初期値 | AA65: 表示コントロール | AI65: Control enable | AR65: 必須 | AS65: 数字 | AT65: 桁 | AU65: マッピングデータ
P66: API名 | T66: 項目 | AU66: API名 | AY66: 項目
B67: 0 | D67: エラーメッセージ表示エリア | K67: テキスト | N67: － | O67: － | P67: － | T67: － | X67: ブランク | AA67: ログイン情報が不正な場合に表示される | AI67: － | AR67: － | AS67: ー | AT67: ー | AU67: － | AY67: ー | BC67: イベントID：SCX001-02
B68: 1 | D68: 企業コード（タイトル） | K68: テキスト | N68: － | O68: ● | P68: － | T68: － | X68: 企業コード | AA68: ー | AI68: ー | AR68: － | AS68: ー | AT68: ー | AU68: － | AY68: ー
B69: 2 | D69: 企業コード（値） | K69: ドロップダウン | N69: I | O69: － | P69: － | T69: － | X69: 100 : カスミ | AA69: ー | AI69: デフォルト：有効 | AR69: ● | AS69: － | AT69: － | AU69: APX001 | AY69: company_code | BC69: 選択可能な値： ・100 : カスミ ・800 : いなげや
B70: 3 | D70: ユーザID（タイトル） | K70: テキスト | N70: － | O70: ● | P70: － | T70: － | X70: ユーザーID | AA70: ー | AI70: ー | AR70: － | AS70: ー | AT70: ー | AU70: － | AY70: ー
B71: 4 | D71: ユーザID（値） | K71: EditText | N71: I | O71: － | P71: － | T71: － | AA71: ー | AI71: デフォルト：有効 | AR71: ● | AS71: ● | AT71: ● | AU71: APX001 | AY71: user_name | BC71: 最大長がない プレースホルダ―：IDを入力
B72: 5 | D72: パスワード（タイトル） | K72: テキスト | N72: － | O72: ● | P72: － | T72: － | X72: パスワード | AA72: ー | AI72: ー | AR72: － | AS72: ー | AT72: ー | AU72: － | AY72: ー
B73: 6 | D73: パスワード（値） | K73: Secure EditText | N73: I | O73: － | P73: － | T73: － | X73: ブランク | AA73: ー | AI73: デフォルト：有効 | AR73: ● | AS73: ● | AT73: ● | AU73: APX001 | AY73: password | BC73: 最大長がない プレースホルダ―: パスワードを入力
B74: 7 | D74: バリデーションチェックメッセージ | K74: テキスト | N74: － | O74: ● | P74: － | T74: － | AA74: ログインをタッチし、No.4に入力値がない場合 | AI74: ー | AR74: － | AS74: ー | AT74: ー | AU74: － | AY74: ー
B75: 8 | D75: バリデーションチェックメッセージ | K75: テキスト | N75: － | O75: ● | P75: － | T75: － | AA75: ログインをタッチし、No.6に入力値がない場合 | AI75: ー | AR75: － | AS75: ー | AT75: ー | AU75: － | AY75: ー
B76: 9 | D76: ログインする | K76: ボタン | N76: I | O76: ● | P76: － | T76: － | X76: ログインする | AA76: ー | AI76: デフォルト：有効 | AR76: － | AS76: － | AT76: － | AU76: － | AY76: － | BC76: イベントID：SCX001-02
B77: ■イメージ
C78: 2.いなげや（800）のログイン画面
