Workbook

Sheet 表紙
A1: システム名 | K1: システム種別 | W1: 詳細設計書 | AP1: 作成者 | AT1: 作成日 | AY1: 更新者 | BC1: 更新日 | BH1: 版数
A2: POSサーバー | K2: POSサーバ | AP2: =改訂履歴!$H$11 -> TuyenNH | AT2: =改訂履歴!$B$11 -> 45644 | AY2: =LOOKUP(2,1/(改訂履歴!H11:H30000<>""),改訂履歴!H11:H30000) -> TuyenNH | BC2: =LOOKUP(2,1/(改訂履歴!B11:B30000<>""),改訂履歴!B11:B30000) -> 45644 | BH2: =LOOKUP(2,1/(改訂履歴!O11:O30000<>""),改訂履歴!O11:O30000) -> 0.1
A4: 機能カテゴリ | H4: 08_カテゴリ値引／割引設定 | U4: 項目 | Z4: 画面設計書 | AP4: {=RIGHT(CELL("filename",$A$1),LEN(CELL("filename",$A$1))-FIND("]",CELL("filename",$A$1)))} -> 表紙
L16: POSサーバーの基本設計書
L24: =K2&"/"&H4&"/"&Z4 -> POSサーバ/08_カテゴリ値引／割引設定/画面設計書
Q44: 承認日 | AA44: 承認者 | AQ44: 版数

Sheet 改訂履歴
A1: システム名 | K1: システム種別 | W1: =IF(表紙!W1="","",表紙!W1) -> 詳細設計書 | AP1: 作成者 | AT1: 作成日 | AY1: 更新者 | BC1: 更新日 | BH1: 版数
A2: =IF(表紙!A2="","",表紙!A2) -> POSサーバー | K2: =IF(表紙!K2="","",表紙!K2) -> POSサーバ | AP2: =IF(表紙!AP2="","",表紙!AP2) -> TuyenNH | AT2: =IF(表紙!AT2="","",表紙!AT2) -> 45644 | AY2: =IF(表紙!AY2="","",表紙!AY2) -> TuyenNH | BC2: =IF(表紙!BC2="","",表紙!BC2) -> 45644 | BH2: =IF(表紙!BH2="","",表紙!BH2) -> 0.1
A4: 機能カテゴリ | H4: =IF(表紙!H4="","",表紙!H4) -> 08_カテゴリ値引／割引設定 | U4: 項目 | Z4: =IF(表紙!Z4="","",表紙!Z4) -> 画面設計書 | AP4: {=RIGHT(CELL("filename",$A$1),LEN(CELL("filename",$A$1))-FIND("]",CELL("filename",$A$1)))} -> 改訂履歴
B8: ■改訂履歴
B10: 更新日 | H10: 更新者 | O10: 版数 | S10: 更新内容 | AX10: 承認日 | BD10: 承認者
B11: 45644 | H11: TuyenNH | O11: 0.1 | S11: 新規

Sheet SC3201
A1: システム名 | K1: システム種別 | W1: =IF(表紙!W1="","",表紙!W1) -> 詳細設計書 | AP1: 作成者 | AT1: 作成日 | AY1: 更新者 | BC1: 更新日 | BH1: 版数
A2: =IF(表紙!A2="","",表紙!A2) -> POSサーバー | K2: =IF(表紙!K2="","",表紙!K2) -> POSサーバ | AP2: =IF(表紙!AP2="","",表紙!AP2) -> TuyenNH | AT2: =IF(表紙!AT2="","",表紙!AT2) -> 45644 | AY2: =IF(表紙!AY2="","",表紙!AY2) -> TuyenNH | BC2: =IF(表紙!BC2="","",表紙!BC2) -> 45644 | BH2: =IF(表紙!BH2="","",表紙!BH2) -> 0.1
A4: 機能カテゴリ | H4: =IF(表紙!H4="","",表紙!H4) -> 08_カテゴリ値引／割引設定 | U4: 項目 | Z4: =IF(表紙!Z4="","",表紙!Z4) -> 画面設計書 | AP4: =MID(CELL("filename",A1),FIND("]",CELL("filename",A1))+1,255) -> SC3201
B7: ■初期画面のイメージ
B44: ■データがある画面のイメージ
B79: ■画面項目定義
B81: 画面項目ID | D81: 項目 | K81: タイプ | N81: I/O | O81: 多言語 | P81: 出力 | AR81: インプット | BC81: 備考
P82: マッピングデータ | X82: 初期値 | AA82: 表示コントロール | AI82: Control enable | AR82: 必須 | AS82: 数字 | AT82: 桁 | AU82: マッピングデータ
P83: API名 | T83: 項目 | AU83: API名 | AY83: 項目
B84: 0 | D84: 画面タイトル | K84: テキスト | N84: － | O84: ● | P84: － | T84: － | X84: カテゴリ値引／割引 | AA84: ー | AI84: － | AR84: － | AS84: ー | AT84: ー | AU84: － | AY84: ー | BC84: イベントID：SC0801-01
B85: =B84+1 -> 1 | D85: カテゴリ値引／割引情報 | K85: テキスト | N85: － | O85: ● | P85: － | T85: － | X85: カテゴリ値引／割引情報 | AA85: ー | AI85: － | AR85: － | AS85: ー | AT85: ー | AU85: － | AY85: ー | BC85: ー
B86: =B85+1 -> 2 | D86: 新規 | K86: ボタン | N86: I | O86: ● | P86: － | T86: － | X86: 新規 | AA86: ー | AI86: ・デフォルト：有効 新規モードで表示されている場合、無効になる。 | AR86: － | AS86: ー | AT86: ー | AU86: － | AY86: ー | BC86: イベントID：SC0801-02
B87: =B86+1 -> 3 | D87: 検索 | K87: ボタン | N87: I | O87: ● | P87: － | T87: － | X87: 検索 | AA87: ー | AI87: ・デフォルト：有効 新規モードで表示されている場合、無効になる。 | AR87: － | AS87: ー | AT87: ー | AU87: － | AY87: ー | BC87: イベントID：SC0801-03
B88: =B87+1 -> 4 | D88: 部門（タイトル） | K88: テキスト | N88: － | O88: ● | P88: － | T88: － | X88: 部門 | AA88: ー | AI88: － | AR88: － | AS88: ー | AT88: ー | AU88: － | AY88: ー | BC88: ー
B89: 4.1 | D89: 部門（値） | K89: Edit Text | N89: O | O89: － | P89: AP0802 | T89: code_level_one | X89: － | AA89: ー | AI89: ・デフォルト：無効 ・新規モードの場合に有効になる。 | AR89: ● | AS89: ● | AT89: － | AU89: AP1507 | AY89: ー | BC89: 最大数字の2桁。フォーカスアウト時に「0」を追加する。
B90: 5 | D90: 割引率（タイトル） | K90: テキスト | N90: － | O90: ● | P90: － | T90: － | X90: 割引率 | AA90: ー | AI90: － | AR90: － | AS90: ー | AT90: ー | AU90: － | AY90: ー | BC90: ー
B91: 5.1 | D91: 割引率（値） | K91: Edit Text | N91: I/O | O91: － | P91: AP0802 | T91: discount_type_code discount_value | X91: － | AA91: ー | AI91: ・デフォルト：無効 ・新規モード、編集モードの場合は有効になる。 | AR91: － | AS91: ● | AT91: － | AU91: AP0804 | AY91: discount_type_code discount_value | BC91: 最大数字の2桁。 ・1～99の範囲内でのみ入力可能。 ・{discount_type_code} = 2 (割引)の場合に表示する、
B92: 6 | D92: 割引率（タイトル） | K92: テキスト | N92: － | O92: ● | P92: － | T92: － | X92: 割引率 | AA92: ー | AI92: － | AR92: － | AS92: ー | AT92: ー | AU92: － | AY92: ー | BC92: ー
B93: 6.1 | D93: 割引率（値） | K93: Edit Text | N93: I/O | O93: － | P93: AP0802 | T93: discount_type_code discount_value | X93: － | AA93: ー | AI93: ・デフォルト：無効 ・新規モード、編集モードの場合は有効になる。 | AR93: － | AS93: ● | AT93: － | AU93: AP0804 | AY93: discount_type_code discount_value | BC93: 最大数字の2桁。 ・1～99の範囲内でのみ入力可能。 ・{discount_type_code} = 1 (値引)の場合に表示する。
B94: 7 | D94: 期間（タイトル） | K94: テキスト | N94: － | O94: ● | P94: － | T94: － | X94: 期間 | AA94: ー | AI94: － | AR94: － | AS94: ー | AT94: ー | AU94: － | AY94: ー | BC94: ー
B95: 7.1 | D95: 開始日（値） | K95: カレンダー | N95: I/O | O95: － | P95: AP0802 | T95: start_date_time | X95: － | AA95: ー | AI95: ・デフォルト：無効 ・新規モード、編集モードの場合は有効になる。 | AR95: ● | AS95: ー | AT95: ー | AU95: AP0804 | AY95: start_date_time | BC95: ・形式：yy/MM/dd(E) ・date pickerタイプを選択するか、edit textタイプを入力できる。入力すると、曜日を自動的に埋め込む。 ・エラーがツールチップ形式で表示され、項目の罫線が赤くなる。
B96: 7.2 | D96: 終了日（値） | K96: カレンダー | N96: I/O | O96: － | P96: AP0802 | T96: end_date_time | X96: － | AA96: ー | AI96: ・デフォルト：無効 ・新規モード、編集モードの場合は有効になる。 | AR96: ● | AS96: ー | AT96: ー | AU96: AP0804 | AY96: end_date_time | BC96: ・形式：yy/MM/dd(E) ・date pickerタイプを選択するか、edit textタイプを入力できる。入力すると、曜日を自動的に埋め込む。 ・エラーがツールチップ形式で表示され、項目の罫線が赤くなる。
B97: 7.3 | D97: 開始時刻（値） | K97: ドロップダウン | N97: I/O | O97: － | P97: AP0802 | T97: start_service_time | X97: － | AA97: ー | AI97: ・デフォルト：無効 ・新規モード、編集モードの場合は有効になる。 | AR97: ● | AS97: ー | AT97: ー | AU97: AP0804 | AY97: start_service_time | BC97: ・形式：HH:mm ・date pickerタイプを選択するか、edit textタイプを入力できる。 ・エラーがツールチップ形式で表示され、項目の罫線が赤くなる。
B98: 7.4 | D98: 終了時刻（値） | K98: ドロップダウン | N98: I/O | O98: － | P98: AP0802 | T98: end_service_time | X98: － | AA98: ー | AI98: ・デフォルト：無効 ・新規モード、編集モードの場合は有効になる。 | AR98: ● | AS98: ー | AT98: ー | AU98: AP0804 | AY98: end_service_time | BC98: ・形式：HH:mm ・date pickerタイプを選択するか、edit textタイプを入力できる。 ・エラーがツールチップ形式で表示され、項目の罫線が赤くなる。
B99: 8 | D99: タイムサービス（タイトル） | K99: テキスト | N99: － | O99: ● | P99: － | T99: － | X99: タイムサービス | AA99: ー | AI99: － | AR99: － | AS99: ー | AT99: ー | AU99: － | AY99: ー | BC99: ー
B100: 8.1 | D100: タイムサービス（値） | K100: ドロップダウン | N100: I/O | O100: － | P100: AP0802 | T100: type_time_service | X100: － | AA100: ー | AI100: ・デフォルト：無効 ・新規モード、編集モードの場合は有効になる。 | AR100: ● | AS100: ー | AT100: ー | AU100: AP0804 | AY100: type_time_service | BC100: ・ドロップダウンに表示される値： 0 : 通常 1 : タイムサービス
... B117: 20 | D117: 確定 | K117: ボタン | N117: I | O117: ● | P117: － | T117: － | X117: F11：確定 | AA117: ー | AI117: ・デフォルト：無効 ・画面にバリデーションチェックエラーがある場合、ボタンが無効になる。 ・画面に変更がある場合、有効にする。 | AR117: － | AS117: ー | AT117: ー | AU117: － | AY117: ー | BC117: イベントID：SC0801-11

Sheet MD0801
A1: システム名 | K1: システム種別 | W1: =IF(表紙!W1="","",表紙!W1) -> 詳細設計書 | AP1: 作成者 | AT1: 作成日 | AY1: 更新者 | BC1: 更新日 | BH1: 版数
A2: =IF(表紙!A2="","",表紙!A2) -> POSサーバー | K2: =IF(表紙!K2="","",表紙!K2) -> POSサーバ | AP2: =IF(表紙!AP2="","",表紙!AP2) -> TuyenNH | AT2: =IF(表紙!AT2="","",表紙!AT2) -> 45644 | AY2: =IF(表紙!AY2="","",表紙!AY2) -> TuyenNH | BC2: =IF(表紙!BC2="","",表紙!BC2) -> 45644 | BH2: =IF(表紙!BH2="","",表紙!BH2) -> 0.1
A4: 機能カテゴリ | H4: =IF(表紙!H4="","",表紙!H4) -> 08_カテゴリ値引／割引設定 | U4: 項目 | Z4: =IF(表紙!Z4="","",表紙!Z4) -> 画面設計書 | AP4: =MID(CELL("filename",A1),FIND("]",CELL("filename",A1))+1,255) -> MD0801
B7: ■カテゴリ値引/割引情報モーダル
B41: ■画面項目定義
B43: 画面項目ID | D43: 項目 | K43: タイプ | N43: I/O | O43: 多言語 | P43: 出力 | AR43: インプット | BC43: 備考
P44: マッピングデータ | X44: 初期値 | AA44: 表示コントロール | AI44: Control enable | AR44: 必須 | AS44: 数字 | AT44: 桁 | AU44: マッピングデータ
P45: API名 | T45: 項目 | AU45: API名 | AY45: 項目
B46: 0 | D46: 画面タイトル | K46: テキスト | N46: － | O46: ● | P46: － | T46: － | X46: カテゴリ値引／割引情報 | AA46: ー | AI46: － | AR46: － | AS46: ー | AT46: ー | AU46: － | AY46: ー | BC46: イベントID：MD0801-01
B47: =B46+1 -> 1 | D47: 選択（タイトル） | K47: テキスト | N47: － | O47: ● | P47: － | T47: － | X47: 選択 | AA47: ー | AI47: ー | AR47: － | AS47: ー | AT47: ー | AU47: － | AY47: ー
B48: 1.1 | D48: 選択（値） | K48: ボタン | N48: － | O48: ● | P48: － | T48: － | X48: 選択 | AA48: ー | AI48: デフォルト：有効 | AR48: － | AS48: ー | AT48: ー | AU48: － | AY48: ー | BC48: イベントID：MD0801-02
B49: 2 | D49: 状態（タイトル） | K49: テキスト | N49: － | O49: ● | P49: － | T49: － | X49: 状態 | AA49: ー | AI49: ー | AR49: － | AS49: ー | AT49: ー | AU49: － | AY49: ー | BC49: ー
B50: 2.1 | D50: 状態（値） | K50: テキスト | N50: O | O50: － | P50: AP0801 | T50: status | X50: － | AA50: ー | AI50: ー | AR50: － | AS50: ー | AT50: ー | AU50: － | AY50: ー | BC50: ・カテゴリ値引・割引の有効： 0: 実施中 1: 終了 2: 未実施 3: NG =>ロジック判定の詳細はAP0801をご参照ください。 ・状態が「実施中」の場合、行の背景色は緑色になる。
B51: 3 | D51: コードと名称（タイトル） | K51: テキスト | N51: － | O51: ● | P51: － | T51: － | X51: コードと名称 | AA51: ー | AI51: ー | AR51: － | AS51: ー | AT51: ー | AU51: － | AY51: ー | BC51: ー
B52: 3.1 | D52: コードと名称（値） | K52: テキスト | N52: I/O | O52: － | T52: md_hierarchy_code description | X52: － | AA52: ー | AI52: ー | AR52: － | AS52: ー | AT52: ー | AU52: － | AY52: ー | BC52: 表示形式： {md_hierarchy_code}:{description}
B53: 4 | D53: タイムサービス（タイトル） | N53: － | O53: ● | P53: － | T53: － | X53: タイムサービス | AA53: ー | AI53: ー | AR53: － | AS53: ー | AT53: ー | AU53: － | AY53: ー | BC53: ー
B54: 4.1 | D54: タイムサービス（値） | N54: O | O54: － | P54: AP0801 | T54: type_time_service | X54: － | AA54: ー | AI54: ー | AR54: － | AS54: ー | AT54: ー | AU54: － | AY54: ー | BC54: 表示形式： 0 : 通常 1 : タイムサービス
B55: 5 | D55: 開始日時（タイトル） | N55: － | O55: ● | P55: － | T55: － | X55: 開始日時 | AA55: ー | AI55: ー | AR55: － | AS55: ー | AT55: ー | AU55: － | AY55: ー | BC55: ー
B56: 5.1 | D56: 開始日時（値） | N56: O | O56: － | P56: AP0801 | T56: start_date_time | X56: － | AA56: ー | AI56: ー | AR56: － | AS56: ー | AT56: ー | AU56: － | AY56: ー | BC56: 表示形式： yy/MM/dd
B57: 6 | D57: 終了日時（タイトル） | N57: － | O57: ● | P57: － | T57: － | X57: 終了日時 | AA57: ー | AI57: ー | AR57: － | AS57: ー | AT57: ー | AU57: － | AY57: ー | BC57: ー
B58: 6.1 | D58: 終了日時（値） | N58: O | O58: － | P58: AP0801 | T58: end_date_time | X58: － | AA58: ー | AI58: ー | AR58: － | AS58: ー | AT58: ー | AU58: － | AY58: ー | BC58: 表示形式： yy/MM/dd
B59: 7 | D59: 値引種類と金額（タイトル） | N59: － | O59: ● | P59: － | T59: － | X59: 値引種類と金額 | AA59: ー | AI59: ー | AR59: － | AS59: ー | AT59: ー | AU59: － | AY59: ー | BC59: ー
B60: 7.1 | D60: 値引種類と金額（値） | N60: O | O60: － | P60: AP0801 | T60: discount_type_code discount_value | X60: － | AA60: ー | AI60: ー | AR60: － | AS60: ー | AT60: ー | AU60: － | AY60: ー | BC60: ・値引の場合、以下のフォーマットで表示する。 値引:{discount_value}円 '・割引の場合、以下のフォーマットで表示する。 割引:{discount_value}%
B61: 8 | D61: 前画面 | K61: ボタン | N61: － | O61: ● | P61: － | T61: － | X61: 前画面 | AA61: ー | AI61: デフォルト：有効 | AR61: － | AS61: ー | AT61: ー | AU61: － | AY61: ー | BC61: イベントID：MD0801-03
