Workbook

Sheet 表紙
A1: システム名 | K1: システム種別 | W1: 詳細設計書 | AP1: 作成者 | AT1: 作成日 | AY1: 更新者 | BC1: 更新日 | BH1: 版数
A2: POSサーバー | K2: POSサーバー | AP2: =改訂履歴!$H$11 -> SonMNT | AT2: =改訂履歴!$B$11 -> 45512 | AY2: =LOOKUP(2,1/(改訂履歴!H11:H30000<>""),改訂履歴!H11:H30000) -> AnhDD | BC2: =LOOKUP(2,1/(改訂履歴!B11:B30000<>""),改訂履歴!B11:B30000) -> 45617 | BH2: =LOOKUP(2,1/(改訂履歴!O11:O30000<>""),改訂履歴!O11:O30000) -> 0.2
A4: 機能カテゴリ | H4: 33_釣銭機状況照会 | U4: 項目 | Z4: 画面設計書 | AP4: {=RIGHT(CELL("filename",$A$1),LEN(CELL("filename",$A$1))-FIND("]",CELL("filename",$A$1)))} -> 表紙
L16: POSサーバーの詳細設計書
L24: =K2&"/"&H4&"/"&Z4 -> POSサーバー/33_釣銭機状況照会/画面設計書
Q44: 承認日 | AA44: 承認者 | AQ44: 版数

Sheet 改訂履歴
A1: システム名 | K1: システム種別 | W1: =IF(表紙!W1="","",表紙!W1) -> 詳細設計書 | AP1: 作成者 | AT1: 作成日 | AY1: 更新者 | BC1: 更新日 | BH1: 版数
A2: =IF(表紙!A2="","",表紙!A2) -> POSサーバー | K2: =IF(表紙!K2="","",表紙!K2) -> POSサーバー | AP2: =IF(表紙!AP2="","",表紙!AP2) -> SonMNT | AT2: =IF(表紙!AT2="","",表紙!AT2) -> 45512 | AY2: =IF(表紙!AY2="","",表紙!AY2) -> AnhDD | BC2: =IF(表紙!BC2="","",表紙!BC2) -> 45617 | BH2: =IF(表紙!BH2="","",表紙!BH2) -> 0.2
A4: 機能カテゴリー | H4: =IF(表紙!H4="","",表紙!H4) -> 33_釣銭機状況照会 | U4: 項目 | Z4: =IF(表紙!Z4="","",表紙!Z4) -> 画面設計書 | AP4: {=RIGHT(CELL("filename",$A$1),LEN(CELL("filename",$A$1))-FIND("]",CELL("filename",$A$1)))} -> 改訂履歴
B8: ■改訂履歴
B10: 更新日 | H10: 更新者 | O10: 版数 | S10: 更新内容 | AX10: 承認日 | BD10: 承認者
B11: 45512 | H11: SonMNT | O11: 0.1 | S11: 新規
B13: 45617 | H13: AnhDD | O13: 0.2 | S13: SC3301
S14: インターフェースを更新

Sheet SC3301
A1: システム名 | K1: システム種別 | W1: =IF(表紙!W1="","",表紙!W1) -> 詳細設計書 | AP1: 作成者 | AT1: 作成日 | AY1: 更新者 | BC1: 更新日 | BH1: 版数
A2: =IF(表紙!A2="","",表紙!A2) -> POSサーバー | K2: =IF(表紙!K2="","",表紙!K2) -> POSサーバー | AP2: =IF(表紙!AP2="","",表紙!AP2) -> SonMNT | AT2: =IF(表紙!AT2="","",表紙!AT2) -> 45512 | AY2: =IF(表紙!AY2="","",表紙!AY2) -> AnhDD | BC2: =IF(表紙!BC2="","",表紙!BC2) -> 45617 | BH2: =IF(表紙!BH2="","",表紙!BH2) -> 0.2
A4: 機能カテゴリ | H4: =IF(表紙!H4="","",表紙!H4) -> 33_釣銭機状況照会 | U4: 項目 | Z4: =IF(表紙!Z4="","",表紙!Z4) -> 画面設計書 | AP4: =MID(CELL("filename",A1),FIND("]",CELL("filename",A1))+1,255) -> SC3301
B7: ■イメージ
B47: ■画面項目定義
B49: 画面項目ID | D49: 項目 | K49: タイプ | N49: I/O | O49: 多言語 | P49: 出力 | AR49: インプット | BC49: 備考
P50: マッピングデータ | X50: 初期値 | AA50: 表示コントロール | AI50: Control enable | AR50: 必須 | AS50: 数字 | AT50: 桁 | AU50: マッピングデータ
P51: API名 | T51: 項目 | AU51: API名 | AY51: 項目
B52: 0 | D52: タイトル | K52: テキスト | N52: － | O52: ● | P52: － | T52: － | X52: 釣銭機状況照会 | AA52: ー | AI52: － | AR52: － | AS52: ー | AT52: ー | AU52: － | AY52: ー | BC52: ー
B53: 1 | D53: 店舗選択エリア | K53: 共通 | N53: － | O53: ● | P53: － | T53: － | X53: － | AA53: ー | AI53: ー | AR53: － | AS53: ー | AT53: ー | AU53: － | AY53: ー | BC53: ー
B54: 2 | D54: 種別 | K54: テキスト | N54: － | O54: ● | P54: － | T54: － | X54: 種別 | AA54: ー | AI54: ー | AR54: － | AS54: ー | AT54: ー | AU54: AP3301/AP3302 | AY54: type | BC54: ー
B55: 3 | D55: 補充発生レジのみ | K55: ラジオ | N55: I | O55: ● | P55: － | T55: － | X55: チェックを入れる | AA55: ー | AI55: ー | AR55: － | AS55: ー | AT55: ー | AU55: AP3301/AP3303 | AY55: type | BC55: ー
B56: 4 | D56: 全レジ | K56: ラジオ | N56: I | O56: ● | P56: － | T56: － | X56: チェックを外す | AA56: ー | AI56: ー | AR56: － | AS56: ー | AT56: ー | AU56: AP3301/AP3304 | AY56: type | BC56: ー
B57: 5 | D57: F12：検索 | K57: ボタン | N57: I | O57: ● | P57: － | T57: － | X57: 無効 | AA57: ー | AI57: 対象店舗がある場合は有効になる | AR57: － | AS57: ー | AT57: ー | AU57: － | AY57: ー | BC57: イベントID：SC3301-02
B58: 6 | D58: 印刷アイコン | K58: ボタン | N58: I | O58: ● | P58: － | T58: － | X58: 無効 | AA58: ー | AI58: 対象店舗がある場合は有効になる | AR58: － | AS58: ー | AT58: ー | AU58: － | AY58: ー | BC58: イベントID：SC3301-03
B59: 7 | D59: レジNo. | K59: テキスト | N59: － | O59: ● | P59: － | T59: － | X59: レジNo. | AA59: ー | AI59: ー | AR59: － | AS59: ー | AT59: ー | AU59: － | AY59: ー | BC59: ー
B60: 8 | D60: 種別 | K60: テキスト | N60: － | O60: ● | P60: － | T60: － | X60: 種別 | AA60: ー | AI60: ー | AR60: － | AS60: ー | AT60: ー | AU60: － | AY60: ー | BC60: 常に「-」を表示する。
B61: 9 | D61: ¥10,000 | K61: テキスト | N61: － | O61: － | P61: － | T61: － | X61: ¥10,000 | AA61: ー | AI61: ー | AR61: － | AS61: ー | AT61: ー | AU61: － | AY61: ー | BC61: ー
B62: 10 | D62: ¥5,000 | K62: テキスト | N62: － | O62: － | P62: － | T62: － | X62: ¥5,000 | AA62: ー | AI62: ー | AR62: － | AS62: ー | AT62: ー | AU62: － | AY62: ー | BC62: ー
B63: 11 | D63: ¥2,000 | K63: テキスト | N63: － | O63: － | P63: － | T63: － | X63: ¥2,000 | AA63: ー | AI63: ー | AR63: － | AS63: ー | AT63: ー | AU63: － | AY63: ー | BC63: ー
... B108: 56 | D108: 補充が必要 | K108: テキスト | N108: － | O108: ● | P108: － | T108: － | X108: 補充が必要 | AA108: ー | AI108: ー | AR108: － | AS108: ー | AT108: ー | AU108: － | AY108: ー | BC108: 補充枚数項目の補充が必要なセルの色
