Workbook

Sheet 表紙
A1: システム名 | K1: システム種別 | W1: 詳細設計書 | AP1: 作成者 | AT1: 作成日 | AY1: 更新者 | BC1: 更新日 | BH1: 版数
A2: POSサーバー | K2: POSサーバ | AP2: =改訂履歴!$H$11 -> DuNT | AT2: =改訂履歴!$B$11 -> 45558 | AY2: =LOOKUP(2,1/(改訂履歴!H11:H30000<>""),改訂履歴!H11:H30000) -> DuNT | BC2: =LOOKUP(2,1/(改訂履歴!B11:B30000<>""),改訂履歴!B11:B30000) -> 45558 | BH2: =LOOKUP(2,1/(改訂履歴!O11:O30000<>""),改訂履歴!O11:O30000) -> 0.1
A4: 機能カテゴリ | H4: 06_1, 7, 8 定番変更 | U4: 項目 | Z4: 画面設計書 | AP4: {=RIGHT(CELL("filename",$A$1),LEN(CELL("filename",$A$1))-FIND("]",CELL("filename",$A$1)))} -> 表紙
L16: POSサーバーの詳細設計書
L24: =K2&"/"&H4&"/"&Z4 -> POSサーバ/06_1, 7, 8 定番変更/画面設計書
Q44: 承認日 | AA44: 承認者 | AQ44: 版数

Sheet 改訂履歴
A1: システム名 | K1: システム種別 | W1: =IF(表紙!W1="","",表紙!W1) -> 詳細設計書 | AP1: 作成者 | AT1: 作成日 | AY1: 更新者 | BC1: 更新日 | BH1: 版数
A2: =IF(表紙!A2="","",表紙!A2) -> POSサーバー | K2: =IF(表紙!K2="","",表紙!K2) -> POSサーバ | AP2: =IF(表紙!AP2="","",表紙!AP2) -> DuNT | AT2: =IF(表紙!AT2="","",表紙!AT2) -> 45558 | AY2: =IF(表紙!AY2="","",表紙!AY2) -> DuNT | BC2: =IF(表紙!BC2="","",表紙!BC2) -> 45558 | BH2: =IF(表紙!BH2="","",表紙!BH2) -> 0.1
A4: 機能カテゴリー | H4: =IF(表紙!H4="","",表紙!H4) -> 06_1, 7, 8 定番変更 | U4: 項目 | Z4: =IF(表紙!Z4="","",表紙!Z4) -> 画面設計書 | AP4: {=RIGHT(CELL("filename",$A$1),LEN(CELL("filename",$A$1))-FIND("]",CELL("filename",$A$1)))} -> 改訂履歴
B8: ■改訂履歴
B10: 更新日 | H10: 更新者 | O10: 版数 | S10: 更新内容 | AX10: 承認日 | BD10: 承認者
B11: 45558 | H11: DuNT | O11: 0.1 | S11: 新規

Sheet SC0601
A1: システム名 | K1: システム種別 | W1: =IF(表紙!W1="","",表紙!W1) -> 詳細設計書 | AP1: 作成者 | AT1: 作成日 | AY1: 更新者 | BC1: 更新日 | BH1: 版数
A2: =IF(表紙!A2="","",表紙!A2) -> POSサーバー | K2: =IF(表紙!K2="","",表紙!K2) -> POSサーバ | AP2: =IF(表紙!AP2="","",表紙!AP2) -> DuNT | AT2: =IF(表紙!AT2="","",表紙!AT2) -> 45558 | AY2: =IF(表紙!AY2="","",表紙!AY2) -> DuNT | BC2: =IF(表紙!BC2="","",表紙!BC2) -> 45558 | BH2: =IF(表紙!BH2="","",表紙!BH2) -> 0.1
A4: 機能カテゴリ | H4: =IF(表紙!H4="","",表紙!H4) -> 06_1, 7, 8 定番変更 | U4: 項目 | Z4: =IF(表紙!Z4="","",表紙!Z4) -> 画面設計書 | AP4: =MID(CELL("filename",A1),FIND("]",CELL("filename",A1))+1,255) -> SC0601
B7: ■イメージ
B45: ■画面項目定義
B47: 画面項目ID | D47: 項目 | K47: タイプ | N47: I/O | O47: 多言語 | P47: 出力 | AR47: インプット | BC47: 備考
P48: マッピングデータ | X48: 初期値 | AA48: 表示コントロール | AI48: Control enable | AR48: 必須 | AS48: 数字 | AT48: 桁 | AU48: マッピングデータ
P49: API名 | T49: 項目 | AU49: API名 | AY49: 項目
B50: 0 | D50: 画面タイトル | K50: テキスト | N50: － | O50: ● | P50: － | T50: － | X50: 1, 7, 8定番変更 | AA50: ー | AI50: － | AR50: － | AS50: ー | AT50: ー | AU50: － | AY50: ー | BC50: イベントID：SC0601-01
B51: =B50+1 -> 1 | D51: 予約日付（タイトル） | K51: テキスト | N51: － | O51: ● | P51: － | T51: － | X51: 予約日付* | AA51: ー | AI51: ー | AR51: － | AS51: ー | AT51: ー | AU51: － | AY51: ー
B52: =B51+1 -> 2 | D52: 予約日付（値） | K52: DatePicker | N52: I | O52: － | P52: － | T52: － | X52: 明日 | AA52: ー | AI52: ー | AR52: ● | AS52: ー | AT52: ー | AU52: AP0601 | AY52: booking_date | BC52: 過去日選択不許可。フォーマット: yyyy/mm/dd
B53: =B52+1 -> 3 | D53: 部門コード（タイトル） | K53: テキスト | N53: － | O53: ● | P53: － | T53: － | X53: 部門コード | AA53: ー | AI53: ー | AR53: － | AS53: ー | AT53: ー | AU53: － | AY53: ー
B54: =B53+1 -> 4 | D54: 部門コード（値） | K54: EditText | N54: I | O54: － | P54: － | T54: － | X54: － | AA54: ー | AI54: ー | AR54: － | AS54: ● | AT54: ー | AU54: AP0114 AP0601 | AY54: code_level_1 group_code | BC54: イベントID：SC0601-02 最大数字の2桁。
B55: =B54+1 -> 5 | D55: 部門名 | K55: テキスト | N55: O | O55: － | P55: AP0114 | T55: description_level_one | X55: － | AA55: 成功した場合、description_level_oneを表示する。404エラーの場合、エラーメッセージを表示する。 | AI55: ー | AR55: － | AS55: ー | AT55: ー | AU55: － | AY55: ー
B56: =B55+1 -> 6 | D56: 検索 | K56: ボタン | N56: I | O56: ● | P56: － | T56: － | X56: F12 : 検索 | AA56: ー | AI56: 選択を選択し、予約日付を選択した場合に有効にする。 | AR56: － | AS56: ー | AT56: ー | AU56: － | AY56: ー | BC56: イベントID：SC0601-03
B57: =B56+1 -> 7 | D57: 削除（タイトル） | K57: テキスト | N57: － | O57: ● | P57: － | T57: － | X57: 削除 | AA57: ー | AI57: ー | AR57: － | AS57: ー | AT57: ー | AU57: － | AY57: ー
B58: =B57+1 -> 8 | D58: 削除（値） | K58: チェックボックス | N58: I | O58: － | P58: － | T58: － | X58: － | AA58: ー | AI58: 予約日付が未来の日付の場合に有効にする。 | AR58: － | AS58: ー | AT58: ー | AU58: － | AY58: ー | BC58: イベントID：SC0601-11
B59: =B58+1 -> 9 | D59: 商品コード（タイトル） | K59: テキスト | N59: － | O59: ● | P59: － | T59: － | X59: 商品コード | AA59: ー | AI59: ー | AR59: － | AS59: ー | AT59: ー | AU59: － | AY59: ー
B60: =B59+1 -> 10 | D60: 部門コード（値） | K60: EditText | N60: I/O | O60: － | P60: AP0601 AP1506 | T60: my_company_codeの6番目と7番目の2桁 | X60: － | AI60: 予約日が未来の日付で、商品コード入力モードの場合に有効にし、PLUコード入力モードの場合または予約日が今日の場合に無効にする。 | AR60: － | AS60: ー | AT60: ー | AU60: AP0602 | AY60: group_code
B61: =B60+1 -> 11 | D61: 商品コード（値） | K61: EditText | N61: I/O | O61: － | P61: AP0601 AP1506 | T61: my_company_code（最後の6桁） | X61: － | AA61: ー | AI61: 予約日が未来の日付で、商品コード入力モードの場合に有効にし、PLUコード入力モードの場合または予約日が今日の場合に無効にする。 | AR61: － | AS61: ー | AT61: ー | AU61: － | AY61: ー | BC61: イベントID：SC0601-04
B62: =B61+1 -> 12 | D62: PLUコード（タイトル） | K62: テキスト | N62: － | O62: ● | P62: － | T62: － | X62: PLUコード | AA62: ー | AI62: ー | AR62: － | AS62: ー | AT62: ー | AU62: － | AY62: ー
B63: =B62+1 -> 13 | D63: PLUコード（値） | K63: EditText | N63: I/O | O63: － | P63: AP0601 | T63: item_code | AA63: ー | AI63: PLUコード入力モードの場合は有効にし、商品コード入力モードの場合は無効にする。 | AR63: － | AS63: ー | AT63: ー | AU63: AP0602 | AY63: item_code | BC63: イベントID：SC0601-04
B64: =B63+1 -> 14 | D64: 商品名称（タイトル） | K64: テキスト | N64: － | O64: － | P64: － | T64: － | X64: 商品名称 | AA64: ー | AI64: ー | AR64: － | AS64: ー | AT64: ー | AU64: － | AY64: ー
B65: =B64+1 -> 15 | D65: 商品名称（値） | K65: テキスト | N65: O | O65: － | P65: AP0601 AP1506 | T65: description | AA65: ー | AI65: ー | AR65: － | AS65: ー | AT65: ー | AU65: － | AY65: ー
B66: =B65+1 -> 16 | D66: 定番売価 (タイトル) | K66: テキスト | N66: － | O66: ● | P66: － | T66: － | X66: 定番売価 | AA66: ー | AI66: ー | AR66: － | AS66: ー | AT66: ー | AU66: － | AY66: ー
B67: =B66+1 -> 17 | D67: 定番売価（値） | K67: テキスト | N67: O | O67: － | P67: AP0601 AP1506 | T67: unit_price | AA67: ー | AI67: ー | AR67: － | AS67: ー | AT67: ー | AU67: － | AY67: ー
B68: =B67+1 -> 18 | D68: 現在売価（タイトル） | K68: テキスト | N68: － | O68: ● | P68: － | X68: 現在売価 | AA68: ー | AI68: ー | AR68: － | AS68: ー | AT68: ー | AU68: － | AY68: ー
B69: =B68+1 -> 19 | D69: 現在売価（値） | K69: テキスト | N69: O | O69: － | P69: AP0601 AP1506 | T69: current_price | AA69: ー | AI69: ー | AR69: － | AS69: ー | AT69: ー | AU69: － | AY69: ー
B70: =B69+1 -> 20 | D70: 変更売価（タイトル） | K70: テキスト | N70: － | O70: ● | P70: － | T70: － | X70: 変更売価 | AA70: ー | AI70: ー | AR70: － | AS70: ー | AT70: ー | AU70: － | AY70: ー
B71: =B70+1 -> 21 | D71: 変更売価（値） | K71: EditText | N71: I | O71: － | P71: AP0601 | T71: standard_price | AA71: ー | AI71: 定番売価適用日が未来の日付の場合のみ有効にする。 | AR71: － | AS71: ー | AT71: ー | AU71: AP0602 | AY71: group_code | BC71: イベントID：SC0601-12
B72: =B71+1 -> 22 | D72: PLUコード切替 | K72: ボタン | N72: I | O72: ● | P72: － | T72: － | X72: 商品コード切替 | AA72: 商品コード入力モードで表示されている場合、PLUコード切替を表示する。PLUコード入力モードで表示されている場合、商品コード切替を表示する。 | AI72: 有効 | AR72: － | AS72: ー | AT72: ー | AU72: － | AY72: ー | BC72: イベントID：SC0601-05
B73: =B72+1 -> 23 | D73: クリア | K73: ボタン | N73: － | O73: ● | P73: － | T73: － | X73: F04:クリア | AA73: ー | AI73: ー | AR73: － | AS73: ー | AT73: ー | AU73: － | AY73: ー | BC73: イベントID：SC0601-06
B74: =B73+1 -> 24 | D74: 印刷 | K74: ボタン | N74: － | O74: ● | P74: － | T74: － | X74: F07:印刷 | AA74: ー | AI74: ー | AR74: － | AS74: ー | AT74: ー | AU74: － | AY74: ー | BC74: イベントID：SC0601-07
B75: =B74+1 -> 25 | D75: 確定 | K75: ボタン | N75: － | O75: ● | P75: － | T75: － | X75: F09:確定 | AA75: ー | AI75: テーブル内のデータに変更があった場合のみ有効にする。 | AR75: － | AS75: ー | AT75: ー | AU75: － | AY75: ー | BC75: イベントID：SC0601-08
B76: =B75+1 -> 26 | D76: 前頁 | K76: ボタン | N76: － | O76: ● | P76: － | T76: － | X76: 前頁 | AA76: 共通ページングをご参照ください。 | AI76: 共通ページングをご参照ください。 | AR76: － | AS76: ー | AT76: ー | AU76: － | AY76: ー | BC76: イベントID：SC0601-09
B77: =B74+1 -> 25 | D77: 次頁 | K77: ボタン | N77: － | O77: ● | P77: － | T77: － | X77: 次頁 | AA77: 共通ページングをご参照ください。 | AI77: 共通ページングをご参照ください。 | AR77: － | AS77: ー | AT77: ー | AU77: － | AY77: ー | BC77: イベントID：SC0601-10
