Workbook

Sheet 表紙
A1: システム名 | K1: システム種別 | W1: 詳細設計書 | AP1: 作成者 | AT1: 作成日 | AY1: 更新者 | BC1: 更新日 | BH1: 版数
A2: POSサーバー | K2: POSサーバー | AP2: =改訂履歴!$H$11 -> DuNT | AT2: =改訂履歴!$B$11 -> 45448 | AY2: =LOOKUP(2,1/(改訂履歴!H11:H30000<>""),改訂履歴!H11:H30000) -> DuNT | BC2: =LOOKUP(2,1/(改訂履歴!B11:B30000<>""),改訂履歴!B11:B30000) -> 45448 | BH2: =LOOKUP(2,1/(改訂履歴!O11:O30000<>""),改訂履歴!O11:O30000) -> 0.1
A4: 機能カテゴリ | H4: 04_商品採用店舗確認 | U4: 項目 | Z4: 画面設計書 | AP4: {=RIGHT(CELL("filename",$A$1),LEN(CELL("filename",$A$1))-FIND("]",CELL("filename",$A$1)))} -> 表紙
L16: POSサーバーの基本設計書
L24: =K2&"/"&H4&"/"&Z4 -> POSサーバー/04_商品採用店舗確認/画面設計書
Q44: 承認日 | AA44: 承認者 | AQ44: 版数

Sheet 改訂履歴
A1: システム名 | K1: システム種別 | W1: =IF(表紙!W1="","",表紙!W1) -> 詳細設計書 | AP1: 作成者 | AT1: 作成日 | AY1: 更新者 | BC1: 更新日 | BH1: 版数
A2: =IF(表紙!A2="","",表紙!A2) -> POSサーバー | K2: =IF(表紙!K2="","",表紙!K2) -> POSサーバー | AP2: =IF(表紙!AP2="","",表紙!AP2) -> DuNT | AT2: =IF(表紙!AT2="","",表紙!AT2) -> 45448 | AY2: =IF(表紙!AY2="","",表紙!AY2) -> DuNT | BC2: =IF(表紙!BC2="","",表紙!BC2) -> 45448 | BH2: =IF(表紙!BH2="","",表紙!BH2) -> 0.1
A4: 機能カテゴリ | H4: =IF(表紙!H4="","",表紙!H4) -> 04_商品採用店舗確認 | U4: 項目 | Z4: =IF(表紙!Z4="","",表紙!Z4) -> 画面設計書 | AP4: {=RIGHT(CELL("filename",$A$1),LEN(CELL("filename",$A$1))-FIND("]",CELL("filename",$A$1)))} -> 改訂履歴
B8: ■改訂履歴
B10: 更新日 | H10: 更新者 | O10: 版数 | S10: 更新内容 | AX10: 承認日 | BD10: 承認者
B11: 45448 | H11: DuNT | O11: 0.1 | S11: 新規作成

Sheet SC0401
A1: システム名 | K1: システム種別 | W1: =IF(表紙!W1="","",表紙!W1) -> 詳細設計書 | AP1: 作成者 | AT1: 作成日 | AY1: 更新者 | BC1: 更新日 | BH1: 版数
A2: =IF(表紙!A2="","",表紙!A2) -> POSサーバー | K2: =IF(表紙!K2="","",表紙!K2) -> POSサーバー | AP2: =IF(表紙!AP2="","",表紙!AP2) -> DuNT | AT2: =IF(表紙!AT2="","",表紙!AT2) -> 45448 | AY2: =IF(表紙!AY2="","",表紙!AY2) -> DuNT | BC2: =IF(表紙!BC2="","",表紙!BC2) -> 45448 | BH2: =IF(表紙!BH2="","",表紙!BH2) -> 0.1
A4: 機能カテゴリ | H4: =IF(表紙!H4="","",表紙!H4) -> 04_商品採用店舗確認 | U4: 項目 | Z4: =IF(表紙!Z4="","",表紙!Z4) -> 画面設計書 | AP4: =MID(CELL("filename",A1),FIND("]",CELL("filename",A1))+1,255) -> SC0401
B7: ■SC0401_主な商品採用店舗画面のイメージ
B42: ■画面項目定義
B44: 画面項目ID | D44: 項目 | K44: タイプ | N44: I/O | O44: 多言語 | P44: アウトプット | AR44: インプット | BC44: 備考
P45: マッピングデータ | X45: 初期値 | AA45: 表示コントロール | AI45: Control enable | AR45: 必須 | AS45: 数字 | AT45: 文字 | AU45: マッピングデータ
P46: API名 | T46: 項目 | AU46: API名 | AY46: 項目
B47: 0 | D47: 画面タイトル | K47: テキスト | N47: － | O47: ● | P47: － | T47: － | X47: 商品採用店舗確認 | AA47: ー | AI47: ー | AR47: － | AS47: ー | AT47: ー | AU47: － | AY47: ー | BC47: イベントID：SC0401-01
B48: 1 | D48: PLUコード（タイトル） | K48: テキスト | N48: － | O48: ● | P48: － | T48: － | X48: PLUコード | AA48: ー | AI48: ー | AR48: － | AS48: ー | AT48: ー | AU48: － | AY48: ー
B49: 2 | D49: PLUコード（値） | K49: EditText | N49: I | O49: － | P49: AP1506 | T49: parent_item_code | AA49: ー | AI49: デフォルト：有効。AP1506の呼び出しが成功した場合は無効になる。 | AR49: － | AS49: ー | AT49: ー | AU49: AP1506 | AY49: PLU | BC49: イベントID：SC0401-02
B50: 3 | D50: 商品名称（タイトル） | K50: テキスト | N50: － | O50: ● | P50: － | X50: 商品名称 | AA50: ー | AI50: ー | AR50: － | AS50: ー | AT50: ー | AU50: － | AY50: ー
B51: 4 | D51: 商品名称（値） | K51: テキスト | N51: O | O51: － | P51: AP1506 | T51: item_name | AA51: ー | AI51: デフォルト：無効 | AR51: － | AS51: ー | AT51: ー | AU51: － | AY51: ー
B52: 5 | D52: 状態（タイトル） | K52: テキスト | N52: － | O52: ● | P52: － | T52: － | X52: 状態 | AA52: ー | AI52: ー | AR52: － | AS52: ー | AT52: ー | AU52: － | AY52: ー
B53: 6 | D53: 状態（値） | K53: テキスト | N53: O | O53: － | P53: AP1506 | T53: belong_to | AA53: belong_to = 0: Kasumi, 1: Welcia | AI53: デフォルト：無効 | AR53: － | AS53: ー | AT53: ー | AU53: － | AY53: ー
B54: 7 | D54: 取扱店舗（タイトル） | K54: テキスト | N54: － | O54: ● | P54: － | X54: 取扱店舗 | AA54: ー | AI54: ー | AR54: － | AS54: ー | AT54: ー | AU54: － | AY54: ー
B55: 8 | D55: カスミ | K55: チェックボックス | N55: O | O55: ● | P55: AP1506 | T55: belong_to | X55: カスミ | AA55: belong_to = 1の場合に選択される。 | AI55: デフォルト： 無効。exist_in = 0又は1の場合は有効になる。 | AR55: － | AS55: ー | AT55: ー | AU55: AP0401 | AY55: belong_to
B56: 9 | D56: ウエルシア | K56: チェックボックス | N56: O | O56: ● | P56: AP1506 | T56: belong_to | X56: ウエルシア | AA56: belong_to = 2の場合に選択される。 | AI56: デフォルト： 無効。exist_in = 0又は2の場合は有効になる。 | AR56: － | AS56: ー | AT56: ー | AU56: AP0401 | AY56: belong_to
B57: 10 | D57: F04：クリア | K57: ボタン | N57: I | O57: ● | P57: － | T57: － | X57: F04:クリア | AA57: ー | AI57: 項目1又は項目4に値がある場合は有効になる。 | AR57: － | AS57: ー | AT57: ー | AU57: － | AY57: ー | BC57: イベントID：SC0401-03
B58: 11 | D58: F09:確定 | K58: ボタン | N58: I | O58: ● | P58: － | T58: － | X58: F09:確定 | AA58: ー | AI58: 対象会社選択変更があった場合は有効になる。 | AR58: － | AS58: ー | AT58: ー | AU58: － | AY58: ー | BC58: イベントID：SC0401-04

Sheet SCxxxx
A1: システム名 | K1: システム種別 | W1: =IF(表紙!W1="","",表紙!W1) -> 詳細設計書 | AP1: 作成者 | AT1: 作成日 | AY1: 更新者 | BC1: 更新日 | BH1: 版数
A2: =IF(表紙!A2="","",表紙!A2) -> POSサーバー | K2: =IF(表紙!K2="","",表紙!K2) -> POSサーバー | AP2: =IF(表紙!AP2="","",表紙!AP2) -> DuNT | AT2: =IF(表紙!AT2="","",表紙!AT2) -> 45448 | AY2: =IF(表紙!AY2="","",表紙!AY2) -> DuNT | BC2: =IF(表紙!BC2="","",表紙!BC2) -> 45448 | BH2: =IF(表紙!BH2="","",表紙!BH2) -> 0.1
A4: 機能カテゴリ | H4: =IF(表紙!H4="","",表紙!H4) -> 04_商品採用店舗確認 | U4: 項目 | Z4: =IF(表紙!Z4="","",表紙!Z4) -> 画面設計書 | AP4: =MID(CELL("filename",A1),FIND("]",CELL("filename",A1))+1,255) -> SCxxxx
B7: ■イメージ
B35: ■画面項目定義
B37: 画面項目ID | D37: 項目 | K37: タイプ | N37: I/O | O37: 多言語 | P37: アウトプット | AR37: インプット | BC37: 備考
P38: マッピングデータ | X38: 初期値 | AA38: 表示コントロール | AI38: Control enable | AR38: 必須 | AS38: 数字 | AT38: 文字 | AU38: マッピングデータ
P39: API名 | T39: 項目 | AU39: API名 | AY39: 項目
B40: 1 | K40: テキスト | N40: － | O40: ● | P40: － | T40: － | X40: Android POS Control | AA40: ー | AI40: － | AR40: － | AS40: ー | AT40: ー | AU40: － | AY40: ー
B41: 2 | K41: テキスト | N41: O | O41: ● | P41: － | T41: － | X41: User ID | AA41: ー | AI41: ー | AR41: － | AS41: ー | AT41: ー | AU41: － | AY41: ー
B42: 3 | K42: テキスト | N42: I | O42: － | P42: － | X42: － | AA42: ー | AI42: ー | AR42: － | AS42: ー | AT42: ー | AU42: － | AY42: ー
B43: 4 | K43: テキスト | N43: O | O43: ● | P43: － | T43: － | X43: Password | AA43: ー | AI43: ー | AR43: － | AS43: ー | AT43: ー | AU43: － | AY43: ー
B44: 5 | K44: EditText | N44: I | O44: － | P44: － | T44: － | X44: － | AA44: ー | AI44: ー | AR44: － | AS44: ー | AT44: ー | AU44: － | AY44: ー
B45: 6 | K45: ボタン | N45: I | O45: ● | P45: － | T45: － | X45: Login | AA45: ー | AI45: Enable | AR45: － | AS45: ー | AT45: ー | AU45: － | AY45: ー | BC45: Login-01/EmployeeMaster
