Workbook

Sheet 表紙
A1: システム名 | K1: システム種別 | W1: 詳細設計書 | AP1: 作成者 | AT1: 作成日 | AY1: 更新者 | BC1: 更新日 | BH1: 版数
A2: POSサーバー | K2: POSサーバ | AP2: =改訂履歴!$H$11 -> TuyenNH | AT2: =改訂履歴!$B$11 -> 45544 | AY2: =LOOKUP(2,1/(改訂履歴!H11:H30000<>""),改訂履歴!H11:H30000) -> TuyenNH | BC2: =LOOKUP(2,1/(改訂履歴!B11:B30000<>""),改訂履歴!B11:B30000) -> 45596 | BH2: =LOOKUP(2,1/(改訂履歴!O11:O30000<>""),改訂履歴!O11:O30000) -> 0.13
A4: 機能カテゴリ | H4: AP0301 | U4: 項目 | Z4: API設計書 | AP4: {=RIGHT(CELL("filename",$A$1),LEN(CELL("filename",$A$1))-FIND("]",CELL("filename",$A$1)))} -> 表紙
L16: POSサーバーの詳細設計書
L24: =K2&"/"&H4&"/"&Z4 -> POSサーバ/AP0301/API設計書
Q44: 承認日 | AA44: 承認者 | AQ44: 版数

Sheet 改訂履歴
A1: システム名 | K1: システム種別 | W1: =IF(表紙!W1="","",表紙!W1) -> 詳細設計書 | AP1: 作成者 | AT1: 作成日 | AY1: 更新者 | BC1: 更新日 | BH1: 版数
A2: =IF(表紙!A2="","",表紙!A2) -> POSサーバー | K2: =IF(表紙!K2="","",表紙!K2) -> POSサーバ | AP2: =IF(表紙!AP2="","",表紙!AP2) -> TuyenNH | AT2: =IF(表紙!AT2="","",表紙!AT2) -> 45544 | AY2: =IF(表紙!AY2="","",表紙!AY2) -> TuyenNH | BC2: =IF(表紙!BC2="","",表紙!BC2) -> 45596 | BH2: =IF(表紙!BH2="","",表紙!BH2) -> 0.13
A4: 機能カテゴリ | H4: =IF(表紙!H4="","",表紙!H4) -> AP0301 | U4: 項目 | Z4: =IF(表紙!Z4="","",表紙!Z4) -> API設計書 | AP4: {=RIGHT(CELL("filename",$A$1),LEN(CELL("filename",$A$1))-FIND("]",CELL("filename",$A$1)))} -> 改訂履歴
B8: ■改訂履歴
B10: 更新日 | H10: 更新者 | O10: 版数 | S10: 更新内容 | AX10: 承認日 | BD10: 承認者
B11: 45544 | H11: TuyenNH | O11: 0.1 | S11: 新規
B13: 45587 | H13: DuNT | O13: 0.11 | S13: AP0301: マッピングDBの更新
S14: 処理フロー：レスポンス内の有効フィールドである計算値を追加で説明
B15: 45589 | H15: AnhDD | O15: 0.12 | S15: 設計レビューのバグを修正
B17: 45596 | H17: TuyenNH | O17: 0.13 | S17: シート：[AP0301]、[処理フロー]
S18: ・パラメータ名の更新 ・パラメータ「discount_method_code」の値の更新 ・レスポンスからunit_member_price項目を削除 ・新しいDB構造に基づいてフィールド名とテーブル名を変更 ・商品コード（部門コード＋商品コード）と開始日でソートのロジックを追加 ・現在売価を計算するロジックを更新

Sheet 処理フロー凡例
A1: システム名 | K1: システム種別 | W1: =IF(表紙!W1="","",表紙!W1) -> 詳細設計書 | AP1: 作成者 | AT1: 作成日 | AY1: 更新者 | BC1: 更新日 | BH1: 版数
A2: =IF(表紙!A2="","",表紙!A2) -> POSサーバー | K2: =IF(表紙!K2="","",表紙!K2) -> POSサーバ | AP2: =IF(表紙!AP2="","",表紙!AP2) -> TuyenNH | AT2: =IF(表紙!AT2="","",表紙!AT2) -> 45544 | AY2: =IF(表紙!AY2="","",表紙!AY2) -> TuyenNH | BC2: =IF(表紙!BC2="","",表紙!BC2) -> 45596 | BH2: =IF(表紙!BH2="","",表紙!BH2) -> 0.13
A4: 機能カテゴリ | H4: =IF(表紙!H4="","",表紙!H4) -> AP0301 | U4: 項目 | Z4: =IF(表紙!Z4="","",表紙!Z4) -> API設計書 | AP4: =MID(CELL("filename",A1),FIND("]",CELL("filename",A1))+1,255) -> 処理フロー凡例
B7: ●API処理フロー

Sheet AP0301
A1: システム名 | K1: システム種別 | W1: =IF(表紙!W1="","",表紙!W1) -> 詳細設計書 | AP1: 作成者 | AT1: 作成日 | AY1: 更新者 | BC1: 更新日 | BH1: 版数
A2: =IF(表紙!A2="","",表紙!A2) -> POSサーバー | K2: =IF(表紙!K2="","",表紙!K2) -> POSサーバ | AP2: =IF(表紙!AP2="","",表紙!AP2) -> TuyenNH | AT2: =IF(表紙!AT2="","",表紙!AT2) -> 45544 | AY2: =IF(表紙!AY2="","",表紙!AY2) -> TuyenNH | BC2: =IF(表紙!BC2="","",表紙!BC2) -> 45596 | BH2: =IF(表紙!BH2="","",表紙!BH2) -> 0.13
A4: 機能カテゴリ | H4: =IF(表紙!H4="","",表紙!H4) -> AP0301 | U4: 項目 | Z4: =IF(表紙!Z4="","",表紙!Z4) -> API設計書 | AP4: =MID(CELL("filename",A1),FIND("]",CELL("filename",A1))+1,255) -> AP0301
B7: 1. 概要
C9: 商品の特売売価一覧を取得する。
B11: 2. リクエスト
C13: 2.1 Request URL
C15: No. | E15: URL | AG15: HTTPメソッド | AQ15: 備考
C16: 1 | E16: api/v1/special-prices | AG16: GET | AQ16: -
C18: 2. 2 Request Header
C20: No. | E20: ヘッダー | L20: 必須 | O20: 型 | S20: デフォルト値 | Z20: 項目説明 | AQ20: 備考
C21: 1 | E21: Authorization | L21: ○ | O21: String | S21: - | Z21: Api key | AQ21: 代表ユーザーを認証するAPIキー値 フォーマット："Bearer {api_key}"
C23: 2 | E23: Accept | L23: - | O23: String | S23: - | Z23: Accept | AQ23: サーバーが返却できるデータ種類情報を説明する。
C24: 3 | E24: Content-Type | L24: ○ | O24: String | S24: application/json | Z24: Content-Type | AQ24: 送信リクエストの本文情報のタイプを定義する。例: application/json, mutilpart/form-data. 転送データのタイプによって、content-typeが必須又は必須ではない。例： ・入力がjsonの場合、content-typeが必須であり、application/jsonの値を受け取る。
C31: 4 | E31: User-Agent | L31: - | O31: String | S31: - | Z31: User-Agent | AQ31: サーバーを呼び出すクライアントのアプリケーション/ソフトウェア/ブラウザを定義する。
C32: 5 | E32: Accept-Encoding | L32: - | O32: String | S32: - | Z32: Accept-Encoding | AQ32: データ暗号化アルゴリズムを定義する。サーバーから受信したデータに使用できる： zip、gzip、png、gif等
C34: 2.3 Query Parameter/ path parameter
C36: No. | E36: パラメータ | L36: 必須 | O36: 型 | S36: デフォルト値 | Z36: 項目説明 | AQ36: 備考
C37: 1 | E37: selected_store | L37: ○ | O37: String | S37: - | Z37: 対象店舗コード | AQ37: ・バリデーションチェック：4桁未満の場合、 エラーメッセージ = MSG_VAL_002
C38: 2 | E38: promotion_code | L38: ○ | O38: String | S38: - | Z38: プロモーションコード | AQ38: ・バリデーションチェック：数字であること（メッセージ = MSG_VAL_006） ・バリデーションチェック：5桁未満の場合、 エラーメッセージ = MSG_VAL_002
C39: 3 | E39: md_hierarchy_code_level_one | L39: - | O39: String | S39: - | Z39: 部門コード | AQ39: ・バリデーションチェック：2桁未満の場合、 エラーメッセージ = MSG_VAL_002
C40: 4 | E40: discount_method_code | L40: - | O40: String | S40: 03 | Z40: 特売割引設定・特売売価設定 | AQ40: ・割引タイプ： 01：値引 02：割引 03：金額指定
C41: 5 | E41: page_number | L41: - | O41: Integer | S41: 1 | Z41: 現在ページ | AQ41: -
C42: 6 | E42: limit | L42: - | O42: Integer | S42: 11 | Z42: 1ページあたりの件数 | AQ42: ページあたりの件数：16
C43: 7 | E43: sort_column | L43: - | O43: String | S43: my_company_code | Z43: 列のソート | AQ43: ・値がmy_company_codeの場合、M_Item.MyCompanyCodeでソートする。 ・値がstart_dateの場合、M_SpecialPrice.StartDateTimeでソートする。
C44: 8 | E44: sort_value | L44: - | O44: String | S44: ASC | Z44: 値のソート | AQ44: ASC又はDESC
C46: 2.4 Request Body
C48: No. | E48: パラメータ | L48: 必須 | O48: 型 | S48: デフォルト値 | Z48: 項目説明 | AQ48: 備考
C49: N/A
C51: ※サンプル
D52: N/A
B54: 3. レスポンス
C56: 3.1. 正常の場合のレスポンスフォーマット
C58: No. | E58: JSON name | O58: 型 | S58: 項目説明 | AC58: 備考
C59: 1 | E59: total_item | O59: Int | S59: - | AC59: 総件数
C60: 2 | E60: total_page | O60: Int | S60: - | AC60: 総頁数
C61: 3 | E61: current_page | O61: Int | S61: - | AC61: 現在頁
C62: 4 | E62: items | O62: Array | S62: - | AC62: 特売売価データ一覧
C63: 5 | E63: company_code | O63: String | S63: M_SpecialPrice.CompanyCode | AC63: 企業コード カスミ =100、いなげや=800
C64: 6 | E64: store_code | O64: String | S64: M_SpecialPrice.StoreCode | AC64: 店舗コード
C65: 7 | E65: valid | O65: Smallint | S65: - | AC65: 特売売価の有効性： 0: 実施中 In progress 1: 終了: Ended 2: 未実施: Not implemented 3: 中止: Cancelled 4: NG 詳細は[処理フロー]シートをご参照ください。
C66: 8 | E66: status | O66: String | S66: M_SpecialPrice.Status | AC66: 特売売価の状態
C67: 9 | E67: my_company_code | O67: String | S67: M_Item.MyCompanyCode | AC67: 商品コード
C68: 10 | E68: item_code | O68: String | S68: M_SpecialPrice.ItemCode | AC68: 商品コード
C69: 11 | E69: item_name | O69: String | S69: M_Item.long_description | AC69: 商品名称
C70: 12 | E70: discount_method_code | O70: String | S70: M_SpecialPrice.DiscountMethodCode | AC70: 特売割引設定・特売売価設定
... C80: 21 | E80: end_time | O80: time | S80: M_SpecialPrice.EndDateTime | AC80: 終了時刻
C82: ※サンプル
C84: {
C85: "total_item": 36,
C86: "total_page": 2,
C87: "current_page": 2,
C88: "items": [
C89: {
C90: "company_code":"100",
C91: "store_code":"00002",
C92: "valid":" 実施中",
C93: "status":"0",
C94: "my_company_code":"07796735",
... C113: 3.2. エラーの場合のレスポンスフォーマット
D115: 「30_機能設計_00_共通.xlsx」ファイルの「共通APIレスポンス」シートをご参照ください。

Sheet 処理フロー
A1: システム名 | K1: システム種別 | W1: =IF(表紙!W1="","",表紙!W1) -> 詳細設計書 | AP1: 作成者 | AT1: 作成日 | AY1: 更新者 | BC1: 更新日 | BH1: 版数
A2: =IF(表紙!A2="","",表紙!A2) -> POSサーバー | K2: =IF(表紙!K2="","",表紙!K2) -> POSサーバ | AP2: =IF(表紙!AP2="","",表紙!AP2) -> TuyenNH | AT2: =IF(表紙!AT2="","",表紙!AT2) -> 45544 | AY2: =IF(表紙!AY2="","",表紙!AY2) -> TuyenNH | BC2: =IF(表紙!BC2="","",表紙!BC2) -> 45596 | BH2: =IF(表紙!BH2="","",表紙!BH2) -> 0.13
A4: 機能カテゴリ | H4: =IF(表紙!H4="","",表紙!H4) -> AP0301 | U4: 項目 | Z4: =IF(表紙!Z4="","",表紙!Z4) -> API設計書 | AP4: =MID(CELL("filename",A1),FIND("]",CELL("filename",A1))+1,255) -> 処理フロー

Sheet テンプレート
A1: システム名 | K1: システム種別 | W1: =IF(表紙!W1="","",表紙!W1) -> 詳細設計書 | AP1: 作成者 | AT1: 作成日 | AY1: 更新者 | BC1: 更新日 | BH1: 版数
A2: =IF(表紙!A2="","",表紙!A2) -> POSサーバー | K2: =IF(表紙!K2="","",表紙!K2) -> POSサーバ | AP2: =IF(表紙!AP2="","",表紙!AP2) -> TuyenNH | AT2: =IF(表紙!AT2="","",表紙!AT2) -> 45544 | AY2: =IF(表紙!AY2="","",表紙!AY2) -> TuyenNH | BC2: =IF(表紙!BC2="","",表紙!BC2) -> 45596 | BH2: =IF(表紙!BH2="","",表紙!BH2) -> 0.13
A4: 機能カテゴリ | H4: =IF(表紙!H4="","",表紙!H4) -> AP0301 | U4: 項目 | Z4: =IF(表紙!Z4="","",表紙!Z4) -> API設計書 | AP4: =MID(CELL("filename",A1),FIND("]",CELL("filename",A1))+1,255) -> テンプレート
