Workbook

Sheet 表紙
A1: システム名 | K1: システム種別 | W1: 詳細設計書 | AP1: 作成者 | AT1: 作成日 | AY1: 更新者 | BC1: 更新日 | BH1: 版数
A2: POSサーバー | K2: POSサーバ | AP2: =改訂履歴!$H$11 -> SonMNT | AT2: =改訂履歴!$B$11 -> 45468 | AY2: =LOOKUP(2,1/(改訂履歴!H11:H30000<>""),改訂履歴!H11:H30000) -> AnhTTP | BC2: =LOOKUP(2,1/(改訂履歴!B11:B30000<>""),改訂履歴!B11:B30000) -> 45643 | BH2: =LOOKUP(2,1/(改訂履歴!O11:O30000<>""),改訂履歴!O11:O30000) -> 0.4
A4: 機能カテゴリ | H4: 10_プロモーションメンテ | U4: 項目 | Z4: 機能設計書 | AP4: {=RIGHT(CELL("filename",$A$1),LEN(CELL("filename",$A$1))-FIND("]",CELL("filename",$A$1)))} -> 表紙
L16: POSサーバーの詳細設計書
L24: =K2&"/"&H4&"/"&Z4 -> POSサーバ/10_プロモーションメンテ/機能設計書
Q44: 承認日 | AA44: 承認者 | AQ44: 版数

Sheet 改訂履歴
A1: システム名 | K1: システム種別 | W1: =IF(表紙!W1="","",表紙!W1) -> 詳細設計書 | AP1: 作成者 | AT1: 作成日 | AY1: 更新者 | BC1: 更新日 | BH1: 版数
A2: =IF(表紙!A2="","",表紙!A2) -> POSサーバー | K2: =IF(表紙!K2="","",表紙!K2) -> POSサーバ | AP2: =IF(表紙!AP2="","",表紙!AP2) -> SonMNT | AT2: =IF(表紙!AT2="","",表紙!AT2) -> 45468 | AY2: =IF(表紙!AY2="","",表紙!AY2) -> AnhTTP | BC2: =IF(表紙!BC2="","",表紙!BC2) -> 45643 | BH2: =IF(表紙!BH2="","",表紙!BH2) -> 0.4
A4: 機能カテゴリ | H4: =IF(表紙!H4="","",表紙!H4) -> 10_プロモーションメンテ | U4: 項目 | Z4: =IF(表紙!Z4="","",表紙!Z4) -> 機能設計書 | AP4: {=RIGHT(CELL("filename",$A$1),LEN(CELL("filename",$A$1))-FIND("]",CELL("filename",$A$1)))} -> 改訂履歴
B8: ■改訂履歴
B10: 更新日 | H10: 更新者 | O10: 版数 | S10: 更新内容 | AX10: 承認日 | BD10: 承認者
B11: 45468 | H11: SonMNT | O11: 0.1 | S11: 新規
B13: 45489 | H13: TuyenNH | O13: 0.2 | S13: 検索イベントロジックを追加で説明 ・【プロモーション】未入力時検索条件 ・①未入力時：先頭99XXXのプロモーションコードを表示し、その後ろに昇順でプロモーションコードを表示 ・②入力時で入力プロモーションコード以上が存在する場合：プロモーションコード昇順でプロモーションコードを表示 ・③入力時で入力プロモーションコード以上が存在しない場合：「データが見つかりませんでした。」を表示
S14: SC1001シート
B15: 45506 | H15: DuNT | O15: 0.3 | S15: 2024/07/25のご指摘による修正
S16: SC1001シート
B17: 45643 | H17: AnhTTP | O17: 0.4 | S17: 新しい画面レイアウトに基づいて処理を更新
S18: SC1001シート

Sheet 指摘履歴
A1: システム名 | K1: システム種別 | W1: 詳細設計書 | AP1: 作成者 | AT1: 作成日 | AY1: 更新者 | BC1: 更新日 | BH1: 版数
A2: POSサーバー | K2: POSサーバー | AP2: カスミ | AT2: 45495 | AY2: 佐々木 | BC2: 45495
A4: 機能カテゴリー | H4: 10_プロモーションメンテ | U4: 項目 | Z4: 機能設計書 | AP4: {=RIGHT(CELL("filename",$A$1),LEN(CELL("filename",$A$1))-FIND("]",CELL("filename",$A$1)))} -> 指摘履歴
B8: ■改訂履歴
B10: 更新日 | H10: 更新者 | O10: 版数 | S10: 更新内容 | AX10: 承認日 | BD10: 承認者
B11: 45498 | H11: カスミ 佐々木 | S11: SC1001
S12: ・テーブルエリアに10行を作成し、ユーザーが新規作成対象プロモーション情報を入力できる。 ＝＞行数は画面レイアウトに可能な範囲で多くする
B13: 45498 | H13: カスミ 佐々木 | S13: SC1001
S14: +24時間店舗の開始/終了時刻は09:00/09:00、通常店舗の開始/終了時刻は7:00～2:00となる。 ＝＞店マスタ 販促時間より開始、終了時間を取得する。
B15: 45498 | H15: カスミ 佐々木 | S15: SC1001
S16: QA95 QA96

Sheet SC1001
A1: システム名 | K1: システム種別 | W1: 詳細設計書 | AP1: 作成者 | AT1: 作成日 | AY1: 更新者 | BC1: 更新日 | BH1: 版数
A2: POSサーバー | K2: POSサーバー | AP2: TuyenNH | AT2: 45462 | AY2: TuyenNH | BC2: 45462 | BH2: 0.1
A4: 機能カテゴリ | H4: =IF(表紙!H4="","",表紙!H4) -> 10_プロモーションメンテ | U4: 項目 | Z4: 機能設計書 | AP4: =MID(CELL("filename",A1),FIND("]",CELL("filename",A1))+1,255) -> SC1001
A7: ■機能説明
A9: 画面ID | E9: SC1001 | O9: 画面名 | U9: プロモーションメンテ画面
A11: イベントID | G11: SC1001_01 | M11: 画面初期化
A12: インプット | M12: 処理概要 | AU12: 出力 | BF12: 参照情報
BF14: 20_画面設計_10_プロモーションメンテ.xlsx
N15: 1. 初期化モードで画面項目を初期化する。
O16: 20_画面設計_10_プロモーションメンテ.xlsxをご参照ください。
A22: イベントID | G22: SC1001_02 | M22: プロモーション情報検索
A23: インプット | M23: 処理概要 | AU23: 出力 | BF23: 参照情報
BF25: ・20_画面設計_10_プロモーションメンテ.xlsx ・40_API設計_AP0105_プロモーション一覧取得.xlsx
N26: 1. プロモーション検索機能を実行する。
P27: 1.1 「AP0105」API呼出処理を実行する。
Q28: APIのパラメータ | X28: パラメータの値
Q29: store_code | X29: 選択された店舗
Q30: code | X30: 画面で入力されたプロモーションコード
Q31: page_number | X31: ・現在のページの場合、デフォルト = 1、 ・次頁の場合、現在のページ + 1
Q32: limit | X32: 12
Q34: ・promotion_codeが入力されていない場合、
R35: => 選択された店舗の全てのプロモーションを検索する。
Q36: ・promotion_codeが入力されている場合、
R37: => プロモーション >=入力されたプロモーションの条件で検索する。
P38: 1.2 返却された結果情報
Q39: 検索が成功した場合、
R40: ・返却レスポンスは40_API設計_AP0105_プロモーション一覧取得.xlsxをご参照ください。
R41: プロモーション一覧を表示する。20_画面設計_40_プロモーションメンテ.xlsxをご参照ください。
S42: +検索条件を満たすデータがある場合、
T43: 先頭99XXXのプロモーションコードを表示し、その後ろに昇順でプロモーションコードを表示する。
S44: +検索条件を満たすデータがない場合、
T45: モーダルを表示する（メッセージ：MSG_ERR_001）
T46: 新規モードで一覧画面を表示する。
R47: ・[F04:クリア]ボタンを有効にする。[新規]ボタンを無効にする。
R48: ・APIから返されたレコード一覧を表示し、ユーザーが編集と削除できる。
R49: ・一覧エリアに変更データがある場合、[F09:確定]ボタンが有効になる。
Q50: 検索が失敗した場合、
R51: ・画面にエラーモーダルを表示する。
R52: ・新規モードで一覧画面を表示する。
A58: イベントID | G58: SC1001_03 | M58: プロモーション新規作成
A59: インプット | M59: 処理概要 | AU59: 出力 | BF59: 参照情報
N62: 1. ユーザーがプロモーションコード入力エリアからフォーカスアウトした後の処理ロジック
O63: 1.1 プロモーションコードの長さを確認する。
P64: 5桁未満の場合：入力された文字列の先頭に「0」を追加する。
P65: ・5桁の場合：ステップ1.2を実行する。
O66: 1.2 以下のように該当プロモーションレコードの情報を自動的に初期化する。
P67: + 開始日が現在日である。
P68: + 終了日：現在日 + 1
P69: +開始時刻・終了時刻：選択されている対象店舗の開始時刻・終了時刻
P70: +「区分」項目
Q71: プロモーションコード入力：「01」から「12」で始まる場合、「1:本部」に設定する。
Q72: 「99」で始まる場合、「2:店舗」に設定する。
A77: イベントID | G77: SC1001_04 | M77: 画面を初期状態にリセット
A78: インプット | M78: 処理概要 | AU78: 出力 | BF78: 参照情報
BF80: 20_画面設計_10_プロモーションメンテ.xlsx
N81: 1. 画面を初期状態にリセットする。
O82: 20_画面設計_10_プロモーションメンテ.xlsxをご参照ください。
O83: 画面上のデータ変更がある場合にクリアボタンが有効になる。
O84: 注意：画面の検索項目と検索結果をクリアする。選択中の対象店舗をクリアしない。
A90: イベントID | G90: SC1001_05 | M90: プロモーション情報削除・更新・新規作成
A91: インプット | M91: 処理概要 | AU91: 出力 | BF91: 参照情報
BF93: ・40_API設計_AP1001_プロモーション一括追加、更新、削除.xlsx
O94: 一覧画面に変更データがある場合、「F09:確定」ボタンが有効になる。
O96: 1.各項目のバリデーションチェックを行う。
P97: ▪バリデーションチェックのエラーがある：
Q98: ・「プロモーション」項目 (新規作成モードのレコードでのみバリデーションチェック）
R99: +アカウントがシステム権限、本部権限を持っている場合
R100: 先頭の2桁の確認： 99又は01, 02, 03, 04, 05,06, 07, 08, 09, 10, 11,12 （年の月）
R102: +アカウントが店舗権限を持っている場合: 最初の2桁は「99」のみ許可。
Q103: 権限がない場合、以下のエラーメッセージを表示する。MSG_VAL_019 {0}: "プロモーション"
Q104: ・「名称」
R105: 入力されていない場合、MSG_VAL_001を表示する。
Q106: ・「開始日」
R107: 入力されていない場合、MSG_VAL_001を表示する。
R108: 不正な形式で入力された場合、MSG_VAL_016を表示する。
R109: 開始日 > 終了日の場合、「MSG_VAL_004」メッセージを表示する。
R110: （{0}：開始日、{1}：终了日）
Q111: ・「終了日」
R112: 入力されていない場合、MSG_VAL_001を表示する。
R113: 不正な形式で入力された場合、MSG_VAL_016を表示する。
R114: 過去の日付が入力された場合、MSG_VAL_022を表示する。
Q115: ・「開始時刻」
R116: 入力されていない場合、MSG_VAL_001を表示する。
R117: 不正な形式で入力された場合、MSG_VAL_016を表示する。
R118: 開始日 = 終了日 かつ 開始時刻 > 終了時刻の場合、
R119: MSG_VAL_004（{0}：開始日、{1}：终了日）を表示する。
Q120: ・「終了時刻」
R121: 入力されていない場合、MSG_VAL_001を表示する。
R122: 不正な形式で入力された場合、MSG_VAL_016を表示する。
R123: 終了日 = today()の場合、
S124: バリデーションチェック：終了時刻 <= now()の場合、「MSG_VAL_022」エラーメッセージを表示する。
P126: バリデーションチェックエラーが発生した場合、エラー項目に赤色で表示する。ホバー時にエラーメッセージを含むツールチップを表示する。
O128: ▪バリデーションチェックのエラーがない：ステップ2を実行する。
O129: 2. 変更を保存する。
P130: 2.1「AP1001」APIを呼び出す。
R132: APIのパラメータ | Y132: パラメータの値
R133: store_code | Y133: 選択された店舗
R134: promotions | Y134: ユーザーが更新したレコード一覧
R135: code | Y135: プロモーションコード
R136: operation_type | Y136: +新規の場合、1 +編集の場合、削除チェックボックス ・チェックを入れる：3 ・チェックを外す：2
...

Sheet テンプレート
A1: システム名 | K1: システム種別 | W1: =IF(表紙!W1="","",表紙!W1) -> 詳細設計書 | AP1: 作成者 | AT1: 作成日 | AY1: 更新者 | BC1: 更新日 | BH1: 版数
A2: =IF(表紙!A2="","",表紙!A2) -> POSサーバー | K2: =IF(表紙!K2="","",表紙!K2) -> POSサーバ | AP2: =IF(表紙!AP2="","",表紙!AP2) -> SonMNT | AT2: =IF(表紙!AT2="","",表紙!AT2) -> 45468 | AY2: =IF(表紙!AY2="","",表紙!AY2) -> AnhTTP | BC2: =IF(表紙!BC2="","",表紙!BC2) -> 45643 | BH2: =IF(表紙!BH2="","",表紙!BH2) -> 0.4
A4: 機能カテゴリ | H4: =IF(表紙!H4="","",表紙!H4) -> 10_プロモーションメンテ | U4: 項目 | Z4: =IF(表紙!Z4="","",表紙!Z4) -> 機能設計書 | AP4: =MID(CELL("filename",A1),FIND("]",CELL("filename",A1))+1,255) -> テンプレート
A7: ■機能説明
A9: 画面ID | E9: SCxxxxxx | O9: 画面名
A11: イベントID | G11: KN1010201
A12: インプット | M12: 処理概要 | AU12: 出力 | BF12: 参照情報
N15: 1. ロジック1
N26: 2. ロジック2
