Workbook

Sheet 表紙
A1: システム名 | K1: システム種別 | W1: 詳細設計書 | AP1: 作成者 | AT1: 作成日 | AY1: 更新者 | BC1: 更新日 | BH1: 版数
A2: POSサーバー | K2: POSサーバ | AP2: =改訂履歴!$H$11 -> DuNT | AT2: =改訂履歴!$B$11 -> 45496 | AY2: =LOOKUP(2,1/(改訂履歴!H11:H30002<>""),改訂履歴!H11:H30002) -> DuNT | BC2: =LOOKUP(2,1/(改訂履歴!B11:B30002<>""),改訂履歴!B11:B30002) -> 45623 | BH2: =LOOKUP(2,1/(改訂履歴!O11:O30002<>""),改訂履歴!O11:O30002) -> 0.55
A4: 機能カテゴリ | H4: 71_レジマスタ設定 | U4: 項目 | Z4: 機能設計書 | AP4: {=RIGHT(CELL("filename",$A$1),LEN(CELL("filename",$A$1))-FIND("]",CELL("filename",$A$1)))} -> 表紙
L16: POSサーバーの基本設計書
L24: =K2&"/"&H4&"/"&Z4 -> POSサーバ/71_レジマスタ設定/機能設計書
Q44: 承認日 | AA44: 承認者 | AQ44: 版数

Sheet 改訂履歴
A1: システム名 | K1: システム種別 | W1: =IF(表紙!W1="","",表紙!W1) -> 詳細設計書 | AP1: 作成者 | AT1: 作成日 | AY1: 更新者 | BC1: 更新日 | BH1: 版数
A2: =IF(表紙!A2="","",表紙!A2) -> POSサーバー | K2: =IF(表紙!K2="","",表紙!K2) -> POSサーバ | AP2: =IF(表紙!AP2="","",表紙!AP2) -> DuNT | AT2: =IF(表紙!AT2="","",表紙!AT2) -> 45496 | AY2: =IF(表紙!AY2="","",表紙!AY2) -> DuNT | BC2: =IF(表紙!BC2="","",表紙!BC2) -> 45623 | BH2: =IF(表紙!BH2="","",表紙!BH2) -> 0.55
A4: 機能カテゴリ | H4: =IF(表紙!H4="","",表紙!H4) -> 71_レジマスタ設定 | U4: 項目 | Z4: =IF(表紙!Z4="","",表紙!Z4) -> 機能設計書 | AP4: {=RIGHT(CELL("filename",$A$1),LEN(CELL("filename",$A$1))-FIND("]",CELL("filename",$A$1)))} -> 改訂履歴
B8: ■改訂履歴
B10: 更新日 | H10: 更新者 | O10: 版数 | S10: 更新内容 | AX10: 承認日 | BD10: 承認者
B11: 45496 | H11: DuNT | O11: 0.1 | S11: 新規
B13: 45512 | H13: DuNT | O13: 0.2 | S13: MD7101：新規作成時の重複バリデーションチェックを修正する。
S14: SC7102: 新規作成されたレコードを編集・削除する。
B15: 45525 | H15: DuNT | O15: 0.3 | S15: CSV説明ファイルを別途作成する
S16: テナントレジ部門バリデーションチェックの説明を追加する。
B17: 45527 | H17: DuNT | O17: 0.4 | S17: SC7101: レシートメッセージのリストのみを取得する。
B19: 45547 | H19: DuNT | O19: 0.5 | S19: SC7101：イベントIDSC7101-02：支払い種別リストを取得する API 呼び出しを削除する（MC7104）
S20: SC7101：イベントIDSC7101-03：1000件を超えた場合の説明を追加する。
S21: SC7101：削除ボタンタッチ時に詳細な説明を追加する。
S22: SC7102：編集、削除、新規、確定のボタンをタッチした時に詳細な説明を追加する。
B23: 45555 | H23: DuNT | O23: 0.51 | S23: SC7101：CSVファイルの一部のレコードを取り込む際にエラーが発生した場合のメッセージを追加する。
B25: 45559 | H25: DuNT | O25: 0.52 | S25: SC7101：イベントID「SC7101-02」：ドロップダウンの値をロードするステップを追加する。
S26: SC7101：イベントID「SC7101-11」：保存が成功した後、店舗を選択しなかった場合の処理を追加する。
B27: 45569 | H27: DuNT | O27: 0.53 | S27: SC7102：イベントID「SC7102-07」を追加
S28: SC7101：フロー15とマッピングコピーを説明 イベントID：「SC7101-08」、「SC7101-09」、「SC7101-10」
B29: 45580 | H29: DuNT | O29: 0.54 | S29: MD7101
S30: 店舗を選択した後、元のデータを保持する。 ※上記の項目のうち、店舗ごとに管理されているマスターデータ（例:プリセットレイアウト）がある場合、コピー後に店舗を変更した際に、同じコードを持つレコードを選択する。それがない場合は、その項目を空欄にする。
B31: 45623 | H31: DuNT | O31: 0.55 | S31: SC7102
S32: イベントID「SC7102-08」を追加

Sheet SC7101
A1: システム名 | K1: システム種別 | W1: =IF(表紙!W1="","",表紙!W1) -> 詳細設計書 | AP1: 作成者 | AT1: 作成日 | AY1: 更新者 | BC1: 更新日 | BH1: 版数
A2: =IF(表紙!A2="","",表紙!A2) -> POSサーバー | K2: =IF(表紙!K2="","",表紙!K2) -> POSサーバ | AP2: =IF(表紙!AP2="","",表紙!AP2) -> DuNT | AT2: =IF(表紙!AT2="","",表紙!AT2) -> 45496 | AY2: =IF(表紙!AY2="","",表紙!AY2) -> DuNT | BC2: =IF(表紙!BC2="","",表紙!BC2) -> 45623 | BH2: =IF(表紙!BH2="","",表紙!BH2) -> 0.55
A4: 機能カテゴリ | H4: =IF(表紙!H4="","",表紙!H4) -> 71_レジマスタ設定 | U4: 項目 | Z4: =IF(表紙!Z4="","",表紙!Z4) -> 機能設計書 | AP4: =MID(CELL("filename",A1),FIND("]",CELL("filename",A1))+1,255) -> SC7101
A7: ■機能説明
A9: 画面ID | E9: SC7101 | O9: 画面名 | U9: レジマスタ設定画面
A11: イベントID | G11: SC7101-01 | M11: 画面初期化
A12: インプット | M12: 処理概要 | AU12: 出力 | BF12: 参照情報
BF14: 20_画面設計_71_レジマスタ設定.xlsx
N15: 1. 画面項目の初期化を実行する。
O16: 20_画面設計_71_レジマスタ設定.xlsxのSC7101シートをご参照ください。
A23: イベントID | G23: SC7101-02 | M23: 画面初期化データを取得する。
A24: インプット | M24: 処理概要 | AU24: 出力 | BF24: 参照情報
N27: 1. KN7101_検索条件一覧取得機能を実行する。
O28: 1.1 「AP1503」APIを使用してノード種別、ファンクションレイアウト、キーボードレイアウトの一覧を取得する。
O30: 1.1.1「AP1503」APIを呼び出す。
P32: APIのパラメータ | W32: パラメータの値
P33: master_code | W33: MC7101, MC7102, MC7103
O35: 1.1.2 返却された結果情報
O36: ①．一覧取得成功の場合
P37: 返却された結果
P38: 1. status_code | AA38: 200 (OK)
P39: 2. message | AA39: ブランク
P40: 3. data | AA40: コードマスタ一覧
BF41: 40_API設計_AP1503_コードマスタ取得.xlsx
P42: 40_API設計_AP1503_コードマスタ取得.xlsxのレスポンスをご参照ください。
O43: ②．エラーの場合、以下のように実行する。
P44: 404エラーの場合：空き一覧を表示する。
P45: その他のエラーの場合、APIエラーの共通表示処理を実行する。
O47: 1.2 「AP7103」API を使用してレジ種別一覧を取得する。
O49: 1.2.1 「AP7103」APIを呼び出す。
P51: APIのパラメータ | W51: パラメータの値
P52: type | W52: null
O54: 1.2.2 返却された結果情報
O55: ①．一覧取得成功の場合
P56: 返却された結果
P57: 1. status_code | AA57: 200 (OK) | BF57: 40_API設計_AP7103_レジ種別一覧.xlsx
P58: 2. message | AA58: ブランク
P59: 3. data | AA59: レジ種別一覧
P61: 40_API設計_AP7103_レジ種別一覧.xlsxのレスポンスをご参照ください。
O62: ②．エラーの場合、以下のように実行する。
P63: APIエラーの共通表示処理を実行する。
O65: 1.3. 「AP1501」APIを使用してプリセットレイアウト一覧を取得する。
O67: 1.3.1 「AP1501」APIを呼び出す。
P68: APIのパラメータが必須ではない。preset_layout_code又はpreset_layout_nameのパラメータに値がない場合、全て検索する。
P71: APIのパラメータ | W71: パラメータの値
P72: preset_layout_code | W72: null
P73: preset_layout_code_type | W73: null
P74: preset_layout_name | W74: null
P75: preset_layout_name_type | W75: null
P76: selected_stores | W76: ユーザーが選択した対象店舗コード一覧
O78: 1.3.2 返却された結果情報
O79: ①．一覧取得成功の場合
P80: 返却された結果
P81: 1. status_code | AA81: 200 (OK)
P82: 2. message | AA82: ブランク
P83: 3. data | AA83: プリセットレイアウト一覧 | BF83: 40_API設計_AP1506_商品提案.xlsx
O85: 40_API設計_AP1506_商品提案.xlsxのレスポンスをご参照ください。
O86: ②．エラーの場合、以下のように実行する。
P87: 404エラーの場合：空き一覧を表示する。
P88: その他のエラーの場合、APIエラーの共通表示処理を実行する。
O90: 1.4. 「AP8301」APIを使用してメッセージ種別一覧を取得する。
O92: 1.4.1 「AP8301」APIを呼び出す。
P93: APIのパラメータが必須ではない。preset_layout_code又はpreset_layout_nameのパラメータに値がない場合、全て検索する。
P96: APIのパラメータ | W96: パラメータの値
P97: type | W97: 0
P98: message_code | W98: null
P99: message_code_filter_type | W99: null
P100: sub_type | W100: null
P101: メッセージ | W101: null
P102: message_filter_type | W102: null
P103: selected_stores | W103: ユーザーが選択した対象店舗コード一覧
O105: 2.2 返却された結果情報
O106: ①．一覧取得成功の場合
P107: 返却された結果
P108: 1. status_code | AA108: 200 (OK)
P109: 2. message | AA109: ブランク
P110: 3. data | AA110: メッセージ一覧 | BF110: 40_API設計_AP8301_メッセージマスタ一覧取得.xlsx
O112: 「40_API設計_AP8301_メッセージマスタ一覧取得.xlsx」のレスポンスをご参照ください。
O113: ②．エラーの場合、以下のように実行する。
P114: 404エラーの場合：空き一覧を表示する。
P115: その他のエラーの場合、APIエラーの共通表示処理を実行する。
N117: 2. 画面項目の初期化を実行する。 | BF117: 20_画面設計_71_レジマスタ設定.xlsx
O118: 検索条件エリアの各項目を初期化する。
O120: 20_画面設計_71_レジマスタ設定.xlsxのSC7101シートをご参照ください。
A127: イベントID | G127: SC7101-03 | M127: レジ検索
A128: インプット | M128: 処理概要 | AU128: 出力 | BF128: 参照情報
N131: 1. KN7103_レジ一覧取得機能を実行する。
O133: 1.1 API AP7102_レジ一覧取得を呼び出す。
P135: APIのパラメータ | W135: パラメータの値
P136: selected_store | W136: 選択された対象店舗一覧
P137: cash_machine_no | W137: 画面に入力された値
P138: cash_machine_type | W138: 画面に入力された値
P139: node_type | W139: 画面に入力された値
P140: preset_layout_id | W140: 画面に入力された値
P141: function_layout_id | W141: 画面に入力された値
P142: keyboard_layout_id | W142: 画面に入力された値
O145: 1.2 返却された結果情報
O146: ①．一覧取得成功の場合
P147: 返却された結果
P148: 1. status_code | AA148: 200 (OK)
...

Sheet SC7102
A1: システム名 | K1: システム種別 | W1: =IF(表紙!W1="","",表紙!W1) -> 詳細設計書 | AP1: 作成者 | AT1: 作成日 | AY1: 更新者 | BC1: 更新日 | BH1: 版数
A2: =IF(表紙!A2="","",表紙!A2) -> POSサーバー | K2: =IF(表紙!K2="","",表紙!K2) -> POSサーバ | AP2: =IF(表紙!AP2="","",表紙!AP2) -> DuNT | AT2: =IF(表紙!AT2="","",表紙!AT2) -> 45496 | AY2: =IF(表紙!AY2="","",表紙!AY2) -> DuNT | BC2: =IF(表紙!BC2="","",表紙!BC2) -> 45623 | BH2: =IF(表紙!BH2="","",表紙!BH2) -> 0.55
A4: 機能カテゴリ | H4: =IF(表紙!H4="","",表紙!H4) -> 71_レジマスタ設定 | U4: 項目 | Z4: =IF(表紙!Z4="","",表紙!Z4) -> 機能設計書 | AP4: =MID(CELL("filename",A1),FIND("]",CELL("filename",A1))+1,255) -> SC7102
A7: ■機能説明
A9: 画面ID | E9: SC7102 | O9: 画面名 | U9: レジ種別追加画面
A11: イベントID | G11: SC7102-01 | M11: 画面初期化
A12: インプット | M12: 処理概要 | AU12: 出力 | BF12: 参照情報
N15: 1.KN7104_レジ種別一覧取得機能を実行する。
O17: 1.1 「AP7103」APIを呼び出す。
P19: APIのパラメータ | W19: パラメータの値
P20: type | W20: null
O22: 1.2 返却された結果情報
O23: ①．一覧取得成功の場合
P24: 返却された結果
P25: 1. status_code | AA25: 200 (OK)
P26: 2. message | AA26: ブランク
P27: 3. data | AA27: レジ種別一覧
P29: 40_API設計_AP7103_レジ種別一覧.xlsxのレスポンスをご参照ください。
O30: ②．エラーの場合、以下のように実行する。
P32: その他のエラーの場合、APIエラーの共通表示処理を実行する。
N34: 2. 画面項目の初期化を実行する。 | BF34: 20_画面設計_71_レジマスタ設定.xlsx
O36: レジ一覧を画面に表示する。
O37: 20_画面設計_71_レジマスタ設定.xlsxのSC7102シートをご参照ください。
A43: イベントID | G43: SC7102-02 | M43: レジ種別検索
A44: インプット | M44: 処理概要 | AU44: 出力 | BF44: 参照情報
N47: 1.KN7104_レジ種別一覧取得機能を実行する。
O49: 1.1 「AP7103」APIを呼び出す。
P51: APIのパラメータ | W51: パラメータの値
P52: type | W52: 画面から入力されたテキスト
O54: 1.2 返却された結果情報
O55: ①．一覧取得成功の場合
P56: 返却された結果
P57: 1. status_code | AA57: 200 (OK)
P58: 2. message | AA58: ブランク
P59: 3. data | AA59: レジ種別一覧
P61: 40_API設計_AP7103_レジ種別一覧.xlsxのレスポンスをご参照ください。
O62: ②．エラーの場合、以下のように実行する。
P63: APIエラーの共通表示処理を実行する。
N65: 2. レジ種別一覧を画面に表示する。 | BF65: 20_画面設計_71_レジマスタ設定.xlsx
O67: レジ一覧を画面に表示する。
O68: 20_画面設計_71_レジマスタ設定.xlsxのSC7102シートをご参照ください。
A74: イベントID | G74: SC7102-03 | M74: レジ種別削除
A75: インプット | M75: 処理概要 | AU75: 出力 | BF75: 参照情報
N78: 1. 対象レコードが選択されているかを確認する。
N79: ▪対象レコードが選択されていない場合：エラーモーダルを表示する（エラーメッセージ = MSG_ERR_010）
N80: ▪削除マークが付いていないレコードが選択されている場合：operation_type = 3とマークする (フォーカスされている対象レコードを削除する
N81: ） 対象レコードを赤い取り消し線で表示する。
N82: ▪削除マークが付いているレコードが選択されている場合：operation_type = 3（対象レコードの削除）を解除し、削除前の状態に戻る。
A86: イベントID | G86: SC7102-04 | M86: レジ種別編集
A87: インプット | M87: 処理概要 | AU87: 出力 | BF87: 参照情報
N90: 1. 対象レコードが選択されているかを確認する。
N91: ▪対象レコードが選択されていない場合：エラーモーダルを表示する（エラーメッセージ = MSG_ERR_010）
N92: ▪対象レコードが選択されている場合：
N93: ・record_idがnullの場合、operation_code = 1（これは新規作成レコードとしてマークされる）
N94: ・record_idがnull以外の場合、operation_type = 2とマークする (対象レコードを更新する)
N95: レジ種別名称のeditextを有効にし、ユーザーがレジ種別名称を変更できる。
N96: レジ種別名称のedittextからフォーカスを外した際、ユーザーが画面上で入力した変更名を適用する。
A101: イベントID | G101: SC7102-05 | M101: レジ種別新規追加
A102: インプット | M102: 処理概要 | AU102: 出力 | BF102: 参照情報
N105: 1. レジ種別を新規追加する。
N106: ▪レジ種別一覧の最後に1つアイテムを追加する。テキストを赤色で表示する。
N107: operation_type = 1 (新規)とマークする。
N108: その中：
N109: Noフィールド (レジ種別ID): 最後のIDから自動的に増加する。編集不可。
N110: レジ種別名称のeditextを有効にし、ユーザーがレジ種別名称を入力できる。
N111: レジ種別名称のedittextからフォーカスを外した際、ユーザーが画面上で入力した変更名を適用する。
A116: イベントID | G116: SC7102-06 | M116: レジ種別追加・更新・削除の保存
A117: インプット | M117: 処理概要 | AU117: 出力 | BF117: 参照情報
N121: 1. 画面のレジ一覧内のアイテムに入力必須のバリデーションチェックを行う。
O122: ・一覧内の各アイテムのコード入力必須のバリデーションチェックを行う。コード又は名称が入力されていないアイテムがある場合、
O123: エラーモーダルを表示する（エラーメッセージ「MSG_VAL_001」：{0} = コード 又は {0}= 名称）
O124: タッチしてモーダルを閉じると、一覧内の最初の未入力項目にフォーカスする。
O125: ・入力必須バリデーションチェックのエラーがない場合、ステップ2を実行する。
N126: 2. 画面に表示されている一覧内のアイテムのコード又は名称の重複を確認する。
O127: ・コード又は名称が重複している場合、エラーモーダルを表示する（エラーメッセージ「MSG_VAL_048」： {0} = コード又は{0}= 名称、
O128: {1}：重複しているコード又は名称の値
O129: ・コード又は名称が重複していない場合、ステップ3を実行する。
N130: 3. 送信対象データを絞り込む。
O131: データが変更されたレコードのみを送信する。
O132: ・新規作成の場合：operation_code = 1、record_id = null
O133: ・編集の場合：record_idがnull以外、operation_code = 2
O134: ・削除の場合：record_idがnull以外、operation_code = 3
N136: 4. 「AP7104」API を実行してレジ追加・更新・削除の設定を保存する。
O138: 1.1 「AP7105」APIを呼び出す。 | BF138: 40_API設計_AP7104_レジ種別追加・更新・削除.xlsx
P139: リクエストホディは40_API設計_AP7104_レジ種別追加・更新.xlsxをご参照ください。
O141: 1.2 返却された結果情報
O142: ①．成功した場合：
P143: 返却された結果
P144: 1. status_code | AA144: 200 (OK)
P145: 2. message | AA145: ブランク
P146: 3. data | AA146: ブランク
O148: KN7104_レジ種別一覧取得機能を実行する。
O149: SC7102-02のイベントIDをご参照ください。
O151: ②．エラーの場合、以下のように実行する。
P152: APIエラーの共通表示処理を実行する。
A157: イベントID | G157: SC7102-07 | M157: 検索をクリアする。
A158: インプット | M158: 処理概要 | AU158: 出力 | BF158: 参照情報
N161: 1. レジ種別の検索条件入力項目で、全ての検索条件をクリアする。
A169: イベントID | G169: SC7102-08 | M169: SC7101画面に戻る。
A170: インプット | M170: 処理概要 | AU170: 出力 | BF170: 参照情報
...

Sheet MD7101
A1: システム名 | K1: システム種別 | W1: =IF(表紙!W1="","",表紙!W1) -> 詳細設計書 | AP1: 作成者 | AT1: 作成日 | AY1: 更新者 | BC1: 更新日 | BH1: 版数
A2: =IF(表紙!A2="","",表紙!A2) -> POSサーバー | K2: =IF(表紙!K2="","",表紙!K2) -> POSサーバ | AP2: =IF(表紙!AP2="","",表紙!AP2) -> DuNT | AT2: =IF(表紙!AT2="","",表紙!AT2) -> 45496 | AY2: =IF(表紙!AY2="","",表紙!AY2) -> DuNT | BC2: =IF(表紙!BC2="","",表紙!BC2) -> 45623 | BH2: =IF(表紙!BH2="","",表紙!BH2) -> 0.55
A4: 機能カテゴリ | H4: =IF(表紙!H4="","",表紙!H4) -> 71_レジマスタ設定 | U4: 項目 | Z4: =IF(表紙!Z4="","",表紙!Z4) -> 機能設計書 | AP4: =MID(CELL("filename",A1),FIND("]",CELL("filename",A1))+1,255) -> MD7101
A7: ■機能説明
A9: 画面ID | E9: MD7101 | O9: 画面名 | U9: レジマスタ設定編集モーダル
A11: イベントID | G11: MD7101-01 | M11: 画面初期化
A12: インプット | M12: 処理概要 | AU12: 出力 | BF12: 参照情報
N15: 1.画面初期化モードを確認する。
O16: 1.1 編集の場合：KN7102_レジ詳細取得機能を実行する。
O18: 1.1.1 「AP7101」APIを呼び出す。
P20: APIのパラメータ | W20: パラメータの値
P21: code | W21: 選択されたレジコード
O23: 1.1.2 返却された結果情報
O24: ①．一覧取得成功の場合
P25: 返却された結果
P26: 1. status_code | AA26: 200 (OK)
P27: 2. message | AA27: ブランク
P28: 3. data | AA28: 対象レジ詳細情報
P30: 40_API設計_AP7101_レジ詳細.xlsxのレスポンスをご参照ください。
O31: ②．エラーの場合、以下のように実行する。
P32: その他のエラーの場合、APIエラーの共通表示処理を実行する。 | BF32: 40_API設計_AP7101_レジ詳細.xlsx
O33: 1.2 コピー・新規の場合、ステップ2を実行する。
N35: 2. 画面項目の初期化を実行する。
O37: レジ一覧を画面に表示する。
O38: 20_画面設計_71_レジマスタ設定.xlsxのMD7101シートをご参照ください。
A43: イベントID | G43: MD7101-02 | M43: モーダルを閉じる
A44: インプット | M44: 処理概要 | AU44: 出力 | BF44: 参照情報
N47: 1. モーダルを閉じて、SC7101_レジマスタ設定画面を表示する。
A53: イベントID | G53: MD7101-03 | M53: レジ設定を一時保存する。
A54: インプット | M54: 処理概要 | AU54: 出力 | BF54: 参照情報
N57: 1. 必須項目のバリデーションチェックを行う。
O58: 20_画面設計_71_レジマスタ設定.xlsxの
O59: MD7101シートの必須項目をご参照ください。
O60: ▪バリデーションチェックが失敗した場合：エラーモーダルを表示する。（エラーメッセージ = MSG_VAL_001。その中：{0}が項目タイトルである）
O61: ▪入力必須のバリデーションチェックが成功した場合、ステップ2を実行する。
N62: 2. ノード種別を確認する。
O63: 2.1 node_type = 05（テナントレジ)の場合
P64: 部門の入力必須のバリデーションチェックを行う。
P65: ▪バリデーションチェックが失敗した場合：エラーモーダルを表示する。（エラーメッセージ = MSG_VAL_001。その中：{0}が項目タイトルである）
P66: ▪バリデーションチェックが成功した場合、ステップ2.3を実行する。
O67: 2.2 node_typeが05 (テナントレジ)以外の場合、
P68: ステップ3を実行する。
O69: 2.3 テナントレジの部門に入力した部門が存在しているかを確認する
O70: テナントレジのすべての売上がこの部門に計上される）
O71: 2.3.1 AP1507_階層一覧取得を呼び出す。
P73: APIのパラメータ | W73: パラメータの値
P74: store_code | W74: 現在の機能の対象店舗コード
P75: level | W75: 1
P76: filter-name | W76: null
P77: filter-code | W77: 画面に入力された値
O80: 2.3.2 返却された結果情報
O81: ①．返却一覧に値がある場合（既に存在している）
P82: ステップ3を実行する。
P84: 返却された結果
P85: 1. status_code | AA85: 200 (OK)
P86: 2. message | AA86: ブランク
P87: 3. data | AA87: 階層
P89: 40_API設計_AP7102_レジ一覧取得.xlsxのレスポンスをご参照ください。
O90: ②．エラーの場合、以下のように実行する。
P91: 404エラーの場合、エラーモーダルを表示する（エラーメッセージ = MSG_VAL_039）
P92: その他のエラーの場合、APIエラーの共通表示処理を実行する。
N94: 3. データ処理
O95: ・編集の場合、operation_type = 2とマークし、モーダルを閉じて
O96: 更新されたレコード情報でSC7101_レジマスタ設定画面を表示する。
O97: 更新情報がある列のみを赤色で表示する。以下のように表示する。
P98: 古い情報
P100: 新しい情報
O101: ・新規・コピーの場合：「AP7102」API を使用して、店舗のレジ番号の存在を確認する。
O102: 1.1 API AP7102_レジ一覧取得を呼び出す。
P104: APIのパラメータ | W104: パラメータの値
P105: selected_store | W105: 選択された対象店舗一覧
P106: cash_machine_no | W106: MD7101で入力された値
P107: cash_machine_type | W107: null
P108: node_type | W108: null
P109: preset_layout_id | W109: null
P110: function_layout_id | W110: null
P111: keyboard_layout_id | W111: null
O114: 1.2 返却された結果情報
O115: ①．一覧取得成功の場合（すでに存在している）
P116: エラーモーダルを表示する（エラーメッセージ = MSG_VAL_032）
P118: 返却された結果
P119: 1. status_code | AA119: 200 (OK)
P120: 2. message | AA120: ブランク
P121: 3. data | AA121: レジ一覧
P123: 40_API設計_AP7102_レジ一覧取得.xlsxのレスポンスをご参照ください。
O124: ②．エラーの場合、以下のように実行する。
P125: 404エラーの場合、ステップ1.3を実行する。
P126: その他のエラーの場合、APIエラーの共通表示処理を実行する。
O127: 1.3 SC7102_レジマスタ設定画面に表示されているレジ一覧の存在を確認する。
P128: このステップで重複を確認し、DBにまだ保存されていない新規作成されたレコードとの重複を回避する。
P129: 画面に入力されたレジ番号と店舗コードに基づいて確認する。
P130: ・重複がない場合：operation_type = 1とマークし、モーダルを閉じて、
Q131: 新規作成された内容（赤色で表示）を含む SC7101_レジマスタ設定画面を表示する。
P132: ・重複がある場合：エラーモーダルを表示する（エラーメッセージ = MSG_VAL_032）
A139: イベントID | G139: MD7101-04 | M139: 対象店舗選択
A140: インプット | M140: 処理概要 | AU140: 出力 | BF140: 参照情報
N143: 1. 選択中の店舗のプリセットレイアウトとレシートメッセージを取得する。
O144: 1.1. 「AP1501」APIを使用してプリセットレイアウト一覧を取得する。
O146: 1.1.1 「AP1501」APIを呼び出す。
P147: APIのパラメータが必須ではない。preset_layout_code又はpreset_layout_nameのパラメータに値がない場合、全て検索する。
...

Sheet テンプレート
A1: システム名 | K1: システム種別 | W1: =IF(表紙!W1="","",表紙!W1) -> 詳細設計書 | AP1: 作成者 | AT1: 作成日 | AY1: 更新者 | BC1: 更新日 | BH1: 版数
A2: =IF(表紙!A2="","",表紙!A2) -> POSサーバー | K2: =IF(表紙!K2="","",表紙!K2) -> POSサーバ | AP2: =IF(表紙!AP2="","",表紙!AP2) -> DuNT | AT2: =IF(表紙!AT2="","",表紙!AT2) -> 45496 | AY2: =IF(表紙!AY2="","",表紙!AY2) -> DuNT | BC2: =IF(表紙!BC2="","",表紙!BC2) -> 45623 | BH2: =IF(表紙!BH2="","",表紙!BH2) -> 0.55
A4: 機能カテゴリ | H4: =IF(表紙!H4="","",表紙!H4) -> 71_レジマスタ設定 | U4: 項目 | Z4: =IF(表紙!Z4="","",表紙!Z4) -> 機能設計書 | AP4: =MID(CELL("filename",A1),FIND("]",CELL("filename",A1))+1,255) -> テンプレート
A7: ■機能説明
A9: 画面ID | E9: SCxxxxxx | O9: 画面名
A11: イベントID | G11: KN1010201
A12: インプット | M12: 処理概要 | AU12: 出力 | BF12: 参照情報
N15: 1. ロジック1
N26: 2. ロジック2
