Workbook

Sheet 表紙
A1: システム名 | K1: システム種別 | W1: 詳細設計書 | AP1: 作成者 | AT1: 作成日 | AY1: 更新者 | BC1: 更新日 | BH1: 版数
A2: POSサーバー | K2: POSサーバ | AP2: =改訂履歴!$H$11 -> DuNT | AT2: =改訂履歴!$B$11 -> 45533 | AY2: =LOOKUP(2,1/(改訂履歴!H11:H30000<>""),改訂履歴!H11:H30000) -> DuNT | BC2: =LOOKUP(2,1/(改訂履歴!B11:B30000<>""),改訂履歴!B11:B30000) -> 45533 | BH2: =LOOKUP(2,1/(改訂履歴!O11:O30000<>""),改訂履歴!O11:O30000) -> 0.1
A4: 機能カテゴリ | H4: 01_商品管理 | U4: 項目 | Z4: 機能設計書 | AP4: {=RIGHT(CELL("filename",$A$1),LEN(CELL("filename",$A$1))-FIND("]",CELL("filename",$A$1)))} -> 表紙
L16: POSサーバーの詳細設計書
L24: =K2&"/"&H4&"/"&Z4 -> POSサーバ/01_商品管理/機能設計書
Q44: 承認日 | AA44: 承認者 | AQ44: 版数

Sheet 改訂履歴
A1: システム名 | K1: システム種別 | W1: =IF(表紙!W1="","",表紙!W1) -> 詳細設計書 | AP1: 作成者 | AT1: 作成日 | AY1: 更新者 | BC1: 更新日 | BH1: 版数
A2: =IF(表紙!A2="","",表紙!A2) -> POSサーバー | K2: =IF(表紙!K2="","",表紙!K2) -> POSサーバ | AP2: =IF(表紙!AP2="","",表紙!AP2) -> DuNT | AT2: =IF(表紙!AT2="","",表紙!AT2) -> 45533 | AY2: =IF(表紙!AY2="","",表紙!AY2) -> DuNT | BC2: =IF(表紙!BC2="","",表紙!BC2) -> 45533 | BH2: =IF(表紙!BH2="","",表紙!BH2) -> 0.1
A4: 機能カテゴリ | H4: =IF(表紙!H4="","",表紙!H4) -> 01_商品管理 | U4: 項目 | Z4: =IF(表紙!Z4="","",表紙!Z4) -> 機能設計書 | AP4: {=RIGHT(CELL("filename",$A$1),LEN(CELL("filename",$A$1))-FIND("]",CELL("filename",$A$1)))} -> 改訂履歴
B8: ■改訂履歴
B10: 更新日 | H10: 更新者 | O10: 版数 | S10: 更新内容 | AX10: 承認日 | BD10: 承認者
B11: 45533 | H11: DuNT | O11: 0.1 | S11: 新規

Sheet SC0101
A1: システム名 | K1: システム種別 | W1: =IF(表紙!W1="","",表紙!W1) -> 詳細設計書 | AP1: 作成者 | AT1: 作成日 | AY1: 更新者 | BC1: 更新日 | BH1: 版数
A2: =IF(表紙!A2="","",表紙!A2) -> POSサーバー | K2: =IF(表紙!K2="","",表紙!K2) -> POSサーバ | AP2: =IF(表紙!AP2="","",表紙!AP2) -> DuNT | AT2: =IF(表紙!AT2="","",表紙!AT2) -> 45533 | AY2: =IF(表紙!AY2="","",表紙!AY2) -> DuNT | BC2: =IF(表紙!BC2="","",表紙!BC2) -> 45533 | BH2: =IF(表紙!BH2="","",表紙!BH2) -> 0.1
A4: 機能カテゴリ | H4: =IF(表紙!H4="","",表紙!H4) -> 01_商品管理 | U4: 項目 | Z4: =IF(表紙!Z4="","",表紙!Z4) -> 機能設計書 | AP4: =MID(CELL("filename",A1),FIND("]",CELL("filename",A1))+1,255) -> SC0101
A7: ■機能説明
A9: 画面ID | E9: SC0101 | O9: 画面名 | U9: 商品管理画面
A11: イベントID | G11: SC0101-01 | M11: 画面初期化
A12: インプット | M12: 処理概要 | AU12: 出力 | BF12: 参照情報
BF14: 20_画面設計_01_商品管理.xlsx
N15: 1. 画面項目の初期化を実行する。
O16: 20_画面設計_01_商品管理.xlsxをご参照ください。
A24: イベントID | G24: SC0101-02 | M24: 画面初期化
A25: インプット | M25: 処理概要 | AU25: 出力 | BF25: 参照情報
BF27: 20_画面設計_01_商品管理.xlsx
N28: 1. PLUの長さを確認する。
O29: 13桁の場合、ステップ2を実行する。
O30: 13桁未満の場合、「0」を追加して13桁になる。その後、ステップ2を実行する。 | BF30: 40_API設計/API_15_プリセットメニュー設定/40_API設計_AP1507_階層一覧取得.xlsx
N31: 2. API「AP1506」を使用して商品を提案する。
O32: 入力桁数が2桁未満の場合、「0」を追加して、AP1507_商品種類検索のAPIを呼び出す。
O34: 2.1 「AP1506」API呼出処理を実行する。
P35: APIのパラメータ | W35: パラメータの値
P36: selected_store | W36: 選択されている対象店舗
P37: plu | W37: 画面で入力された値
P38: group_code | W38: 画面で入力された値
P39: product_code | W39: 画面で入力された値
P40: promotion_code | W40: null
O42: 2.2 返却された結果情報
P43: ①．成功した場合：
Q44: 返却された結果
Q45: 1. status_code | AB45: 200 (OK)
Q46: 2. message | AB46: ブランク
Q47: 3. data | AB47: 提案商品情報
Q49: ステップ4を実行する。
P50: ②．エラーの場合、以下のように実行する。
Q51: 404エラーの場合、以下のファイルの画面項目の説明に従ってエラー表示処理を実行する。
Q52: 20_画面設計_01_商品管理.xlsx
Q53: その他のエラーの場合、APIエラーの共通表示処理を実行する。
N54: 3. 画面項目の「AP1506」APIレスポンスをマッピングする。
O55: 20_画面設計_01_商品管理.xlsxをご参照ください。
N57: 4. 商品のミックスマッチ・特売一覧を取得する。
O58: 4.1 「AP0101」API呼出処理を実行する。
P59: APIのパラメータ | W59: パラメータの値
P60: store_code | W60: 選択されている対象店舗
P61: plu | W61: 画面上のPLUコード
O63: 4.2 返却された結果情報
P64: ①．成功した場合：
Q65: 返却された結果
Q66: 1. status_code | AB66: 200 (OK)
Q67: 2. message | AB67: ブランク
Q68: 3. data | AB68: ミックスマッチ・特売一覧
P70: ②．エラーの場合、以下のように実行する。
Q71: その他のエラーの場合、APIエラーの共通表示処理を実行する。
N72: 5. 画面項目の「AP0101」APIレスポンスをマッピングする。
O73: 20_画面設計_01_商品管理.xlsxをご参照ください。
A79: イベントID | G79: SC0101-03 | M79: 商品詳細表示
A80: インプット | M80: 処理概要 | AU80: 出力 | BF80: 参照情報
N83: 1. PLU_codeとmy_company_codeの値を渡し、SC0102_商品詳細画面に遷移する。
A92: イベントID | G92: SC0101-04 | M92: 緊急売価変更
A93: インプット | M93: 処理概要 | AU93: 出力 | BF93: 参照情報
N96: 1. SC0103_緊急売価変更画面に遷移する。
O97: SC0103画面に商品情報のデータを渡す。
A104: イベントID | G104: SC0101-05 | M104: 特売（新規）設定
A105: インプット | M105: 処理概要 | AU105: 出力 | BF105: 参照情報
N108: 1. SC0301_特売マスタ売価設定画面（新規）に遷移する。
O109: SC0301画面に商品情報のデータを渡す。
A116: イベントID | G116: SC0101-06 | M116: ミックスマッチ（新規）設定
A117: インプット | M117: 処理概要 | AU117: 出力 | BF117: 参照情報
N120: 1. SC0501_ミックスマッチ設定画面（新規）に遷移する。
O121: MD0102_プロモーション一覧（商品ミックスマッチモード）に商品情報のデータを渡す。
O125: 有効なプロモーションコードを選択した後、 プロモーション情報と商品情報を
O126: SC0501_ミックスマッチ設定画面に転送する。
A132: イベントID | G132: SC0101-07 | M132: ミックスマッチ・特売の編集
A133: インプット | M133: 処理概要 | AU133: 出力 | BF133: 参照情報
N136: 1. 画面に遷移する。
O137: ▪選択中のアイテムがミックスマッチである場合、
O138: SC0501_ミックスマッチ設定画面（編集）に遷移する。
O139: SC0501画面にミックスマッチコード情報のデータを渡す。
O141: ▪選択中のアイテムが特売売価の場合、
O142: SC0301_特売マスタ売価設定画面（編集）に遷移する。
O143: SC0301画面に特売売価情報のデータを渡す。

Sheet SC0102
A1: システム名 | K1: システム種別 | W1: =IF(表紙!W1="","",表紙!W1) -> 詳細設計書 | AP1: 作成者 | AT1: 作成日 | AY1: 更新者 | BC1: 更新日 | BH1: 版数
A2: =IF(表紙!A2="","",表紙!A2) -> POSサーバー | K2: =IF(表紙!K2="","",表紙!K2) -> POSサーバ | AP2: =IF(表紙!AP2="","",表紙!AP2) -> DuNT | AT2: =IF(表紙!AT2="","",表紙!AT2) -> 45533 | AY2: =IF(表紙!AY2="","",表紙!AY2) -> DuNT | BC2: =IF(表紙!BC2="","",表紙!BC2) -> 45533 | BH2: =IF(表紙!BH2="","",表紙!BH2) -> 0.1
A4: 機能カテゴリ | H4: =IF(表紙!H4="","",表紙!H4) -> 01_商品管理 | U4: 項目 | Z4: =IF(表紙!Z4="","",表紙!Z4) -> 機能設計書 | AP4: =MID(CELL("filename",A1),FIND("]",CELL("filename",A1))+1,255) -> SC0102
A7: ■機能説明
A9: 画面ID | E9: SC0102 | O9: 画面名 | U9: 商品詳細画面
A11: イベントID | G11: SC0102-01 | M11: 画面初期化
A12: インプット | M12: 処理概要 | AU12: 出力 | BF12: 参照情報
BF14: 20_画面設計_01_商品管理.xlsx
N15: 1. AP0111を使用して商品詳細を取得する。
O17: 1.1 「AP0111」API呼出処理を実行する。
P18: APIのパラメータ | W18: パラメータの値
P19: selected_store | W19: 選択されている対象店舗
P20: PLU | W20: SC0101画面から渡された商品のPLUコード
P21: my_company_code | W21: SC0101画面から渡されたmy_company_codeの値
O23: 1.2 返却された結果情報
P24: ①．成功した場合：
Q25: 返却された結果
Q26: 1. status_code | AB26: 200 (OK)
Q27: 2. message | AB27: ブランク
Q28: 3. data | AB28: 商品詳細情報
P30: ②．エラーの場合、以下のように実行する。
Q31: その他のエラーの場合、APIエラーの共通表示処理を実行する。
N32: 2. AP0113を使用して、ドロップダウンに表示する税種別一覧を取得する。
O34: 2.1 「AP0113」API呼出処理を実行する。
P35: APIのパラメータ | W35: パラメータの値
P36: selected_store | W36: 選択されている対象店舗
O38: 2.2 返却された結果情報
P39: ①．成功した場合：
Q40: 返却された結果
Q41: 1. status_code | AB41: 200 (OK)
Q42: 2. message | AB42: ブランク
Q43: 3. data | AB43: 税種別一覧
P45: ②．エラーの場合、以下のように実行する。
Q46: その他のエラーの場合、APIエラーの共通表示処理を実行する。
N49: 3. 画面項目の初期化を実行する。
O50: 20_画面設計_01_商品管理.xlsxをご参照ください。
A56: イベントID | G56: SC0102-02 | M56: 編集取消
A57: インプット | M57: 処理概要 | AU57: 出力 | BF57: 参照情報
N60: 1. 編集を取り消し、SC0101_商品管理画面に遷移する。
A68: イベントID | G68: SC0102-03 | M68: 商品削除
A69: インプット | M69: 処理概要 | AU69: 出力 | BF69: 参照情報
N72: 1. 商品を削除する（子PLUを含む）
O74: 1.1 「AP0112」API呼出処理を実行する。
P75: APIのパラメータ | W75: パラメータの値
P76: selected_store | W76: 選択されている対象店舗
P77: products | W77: 画面に表示されている親PLUと子PLUの一覧
O79: 1.2 返却された結果情報
P80: ①．成功した場合：
Q81: 返却された結果
Q82: 1. status_code | AB82: 200 (OK)
Q83: 2. message | AB83: ブランク
Q84: 3. data | AB84: NA
Q86: SC0101_商品管理（初期モードで表示）に遷移する。
P87: ②．エラーの場合、以下のように実行する。
Q88: その他のエラーの場合、APIエラーの共通表示処理を実行する。
A96: イベントID | G96: SC0102-04 | M96: 変更を保存する。
A97: インプット | M97: 処理概要 | AU97: 出力 | BF97: 参照情報
BF99: 40_API設計_AP0102_商品情報変更.xlsx
N100: 1. バリデーションチェックを行う。
O101: ・入力必須項目
N102: 2. API「AP0102」を使用して商品を更新する。
O103: 2.1 「AP0102」API呼出処理を実行する。
P104: SC0102画面の情報に基づいて、40_API設計_AP0102_商品情報変更.xlsxの説明に従ってリクエストを作成する。
P105: 。
O108: 2.2 返却された結果情報
P109: ①．成功した場合：
Q110: 返却された結果
Q111: 1. status_code | AB111: 200 (OK)
Q112: 2. message | AB112: ブランク
Q113: 3. data | AB113: NA
Q115: SC0101_商品管理（初期モードで表示）に遷移する。
P116: ②．エラーの場合、以下のように実行する。
Q117: その他のエラーの場合、APIエラーの共通表示処理を実行する。
A124: イベントID | G124: SC0102-05 | M124: 部門提案を実行する。
A125: インプット | M125: 処理概要 | AU125: 出力 | BF125: 参照情報
N128: 1. 品群、品種、分類の値と部門、品群、品種、分類の名称を全てクリアする。
N129: 2. 階層情報を提案する。
O130: 2.1 「AP0114」API呼出処理を実行する。
P131: APIのパラメータ | W131: パラメータの値
P132: store_code | W132: 選択されている対象店舗
P133: code_level_1 | W133: ユーザーが画面上に入力した値
P134: code_level_2 | W134: null
P135: code_level_3 | W135: null
P136: code_level_4 | W136: null
O138: 1.2 返却された結果情報
P139: ①．成功した場合：
Q140: 返却された結果
Q141: 1. status_code | AB141: 200 (OK)
Q142: 2. message | AB142: ブランク
Q143: 3. data | AB143: 部門詳細
Q145: 部門名称を画面にマッピングする。
P146: ②．エラーの場合、以下のように実行する。
Q147: エラー404の場合、部門名称項目にエラーメッセージを表示する。
Q148: その他のエラーの場合、APIエラーの共通表示処理を実行する。
A155: イベントID | G155: SC0102-06 | M155: 品群提案を実行する。
A156: インプット | M156: 処理概要 | AU156: 出力 | BF156: 参照情報
N159: 1. 品種、分類の値と品群、品種、分類の名称をを全てクリアする。
N160: 2. 階層情報を提案する。
O161: 2.1 「AP0114」API呼出処理を実行する。
P162: APIのパラメータ | W162: パラメータの値
...

Sheet MD0102
A1: システム名 | K1: システム種別 | W1: =IF(表紙!W1="","",表紙!W1) -> 詳細設計書 | AP1: 作成者 | AT1: 作成日 | AY1: 更新者 | BC1: 更新日 | BH1: 版数
A2: =IF(表紙!A2="","",表紙!A2) -> POSサーバー | K2: =IF(表紙!K2="","",表紙!K2) -> POSサーバ | AP2: =IF(表紙!AP2="","",表紙!AP2) -> DuNT | AT2: =IF(表紙!AT2="","",表紙!AT2) -> 45533 | AY2: =IF(表紙!AY2="","",表紙!AY2) -> DuNT | BC2: =IF(表紙!BC2="","",表紙!BC2) -> 45533 | BH2: =IF(表紙!BH2="","",表紙!BH2) -> 0.1
A4: 機能カテゴリ | H4: =IF(表紙!H4="","",表紙!H4) -> 01_商品管理 | U4: 項目 | Z4: =IF(表紙!Z4="","",表紙!Z4) -> 機能設計書 | AP4: =MID(CELL("filename",A1),FIND("]",CELL("filename",A1))+1,255) -> MD0102
A7: ■機能説明
A9: 画面ID | E9: MD0102 | O9: 画面名 | U9: プロモーション一覧モーダル
A11: イベントID | G11: MD0102_01 | M11: 画面初期化
A12: インプット | M12: 処理概要 | AU12: 出力 | BF12: 参照情報
BF14: ▪20_画面設計_01_商品管理.xlsx
N15: 1. 画面項目の初期化を実行する。
O16: 20_画面設計_03_店舗特売入力.xlsxをご参照ください。
A22: イベントID | G22: MD0102_02 | M22: SC0301画面に戻る
A23: インプット | M23: 処理概要 | AU23: 出力 | BF23: 参照情報
BF25: ▪20_画面設計_01_商品管理.xlsx
N26: 1. MD0102_プロモーション一覧モーダルを閉じて、
O27: SC0301_店舗特売入力画面を表示する。
A34: イベントID | G34: MD0102_03 | M34: プロモーションの情報を検索する
A35: インプット | M35: 処理概要 | AU35: 出力 | BF35: 参照情報
BF37: ▪20_画面設計_01_商品管理.xlsx ▪ 40_API設計_AP0105_プロモーション一覧取得.xlsx
N38: 1. KN0106_プロモーション一覧取得機能
O39: 入力されたpromotion_codeが5未満の場合、「0」を追加して、API 「AP0105_プロモーション一覧取得」を呼び出す。
P40: API「AP0105_プロモーション一覧取得」を呼び出す。
O41: 1.1 AP0105_プロモーション一覧取得API呼出処理を実行する。
P42: APIのパラメータ | W42: パラメータの値
P43: store_code | W43: 選択された店舗
P44: code | W44: 画面で入力されたプロモーションコード
P46: ・40_API設計_AP0105_プロモーション一覧取得.xlsxをご参照ください。
O47: 1.2 返却された結果情報
P48: ▪商品情報取得が成功した場合、
Q49: ・返却レスポンスは40_API設計_AP0105_プロモーション一覧取得.xlsxをご参照ください。
Q50: ・以下の画面設計に従って画面に返されるAPIレスポンスのマッピングを実行する。
R51: 20_画面設計_03_店舗特売入力.xlsx
P53: ▪商品情報取得が失敗した場合、
Q54: ・返却レスポンスは40_API設計_AP0105_プロモーション一覧取得.xlsxをご参照ください。
Q55: ・20_画面設計_03_店舗特売入力.xlsxの記載に従ってエラーメッセージを画面に表示する。
A60: イベントID | G60: MD0102_04 | M60: プロモーションを選択する
A61: インプット | M61: 処理概要 | AU61: 出力 | BF61: 参照情報
BF63: ▪20_画面設計_01_商品管理.xlsx
N64: 1. MD0102_プロモーション一覧モーダルを閉じて、
O65: プロモーションの詳細情報を使用中の画面に渡す。
O66: 一覧画面に送信される項目：
P67: プロモーション
P68: 名称
P69: 開始日時
P70: 終了日時

Sheet テンプレート
A1: システム名 | K1: システム種別 | W1: =IF(表紙!W1="","",表紙!W1) -> 詳細設計書 | AP1: 作成者 | AT1: 作成日 | AY1: 更新者 | BC1: 更新日 | BH1: 版数
A2: =IF(表紙!A2="","",表紙!A2) -> POSサーバー | K2: =IF(表紙!K2="","",表紙!K2) -> POSサーバ | AP2: =IF(表紙!AP2="","",表紙!AP2) -> DuNT | AT2: =IF(表紙!AT2="","",表紙!AT2) -> 45533 | AY2: =IF(表紙!AY2="","",表紙!AY2) -> DuNT | BC2: =IF(表紙!BC2="","",表紙!BC2) -> 45533 | BH2: =IF(表紙!BH2="","",表紙!BH2) -> 0.1
A4: 機能カテゴリ | H4: =IF(表紙!H4="","",表紙!H4) -> 01_商品管理 | U4: 項目 | Z4: =IF(表紙!Z4="","",表紙!Z4) -> 機能設計書 | AP4: =MID(CELL("filename",A1),FIND("]",CELL("filename",A1))+1,255) -> テンプレート
A7: ■機能説明
A9: 画面ID | E9: SCxxxxxx | O9: 画面名
A11: イベントID | G11: KN1010201
A12: インプット | M12: 処理概要 | AU12: 出力 | BF12: 参照情報
N15: 1. ロジック1
N26: 2. ロジック2
