Workbook

Sheet 表紙
A1: システム名 | K1: システム種別 | W1: 詳細設計書 | AP1: 作成者 | AT1: 作成日 | AY1: 更新者 | BC1: 更新日 | BH1: 版数
A2: POSサーバー | K2: POSサーバ | AP2: =改訂履歴!$H$11 -> LoiLV | AT2: =改訂履歴!$B$11 -> 45460 | AY2: =LOOKUP(2,1/(改訂履歴!H11:H30000<>""),改訂履歴!H11:H30000) -> TuyenNH | BC2: =LOOKUP(2,1/(改訂履歴!B11:B30000<>""),改訂履歴!B11:B30000) -> 45596 | BH2: =LOOKUP(2,1/(改訂履歴!O11:O30000<>""),改訂履歴!O11:O30000) -> 0.15
A4: 機能カテゴリ | H4: 21_ジャーナル検索 | U4: 項目 | Z4: 機能設計書 | AP4: {=RIGHT(CELL("filename",$A$1),LEN(CELL("filename",$A$1))-FIND("]",CELL("filename",$A$1)))} -> 表紙
L16: POSサーバーの基本設計書
L24: =K2&"/"&H4&"/"&Z4 -> POSサーバ/21_ジャーナル検索/機能設計書
Q44: 承認日 | AA44: 承認者 | AQ44: 版数

Sheet 改訂履歴
A1: システム名 | K1: システム種別 | W1: =IF(表紙!W1="","",表紙!W1) -> 詳細設計書 | AP1: 作成者 | AT1: 作成日 | AY1: 更新者 | BC1: 更新日 | BH1: 版数
A2: =IF(表紙!A2="","",表紙!A2) -> POSサーバー | K2: =IF(表紙!K2="","",表紙!K2) -> POSサーバ | AP2: =IF(表紙!AP2="","",表紙!AP2) -> LoiLV | AT2: =IF(表紙!AT2="","",表紙!AT2) -> 45460 | AY2: =IF(表紙!AY2="","",表紙!AY2) -> TuyenNH | BC2: =IF(表紙!BC2="","",表紙!BC2) -> 45596 | BH2: =IF(表紙!BH2="","",表紙!BH2) -> 0.15
A4: 機能カテゴリ | H4: =IF(表紙!H4="","",表紙!H4) -> 21_ジャーナル検索 | U4: 項目 | Z4: =IF(表紙!Z4="","",表紙!Z4) -> 機能設計書 | AP4: {=RIGHT(CELL("filename",$A$1),LEN(CELL("filename",$A$1))-FIND("]",CELL("filename",$A$1)))} -> 改訂履歴
B8: ■改訂履歴
B10: 更新日 | H10: 更新者 | O10: 版数 | S10: 更新内容 | AX10: 承認日 | BD10: 承認者
B11: 45460 | H11: LoiLV | O11: 0.1 | S11: 新規
B13: 45517 | H13: AnhDD | O13: 0.2 | S13: 更新
B15: 45533 | H15: AnhNM | O15: 0.3 | S15: SC2101
S16: MSG_VAL_003をMSG_VAL_016に変更
B17: 45539 | H17: AnhDD | O17: 0.4 | S17: SC2101: limit、pageを削除
B19: 45580 | H19: TuyenNH | O19: 0.5 | S19: ・t_journalテーブルのDB構造を変更する。 ・金額での検索項目を削除する。 ・開始日から終了日までの期間で検索する。
S20: [SC101]シート
B21: 45596 | H21: TuyenNH | O21: 0.15 | S21: 「F1：全解除」、「F2：全選択」のアクションを説明 ・表示項目とCSV・PDF出力項目に、ソート（▲/▼）ロジックを追加
S22: [SC2101]シート

Sheet SC2101
A1: システム名 | K1: システム種別 | W1: =IF(表紙!W1="","",表紙!W1) -> 詳細設計書 | AP1: 作成者 | AT1: 作成日 | AY1: 更新者 | BC1: 更新日 | BH1: 版数
A2: =IF(表紙!A2="","",表紙!A2) -> POSサーバー | K2: =IF(表紙!K2="","",表紙!K2) -> POSサーバ | AP2: =IF(表紙!AP2="","",表紙!AP2) -> LoiLV | AT2: =IF(表紙!AT2="","",表紙!AT2) -> 45460 | AY2: =IF(表紙!AY2="","",表紙!AY2) -> TuyenNH | BC2: =IF(表紙!BC2="","",表紙!BC2) -> 45596 | BH2: =IF(表紙!BH2="","",表紙!BH2) -> 0.15
A4: 機能カテゴリ | H4: =IF(表紙!H4="","",表紙!H4) -> 21_ジャーナル検索 | U4: 項目 | Z4: =IF(表紙!Z4="","",表紙!Z4) -> 機能設計書 | AP4: =MID(CELL("filename",A1),FIND("]",CELL("filename",A1))+1,255) -> SC2101
A7: ■機能説明
A9: 画面ID | E9: SC2101 | O9: 画面名 | U9: ジャーナル検索画面
A11: イベントID | G11: SC2101-01 | M11: 画面初期化
A12: インプット | M12: 処理概要 | AU12: 出力 | BF12: 参照情報
BF14: 20_画面設計_21_ジャーナル検索.xlsx 40_API設計_AP7103_レジ種別一覧.xlsx 40_API設計_AP4001_店舗従業員一覧取得.xlsx
N15: 1. 画面項目の初期化を実行する。
O16: 「20_画面設計_21_ジャーナル検索.xlsx」ファイルをご参照ください。
N17: 2. 以下の機能を同時に実行する。
O18: 2.1 KN2101_レジ種別一覧取得
P19: 2.1.1「AP7103」API呼出処理
P21: APIのパラメータ | W21: パラメータの値
P24: 2.1.2 返却された結果情報
P25: ①．「更新成功」の場合
Q26: 返却された結果
Q27: 1. status_code | AB27: 200 (OK)
Q28: 2. message | AB28: ブランク
Q29: 3. data | AB29: レジ一覧
Q31: 40_API設計_AP7103_レジ種別一覧.xlsxのレスポンスをご参照ください。
Q33: 「20_画面設計_21_ジャーナル検索.xlsx」に従って画面に返されたAPIレスポンスをマッピングする。
P37: ②．エラーの場合、以下のように実行する。
Q38: SC2101_ジャーナル検索画面の[レジ（値）]項目に空のデータを表示する。
O41: 2.2 KN4001_従業員情報一覧取得機能
P42: 2.2.1「AP4001」API呼出処理
P44: APIのパラメータ | W44: パラメータの値
P45: store_code | W45: ユーザーが店舗一覧モーダルで選択した店舗コード
P47: 2.2.2 返却された結果情報
P48: ①．「更新成功」の場合
Q49: 返却された結果
Q50: 1. status_code | AB50: 200 (OK)
Q51: 2. message | AB51: ブランク
Q52: 3. data | AB52: 従業員一覧
Q54: 「40_API設計_AP4001_店舗従業員一覧取得.xlsx」のレスポンスをご参照ください。
Q56: 「20_画面設計_21_ジャーナル検索.xlsx」に従って画面に返されたAPIレスポンスをマッピングする。
P60: ②．エラーの場合、以下のように実行する。
Q61: SC2101_ジャーナル検索画面の[担当者（値）]項目に空のデータを表示する。
A68: イベントID | G68: SC2101-02 | M68: ジャーナル検索
A69: インプット | M69: 処理概要 | AU69: 出力 | BF69: 参照情報
BF71: 20_画面設計_21_ジャーナル検索.xlsx 40_API設計_2102_ジャーナル検索.xlsx
N72: 1. 「検索」ボタンをタッチすると、入力項目ごとのバリデーションチェックを行う。
O73: 1.1バリデーションチェックOKの場合、KN2102_ジャーナル検索機能を実行する。
O74: 1.2 バリデーションチェックNGの場合、以下のように実行する。
O75: 以下のようにバリデーションチェックエラーの表示処理を実行する。（モーダルでは1つのエラーのみが表示される）
P76: +[開始営業日]が入力されていない場合：MSG_VAL_001 ({0}: 開始営業日)
P77: +[開始営業日]が不正に入力されている場合：MSG_VAL_016 ({0}: 開始営業日)
P78: +[終了営業日]が入力されていない場合:MSG_VAL_001 ({0}: 終了営業日)
P79: +[終了営業日]が不正に入力されている場合：MSG_VAL_016 ({0}: 終了営業日)
P80: +[開始時間帯], [終了時間帯]が入力されていない場合：MSG_VAL_001 ({0}: 時間帯)
P81: +[開始時間帯], [終了時間帯]が不正に入力されている場合：MSG_VAL_016 ({0}: 時間帯)
P82: +[開始営業日] > [終了営業日]の場合：MSG_VAL_004 ({0}: 開始営業日、{1}: 終了営業日)
P84: +[開始営業日] = [終了営業日]かつ[開始時間帯] > [終了時間帯]の場合：MSG_VAL_004 ({0}: 開始時間帯、{1}: 終了時間帯)
P85: +[開始レシート番号] > [終了レシート番号]の場合：MSG_VAL_004 ({0} : 開始レシート番号, {1}: 終了レシート番号)
P86: +[表示件数]が入力されていない場合、MSG_VAL_001 ({0}: 表示件数)
N88: 2. KN2102_ジャーナル検索
O90: 1.1 「AP2102」API呼出処理を実行する。
O92: APIのパラメータ | V92: パラメータの値
O93: store_code | V93: 選択された店舗
O94: business_date_from | V94: ユーザーが画面で選択した営業開始日
O95: business_date_to | V95: ユーザーが画面で選択した営業終了日
O96: business_time_from | V96: ユーザーが画面で選択した営業開始時間
O97: business_time_to | V97: ユーザーが画面で選択した営業終了時間
O98: cash_register_code | V98: ユーザーが画面で選択したレジ番号
O99: employee_code | V99: ユーザーが画面で選択した従業員コード
O100: receipt_no_from | V100: ユーザーが画面で入力した開始レシート番号
O101: receipt_no_to | V101: ユーザーが画面で入力した終了レシート番号
O102: amount_money | V102: ユーザーが画面で入力した金額
O103: keyword_1 | V103: 任意文字列1
... O105: condition_type | V105: keyword_1、keyword_2の条件組み合わせタイプ
O107: 1.2 返却された結果情報
O108: ①．成功の場合、
P109: 返却された結果
P110: 1. status_code | AA110: 200 (OK)
P111: 2. message | AA111: ブランク
P112: 3. data | AA112: ジャーナル情報
P114: 「40_API設計_2102_ジャーナル検索.xlsx」のレスポンスをご参照ください。
P116: 「20_画面設計_21_ジャーナル検索.xlsx」に従って画面に返されたAPIレスポンスをマッピングする。
O119: ②．エラーの場合、以下のように実行する。
P120: APIエラーの共通表示処理を実行する。
A129: イベントID | G129: SC2101-03 | M129: レシート印刷
A130: インプット | M130: 処理概要 | AU130: 出力 | BF130: 参照情報
BF132: 20_画面設計_21_ジャーナル検索.xlsx
N133: 1. 画面で選択された全てのレコードを印刷する。
N134: ・印刷対象：SC2101_ジャーナル検索画面で選択されたレシート
N135: ・印刷帳票をPDFプレビュー形式で表示し、ファイル名を「ジャーナル検索.pdf」として保存する。
N136: ・CSSでdisplayがnoneの@media printを使用して、印刷対象以外のエリアを削除する。
A142: イベントID | G142: SC2101-04 | M142: csv出力
A143: インプット | M143: 処理概要 | AU143: 出力 | BF143: 参照情報
BF145: 20_画面設計_21_ジャーナル検索.xlsx 40_API設計_2103_レシート一覧CSV出力.xlsx CSV2101_レシート一覧.xlsx
N146: 1. csv情報を出力する。
N147: 1.1「AP2103」APIを呼び出す。
N149: APIのパラメータ | U149: パラメータの値
N150: record_ids | U150: 選択されたトランザクションの RECORD_IDの一覧
N151: sort_column | U151: ・以下の項目でソートを実行する。 + 店舗：store_codeを値として渡す。 + レジ番号：cash_register_codeを値として渡す。 + 取引日時：transaction_dateを値として渡す。 + レシートNo.：receipt_noを値として渡す。
N152: sort_value | U152: ASC又はDESC
N154: 1.2 返却された結果情報
N155: ①．成功の場合、
O156: 返却された結果
O157: 1. status_code | Z157: 200 (OK)
...

Sheet テンプレート
A1: システム名 | K1: システム種別 | W1: =IF(表紙!W1="","",表紙!W1) -> 詳細設計書 | AP1: 作成者 | AT1: 作成日 | AY1: 更新者 | BC1: 更新日 | BH1: 版数
A2: =IF(表紙!A2="","",表紙!A2) -> POSサーバー | K2: =IF(表紙!K2="","",表紙!K2) -> POSサーバ | AP2: =IF(表紙!AP2="","",表紙!AP2) -> LoiLV | AT2: =IF(表紙!AT2="","",表紙!AT2) -> 45460 | AY2: =IF(表紙!AY2="","",表紙!AY2) -> TuyenNH | BC2: =IF(表紙!BC2="","",表紙!BC2) -> 45596 | BH2: =IF(表紙!BH2="","",表紙!BH2) -> 0.15
A4: 機能カテゴリ | H4: =IF(表紙!H4="","",表紙!H4) -> 21_ジャーナル検索 | U4: 項目 | Z4: =IF(表紙!Z4="","",表紙!Z4) -> 機能設計書 | AP4: =MID(CELL("filename",A1),FIND("]",CELL("filename",A1))+1,255) -> テンプレート
A7: ■機能説明
A9: 画面ID | E9: SCxxxxxx | O9: 画面名
A11: イベントID | G11: KN1010201
A12: インプット | M12: 処理概要 | AU12: 出力 | BF12: 参照情報
N15: 1. ロジック1
N26: 2. ロジック2
