Workbook

Sheet 表紙
A1: システム名 | K1: システム種別 | W1: 基本設計書 | AP1: 作成者 | AT1: 作成日 | AY1: 更新者 | BC1: 更新日 | BH1: 版数
A2: POSシステム | K2: POSサーバー | AP2: =改廃履歴!$H$11 -> Thanh Nguyen | AT2: =改廃履歴!$B$11 -> 45209 | AY2: =LOOKUP(2,1/(改廃履歴!H11:H30000<>""),改廃履歴!H11:H30000) -> DuNT | BC2: =LOOKUP(2,1/(改廃履歴!B11:B30000<>""),改廃履歴!B11:B30000) -> 45390 | BH2: =LOOKUP(2,1/(改廃履歴!O11:O30000<>""),改廃履歴!O11:O30000) -> 0.3
A4: 機能カテゴリ | H4: API | U4: 項目 | Z4: 基本設計書 | AP4: {=RIGHT(CELL("filename",$A$1),LEN(CELL("filename",$A$1))-FIND("]",CELL("filename",$A$1)))} -> 表紙
L16: 現金専用簡易セルフPOS 基本設計書
L24: =K2&"/"&H4&"/"&Z4 -> POSサーバー/API/基本設計書
Q44: 承認日 | AA44: 承認者 | AQ44: 版数

Sheet 改廃履歴
A1: システム名 | K1: システム種別 | W1: =IF(表紙!W1="","",表紙!W1) -> 基本設計書 | AP1: 作成者 | AT1: 作成日 | AY1: 更新者 | BC1: 更新日 | BH1: 版数
A2: =IF(表紙!A2="","",表紙!A2) -> POSシステム | K2: =IF(表紙!K2="","",表紙!K2) -> POSサーバー | AP2: =IF(表紙!AP2="","",表紙!AP2) -> Thanh Nguyen | AT2: =IF(表紙!AT2="","",表紙!AT2) -> 45209 | AY2: =IF(表紙!AY2="","",表紙!AY2) -> DuNT | BC2: =IF(表紙!BC2="","",表紙!BC2) -> 45390 | BH2: =IF(表紙!BH2="","",表紙!BH2) -> 0.3
A4: 機能カテゴリ | H4: =IF(表紙!H4="","",表紙!H4) -> API | U4: 項目 | Z4: =IF(表紙!Z4="","",表紙!Z4) -> 基本設計書 | AP4: {=RIGHT(CELL("filename",$A$1),LEN(CELL("filename",$A$1))-FIND("]",CELL("filename",$A$1)))} -> 改廃履歴
B8: ■改廃履歴
B10: 更新日付 | H10: 更新者 | O10: 版数 | S10: 変更内容 | AX10: 承認日付 | BD10: 承認者
B11: 45209 | H11: Thanh Nguyen | O11: 0.2 | S11: 初版
B13: 45390 | H13: DuNT | O13: 0.3 | S13: APX001の更新

Sheet APX001
A1: システム名 | K1: システム種別 | W1: =IF(表紙!W1="","",表紙!W1) -> 基本設計書 | AP1: 作成者 | AT1: 作成日 | AY1: 更新者 | BC1: 更新日 | BH1: 版数
A2: =IF(表紙!A2="","",表紙!A2) -> POSシステム | K2: =IF(表紙!K2="","",表紙!K2) -> POSサーバー | AP2: =IF(表紙!AP2="","",表紙!AP2) -> Thanh Nguyen | AT2: =IF(表紙!AT2="","",表紙!AT2) -> 45209 | AY2: =IF(表紙!AY2="","",表紙!AY2) -> DuNT | BC2: =IF(表紙!BC2="","",表紙!BC2) -> 45390 | BH2: =IF(表紙!BH2="","",表紙!BH2) -> 0.3
A4: 機能カテゴリ | H4: =IF(表紙!H4="","",表紙!H4) -> API | U4: 項目 | Z4: =IF(表紙!Z4="","",表紙!Z4) -> 基本設計書 | AP4: {=RIGHT(CELL("filename",$A$1),LEN(CELL("filename",$A$1))-FIND("]",CELL("filename",$A$1)))} -> APX001
B7: API | W7: メソッド | AH7: 認証 | AS7: 形式
B8: pos/v1/login | W8: POST | AH8: Bearer | AS8: JSON形式
B10: ▪APIの処理方向・説明
C11: ユーザー名とログインパスワードのベリファイを実行する。
D12: ・employeemasterテーブルとpasswordmasterテーブルに渡されたユーザー名とパスワードの情報でユーザーを検索する。
E13: ‣存在しない場合、 メッセージ コード「MSG_ERR_001」のエラーレスポンスを返す。
E14: ‣成功した認証情報を含む出力を返す。
B16: ▪入力
D18: * パラメータ
E20: 名称 | O20: タイプ | T20: 仕様 | X20: DBの存在チェック | AF20: 説明
D23: * リクエストホディ
E25: 名称 | O25: タイプ | T25: 仕様 | X25: DBの存在チェック | AF25: 説明
E26: username | O26: string | T26: x | X26: x
E27: password | O27: string | T27: x
E28: ipAddress | O28: string | T28: x | X28: x
B30: ▪出力
E32: 名称 | O32: タイプ | T32: データ | AF32: 説明
E33: name | O33: string
E34: language | O34: string | AF34: en：英語, vn：ベトナム語、ja：日本語
E35: subordinateType | O35: int | AF35: 1：エリア、2：店舗
E36: subordinateId | O36: int | AF36: エリア・店舗のid：09999：全て
