Workbook

Sheet 表紙
A1: システム名 | K1: システム種別 | AP1: 作成者 | AT1: 作成日 | AY1: 更新者 | BC1: 更新日 | BH1: 版数
A2: 現金専用簡易セルフPOS | AP2: =改廃履歴!$H$11 -> Thanh Nguyên | AT2: =改廃履歴!$B$11 -> 45153 | AY2: =LOOKUP(2,1/(改廃履歴!H11:H30000<>""),改廃履歴!H11:H30000) -> Thanh Nguyên | BC2: =LOOKUP(2,1/(改廃履歴!B11:B30000<>""),改廃履歴!B11:B30000) -> 45153 | BH2: =LOOKUP(2,1/(改廃履歴!O11:O30000<>""),改廃履歴!O11:O30000) -> 0.5
A4: 機能カテゴリ | U4: 項目 | AP4: {=RIGHT(CELL("filename",$A$1),LEN(CELL("filename",$A$1))-FIND("]",CELL("filename",$A$1)))} -> 表紙
L16: 現金専用簡易セルフPOS 基本設計書
L24: =K2&"/"&H4&"/"&Z4 -> //
Q44: 承認日 | AA44: 承認者 | AQ44: 版数

Sheet 改廃履歴
A1: システム名 | K1: システム種別 | W1: =IF(表紙!W1="","",表紙!W1) | AP1: 作成者 | AT1: 作成日 | AY1: 更新者 | BC1: 更新日 | BH1: 版数
A2: =IF(表紙!A2="","",表紙!A2) -> 現金専用簡易セルフPOS | K2: =IF(表紙!K2="","",表紙!K2) | AP2: =IF(表紙!AP2="","",表紙!AP2) -> Thanh Nguyên | AT2: =IF(表紙!AT2="","",表紙!AT2) -> 45153 | AY2: =IF(表紙!AY2="","",表紙!AY2) -> Thanh Nguyên | BC2: =IF(表紙!BC2="","",表紙!BC2) -> 45153 | BH2: =IF(表紙!BH2="","",表紙!BH2) -> 0.5
A4: 機能カテゴリ | H4: =IF(表紙!H4="","",表紙!H4) | U4: 項目 | Z4: =IF(表紙!Z4="","",表紙!Z4) | AP4: {=RIGHT(CELL("filename",$A$1),LEN(CELL("filename",$A$1))-FIND("]",CELL("filename",$A$1)))} -> 改廃履歴
B8: ■改廃履歴
B10: 更新日付 | H10: 更新者 | O10: 版数 | S10: 変更内容 | AX10: 承認日付 | BD10: 承認者
B11: 45153 | H11: Thanh Nguyên | O11: 0.5 | S11: 初版作成

Sheet 概要
A1: システム名 | K1: システム種別 | W1: =IF(表紙!W1="","",表紙!W1) | AP1: 作成者 | AT1: 作成日 | AY1: 更新者 | BC1: 更新日 | BH1: 版数
A2: =IF(表紙!A2="","",表紙!A2) -> 現金専用簡易セルフPOS | K2: =IF(表紙!K2="","",表紙!K2) | AP2: =IF(表紙!AP2="","",表紙!AP2) -> Thanh Nguyên | AT2: =IF(表紙!AT2="","",表紙!AT2) -> 45153 | AY2: =IF(表紙!AY2="","",表紙!AY2) -> Thanh Nguyên | BC2: =IF(表紙!BC2="","",表紙!BC2) -> 45153 | BH2: =IF(表紙!BH2="","",表紙!BH2) -> 0.5
A4: 機能カテゴリ | H4: =IF(表紙!H4="","",表紙!H4) | U4: 項目 | Z4: =IF(表紙!Z4="","",表紙!Z4) | AP4: {=RIGHT(CELL("filename",$A$1),LEN(CELL("filename",$A$1))-FIND("]",CELL("filename",$A$1)))} -> 概要
B7: ●概要

Sheet DB仕様(charge_info)
A1: システム名 | K1: システム種別 | W1: =IF(表紙!W1="","",表紙!W1) | AP1: 作成者 | AT1: 作成日 | AY1: 更新者 | BC1: 更新日 | BH1: 版数
A2: =IF(表紙!A2="","",表紙!A2) -> 現金専用簡易セルフPOS | K2: =IF(表紙!K2="","",表紙!K2) | AP2: =IF(表紙!AP2="","",表紙!AP2) -> Thanh Nguyên | AT2: =IF(表紙!AT2="","",表紙!AT2) -> 45153 | AY2: =IF(表紙!AY2="","",表紙!AY2) -> Thanh Nguyên | BC2: =IF(表紙!BC2="","",表紙!BC2) -> 45153 | BH2: =IF(表紙!BH2="","",表紙!BH2) -> 0.5
A4: 機能カテゴリ | H4: =IF(表紙!H4="","",表紙!H4) | U4: 項目 | Z4: =IF(表紙!Z4="","",表紙!Z4) | AP4: {=RIGHT(CELL("filename",$A$1),LEN(CELL("filename",$A$1))-FIND("]",CELL("filename",$A$1)))} -> DB仕様(charge_info)
B7: ■テーブル情報
B8: スキーマ名 | G8: POS_Charge | Y8: RDBMS名
B9: 論理名 | G9: チャージ機点検情報 | Y9: バージョン
B10: 物理名 | G10: charge_info
B11: 備考
B12: 各機器から上がってくる、補充、回収、チャージの入出金金額情報を保持
B18: ■カラム情報
B19: No. | D19: 論理名 | R19: 物理名 | AC19: データ型 | AH19: PK | AJ19: Not Null | AM19: デフォルト | AT19: 備考
B20: 1 | D20: 登録日時 | R20: register_datetime | AC20: TIMESTAMP | AJ20: Yes | AM20: CURRENT_DATE | AT20: 登録処理を行った日時
B21: =B20+1 -> 2 | D21: 登録プログラムID | R21: register_pgid | AC21: varchar(20) | AJ21: Yes | AM21: CURRENT_TIME | AT21: 登録処理を行ったプログラムID
B22: =B21+1 -> 3 | D22: 更新日時 | R22: update_datetime | AC22: TIMESTAMP | AJ22: Yes | AM22: CURRENT_DATE | AT22: 更新処理を行った日時
B23: =B22+1 -> 4 | D23: 更新プログラムID | R23: update_pgid | AC23: varchar(20) | AJ23: Yes | AM23: CURRENT_TIME | AT23: 更新処理を行ったプログラムID
B24: =B23+1 -> 5 | D24: 削除フラグ | R24: delete_flag | AC24: decimal(1) | AJ24: Yes | AM24: "" | AT24: 0: 有効フラグ、 1:無効フラグ
B25: =B24+1 -> 6 | D25: 企業コード | R25: CompanyCode | AC25: char(10) | AH25: 1 | AT25: 企業識別コード
B26: =B25+1 -> 7 | D26: 店舗コード | R26: StoreCode | AC26: char(10) | AH26: 2 | AT26: 店舗識別コード
B27: =B26+1 -> 8 | D27: レジ番号 | R27: InstoreCode | AC27: char(10) | AH27: 3 | AT27: 店舗内識別コード
B28: =B27+1 -> 9 | D28: 操作日時 | R28: RecordDatetime | AC28: INTEGER | AH28: 4 | AT28: 操作日時
B29: =B28+1 -> 10 | D29: レシートNO | R29: ReceiptNo | AC29: char(10) | AH29: 5
B30: =B29+1 -> 11 | D30: 区分 | R30: Class | AC30: INTEGER | AH30: 6 | AT30: 1:2_8_4(補充) / 2:2_8_5(回収) / 3:4_0(チャージ)
B31: =B30+1 -> 12 | D31: 入出金金額 | R31: Amount | AC31: INTEGER
B32: =B31+1 -> 13 | D32: 点検日次 | R32: InspectionDatetime | AC32: datetime
B34: ■インデックス情報
B35: No. | D35: Index名 | R35: カラム一覧 | AL35: プライマリキー | AP35: ユニーク | AT35: 備考
B36: 1 | D36: PRIMARY | R36: company_code,store_code,record_datetime,instore_code,receipt_no,class | AL36: Yes | AP36: Yes
B38: ■トリガー情報
B39: CREATE DEFINER = `posuser` @`%` TRIGGER `charge_info_CR_Date_Time` BEFORE INSERT ON `charge_info` FOR EACH ROW SET
B40: NEW.record_create_date = CURRENT_DATE,NEW.record_create_time = CURRENT_TIME,
B41: NEW.record_update_date = CURRENT_DATE,NEW.record_update_time = CURRENT_TIME;
B42: CREATE DEFINER = `posuser` @`%` TRIGGER `charge_info_UP_Date_Time` BEFORE UPDATE ON `charge_info` FOR EACH ROW
B43: SET NEW.record_update_date = CURRENT_DATE,NEW.record_update_time = CURRENT_TIME;
B45: ■パーテーションを切ってください
B46: PARTITION BY RANGE (`record_datetime`)
B47: (PARTITION p2023 VALUES LESS THAN (20240101) ENGINE = InnoDB,
B48: PARTITION p2024 VALUES LESS THAN (20250101) ENGINE = InnoDB,
B49: PARTITION p2025 VALUES LESS THAN (20260101) ENGINE = InnoDB,
B50: PARTITION p2026 VALUES LESS THAN (20270101) ENGINE = InnoDB,
... B54: PARTITION p2030 VALUES LESS THAN (20310101) ENGINE = InnoDB)

Sheet DB仕様(charger_receipt_no)
A1: システム名 | K1: システム種別 | W1: =IF(表紙!W1="","",表紙!W1) | AP1: 作成者 | AT1: 作成日 | AY1: 更新者 | BC1: 更新日 | BH1: 版数
A2: =IF(表紙!A2="","",表紙!A2) -> 現金専用簡易セルフPOS | K2: =IF(表紙!K2="","",表紙!K2) | AP2: =IF(表紙!AP2="","",表紙!AP2) -> Thanh Nguyên | AT2: =IF(表紙!AT2="","",表紙!AT2) -> 45153 | AY2: =IF(表紙!AY2="","",表紙!AY2) -> Thanh Nguyên | BC2: =IF(表紙!BC2="","",表紙!BC2) -> 45153 | BH2: =IF(表紙!BH2="","",表紙!BH2) -> 0.5
A4: 機能カテゴリ | H4: =IF(表紙!H4="","",表紙!H4) | U4: 項目 | Z4: =IF(表紙!Z4="","",表紙!Z4) | AP4: {=RIGHT(CELL("filename",$A$1),LEN(CELL("filename",$A$1))-FIND("]",CELL("filename",$A$1)))} -> DB仕様(charger_receipt_no)
B7: ■テーブル情報
B8: スキーマ名 | G8: POS_Charge | Y8: RDBMS名
B9: 論理名 | G9: チャージ機点検レシート番号 | Y9: バージョン
B10: 物理名 | G10: charger_receipt_no
B11: 備考
B12: レシート番号のシーケンス用
B18: ■カラム情報
B19: No. | D19: 論理名 | R19: 物理名 | AC19: データ型 | AH19: PK | AJ19: Not Null | AM19: デフォルト | AT19: 備考
B20: 1 | D20: 登録日時 | R20: register_datetime | AC20: TIMESTAMP | AJ20: Yes | AM20: CURRENT_DATE | AT20: 登録処理を行った日時
B21: =B20+1 -> 2 | D21: 登録プログラムID | R21: register_pgid | AC21: varchar(20) | AJ21: Yes | AM21: CURRENT_TIME | AT21: 登録処理を行ったプログラムID
B22: =B21+1 -> 3 | D22: 更新日時 | R22: update_datetime | AC22: TIMESTAMP | AJ22: Yes | AM22: CURRENT_DATE | AT22: 更新処理を行った日時
B23: =B22+1 -> 4 | D23: 更新プログラムID | R23: update_pgid | AC23: varchar(20) | AJ23: Yes | AM23: CURRENT_TIME | AT23: 更新処理を行ったプログラムID
B24: =B23+1 -> 5 | D24: 削除フラグ | R24: delete_flag | AC24: decimal(1) | AJ24: Yes | AM24: "0" | AT24: 0: 有効フラグ、 1:無効フラグ
B25: =B24+1 -> 6 | D25: 企業コード | R25: CompanyCode | AC25: char(10) | AH25: 1 | AT25: 企業識別コード
B26: =B25+1 -> 7 | D26: 店舗コード | R26: StoreCode | AC26: char(10) | AH26: 2 | AT26: 店舗識別コード
B27: =B26+1 -> 8 | D27: レジ番号 | R27: instore_code | AC27: char(10) | AH27: 3 | AT27: 店舗内識別コード
B28: =B27+1 -> 9 | D28: レシートNO | R28: receipt_no | AC28: char(10)
B30: ■インデックス情報
B31: No. | D31: Index名 | R31: カラム一覧 | AL31: プライマリキー | AP31: ユニーク | AT31: 備考
B32: 1 | D32: PRIMARY | R32: company_code,store_code,record_datetime,instore_code | AL32: Yes | AP32: Yes
B34: ■トリガー情報
B35: CREATE ` TRIGGER `charger_receipt_no_CR_Date_Time` BEFORE INSERT ON `charger_receipt_no` FOR EACH ROW SET
B36: NEW.record_create_date = CURRENT_DATE,NEW.record_create_time = CURRENT_TIME,
B37: NEW.record_update_date = CURRENT_DATE,NEW.record_update_time = CURRENT_TIME;
B38: CREATE TRIGGER `charger_receipt_no_UP_Date_Time` BEFORE UPDATE ON `charger_receipt_no` FOR EACH ROW
B39: SET NEW.record_update_date = CURRENT_DATE,NEW.record_update_time = CURRENT_TIME;

Sheet API仕様(Charge_Log)
A1: システム名 | K1: システム種別 | W1: =IF(表紙!W1="","",表紙!W1) | AP1: 作成者 | AT1: 作成日 | AY1: 更新者 | BC1: 更新日 | BH1: 版数
A2: =IF(表紙!A2="","",表紙!A2) -> 現金専用簡易セルフPOS | K2: =IF(表紙!K2="","",表紙!K2) | AP2: =IF(表紙!AP2="","",表紙!AP2) -> Thanh Nguyên | AT2: =IF(表紙!AT2="","",表紙!AT2) -> 45153 | AY2: =IF(表紙!AY2="","",表紙!AY2) -> Thanh Nguyên | BC2: =IF(表紙!BC2="","",表紙!BC2) -> 45153 | BH2: =IF(表紙!BH2="","",表紙!BH2) -> 0.5
A4: 機能カテゴリ | H4: =IF(表紙!H4="","",表紙!H4) | U4: 項目 | Z4: =IF(表紙!Z4="","",表紙!Z4) | AP4: {=RIGHT(CELL("filename",$A$1),LEN(CELL("filename",$A$1))-FIND("]",CELL("filename",$A$1)))} -> API仕様(Charge_Log)
B7: ※POS側 API
B8: No. | F8: API | AA8: METHOD | AF8: 認証
B9: A001 | F9: pos/v1/〇〇〇/charge_info | AA9: POST | AF9: -
B11: リクエスト:追加（Insert） | AN11: レスポンス<200：OK>
B12: プロパティ | I12: 型 | L12: 文字数 | O12: 必須 | R12: 説明 | AB12: 例
AB13: { | AN13: なし
B14: company_code | I14: string | L14: 10 | O14: 〇 | R14: 企業コード | AB14: =" """&B14&": ""200"",""" -> "company_code: "200","
B15: store_code | I15: string | L15: 10 | O15: 〇 | R15: 店舗コード | AB15: =" """&B15&": ""02701"",""" -> "store_code: "02701","
B16: instore_code | I16: string | L16: 10 | O16: 〇 | R16: レジ番号 | AB16: =" """&B16&": ""6201"",""" -> "instore_code: "6201"," | AN16: エラーメッセージ<200：OK>
B17: record_datetime | I17: string | L17: 5 | O17: 〇 | R17: 日時 | AB17: =" """&B17&": 20230816,""" -> "record_datetime: 20230816,"
B18: receipt_no | I18: int | O18: 〇 | R18: レシートNO | AB18: =" """&B18&": 1234,""" -> "receipt_no: 1234," | AN18: HTTPステータス | AT18: メッセージ
B19: class | I19: int | O19: 〇 | R19: 区分 | AB19: =" """&B19&": 1,""" -> "class: 1," | AN19: 400 | AT19: { message:"company_code に誤りがあります。（必須または10文字以内）"}
B20: amount | I20: int | O20: 〇 | R20: 入出金金額 | AB20: =" """&B20&": 5000,""" -> "amount: 5000," | AN20: 400 | AT20: { message:"store_code に誤りがあります。（必須または10文字以内）"}
R21: ※回収の場合(マイナス値) | AB21: } | AN21: 400 | AT21: { message:"instore_code に誤りがあります。（必須または10文字以内）"}
AN22: 400 | AT22: { message:"プロパティ に誤りがあります。"}
B25: ※Luvinaコントローラー側 API
B26: INSERT INTO `pos_charge`.`charge_info`
B27: フィールド名 | I27: 値
B29: company_code | I29: ’200'
B30: store_code | I30: '02701'
B31: instore_code | I31: '6201'
B32: record_datetime | I32: 20230815
B33: receipt_no | I33: '1234'
B34: class | I34: 1
B35: amount | I35: 5000
B43: ※補充
B75: ※回収
B107: ※チャージ

Sheet API仕様(Charge_CHK) 
A1: システム名 | K1: システム種別 | W1: =IF(表紙!W1="","",表紙!W1) | AP1: 作成者 | AT1: 作成日 | AY1: 更新者 | BC1: 更新日 | BH1: 版数
A2: =IF(表紙!A2="","",表紙!A2) -> 現金専用簡易セルフPOS | K2: =IF(表紙!K2="","",表紙!K2) | AP2: =IF(表紙!AP2="","",表紙!AP2) -> Thanh Nguyên | AT2: =IF(表紙!AT2="","",表紙!AT2) -> 45153 | AY2: =IF(表紙!AY2="","",表紙!AY2) -> Thanh Nguyên | BC2: =IF(表紙!BC2="","",表紙!BC2) -> 45153 | BH2: =IF(表紙!BH2="","",表紙!BH2) -> 0.5
A4: 機能カテゴリ | H4: =IF(表紙!H4="","",表紙!H4) | U4: 項目 | Z4: =IF(表紙!Z4="","",表紙!Z4) | AP4: {=RIGHT(CELL("filename",$A$1),LEN(CELL("filename",$A$1))-FIND("]",CELL("filename",$A$1)))} -> API仕様(Charge_CHK)
B7: ※POS側 API
B8: No. | F8: API | AA8: METHOD | AF8: 認証
B9: A001 | F9: pos/v1/〇〇〇/Charge_CHK | AA9: POST | AF9: -
B11: リクエスト:追加（Insert） | AN11: レスポンス<200：OK>
B12: プロパティ | I12: 型 | L12: 文字数 | O12: 必須 | R12: 説明 | AB12: 例
AB13: { | AN13: プロパティ
B14: company_code | I14: string | L14: 10 | O14: 〇 | R14: 企業コード | AB14: =" """&B14&": ""200"",""" -> "company_code: "200"," | AN14: company_code | AU14: "200"
B15: store_code | I15: string | L15: 10 | O15: 〇 | R15: 店舗コード | AB15: =" """&B15&": ""02701"",""" -> "store_code: "02701"," | AN15: store_code | AU15: "02701"
B16: instore_code | I16: string | L16: 10 | O16: 〇 | R16: レジ番号 | AB16: =" """&B16&": ""6201"",""" -> "instore_code: "6201"," | AN16: instore_code | AU16: "6205"
AB17: } | AN17: cashchanger_register | AU17: 3000 | AZ17: 釣銭準備金
AN18: sales_cash | AU18: 5000 | AZ18: 現金売上
AN24: エラーメッセージ<200：OK>
AN26: HTTPステータス | AT26: メッセージ
AN27: 400 | AT27: { message:"company_code に誤りがあります。（必須または10文字以内）"}
AN28: 400 | AT28: { message:"store_code に誤りがあります。（必須または10文字以内）"}
AN29: 400 | AT29: { message:"instore_code に誤りがあります。（必須または10文字以内）"}
AN30: 400 | AT30: { message:"プロパティ に誤りがあります。"}
B33: ※Luvinaコントローラー側 API

Sheet API仕様(Charge_journal)
A1: システム名 | K1: システム種別 | W1: =IF(表紙!W1="","",表紙!W1) | AP1: 作成者 | AT1: 作成日 | AY1: 更新者 | BC1: 更新日 | BH1: 版数
A2: =IF(表紙!A2="","",表紙!A2) -> 現金専用簡易セルフPOS | K2: =IF(表紙!K2="","",表紙!K2) | AP2: =IF(表紙!AP2="","",表紙!AP2) -> Thanh Nguyên | AT2: =IF(表紙!AT2="","",表紙!AT2) -> 45153 | AY2: =IF(表紙!AY2="","",表紙!AY2) -> Thanh Nguyên | BC2: =IF(表紙!BC2="","",表紙!BC2) -> 45153 | BH2: =IF(表紙!BH2="","",表紙!BH2) -> 0.5
A4: 機能カテゴリ | H4: =IF(表紙!H4="","",表紙!H4) | U4: 項目 | Z4: =IF(表紙!Z4="","",表紙!Z4) | AP4: {=RIGHT(CELL("filename",$A$1),LEN(CELL("filename",$A$1))-FIND("]",CELL("filename",$A$1)))} -> API仕様(Charge_journal)
B7: ※POS側 API
B8: No. | F8: API | AA8: METHOD | AF8: 認証
B9: A001 | F9: pos/v1/〇〇〇/Charge_journal | AA9: POST | AF9: -
B11: リクエスト:追加（Insert） | AN11: レスポンス<200：OK>
B12: プロパティ | I12: 型 | L12: 文字数 | O12: 必須 | R12: 説明 | AB12: 例
AB13: { | AN13: プロパティ
B14: company_code | I14: string | L14: 10 | O14: 〇 | R14: 企業コード | AB14: =" """&B14&": ""200""," -> "company_code: "200",
B15: store_code | I15: string | L15: 10 | O15: 〇 | R15: 店舗コード | AB15: =" """&B15&": ""02701""," -> "store_code: "02701",
B16: instore_code | I16: string | L16: 10 | O16: 〇 | R16: レジ番号 | AB16: =" """&B16&": ""6205""," -> "instore_code: "6205",
B17: amount | I17: int | O17: 〇 | R17: 現在在高 | AB17: =" """&B17&": 8000," -> "amount: 8000,
B18: other_cash | I18: int | O18: 〇 | R18: その他金額 | AB18: =" """&B18&": 0," -> "other_cash: 0,
B19: init_amount | I19: int | O19: 〇 | R19: 釣銭機残置金額計 | AB19: =" """&B19&": 0," -> "init_amount: 0,
AB20: }
AN24: エラーメッセージ<200：OK>
AN26: HTTPステータス | AT26: メッセージ
AN27: 400 | AT27: { message:"company_code に誤りがあります。（必須または10文字以内）"}
AN28: 400 | AT28: { message:"store_code に誤りがあります。（必須または10文字以内）"}
AN29: 400 | AT29: { message:"instore_code に誤りがあります。（必須または10文字以内）"}
AN30: 400 | AT30: { message:"プロパティ に誤りがあります。"}
B33: ※Luvinaコントローラー側 API

Sheet API仕様(Charge_CHK_finish)
A1: システム名 | K1: システム種別 | W1: =IF(表紙!W1="","",表紙!W1) | AP1: 作成者 | AT1: 作成日 | AY1: 更新者 | BC1: 更新日 | BH1: 版数
A2: =IF(表紙!A2="","",表紙!A2) -> 現金専用簡易セルフPOS | K2: =IF(表紙!K2="","",表紙!K2) | AP2: =IF(表紙!AP2="","",表紙!AP2) -> Thanh Nguyên | AT2: =IF(表紙!AT2="","",表紙!AT2) -> 45153 | AY2: =IF(表紙!AY2="","",表紙!AY2) -> Thanh Nguyên | BC2: =IF(表紙!BC2="","",表紙!BC2) -> 45153 | BH2: =IF(表紙!BH2="","",表紙!BH2) -> 0.5
A4: 機能カテゴリ | H4: =IF(表紙!H4="","",表紙!H4) | U4: 項目 | Z4: =IF(表紙!Z4="","",表紙!Z4) | AP4: {=RIGHT(CELL("filename",$A$1),LEN(CELL("filename",$A$1))-FIND("]",CELL("filename",$A$1)))} -> API仕様(Charge_CHK_finish)
B7: ※POS側 API
B8: No. | F8: API | AA8: METHOD | AF8: 認証
B9: A001 | F9: pos/v1/〇〇〇/Charge_CHK_finish | AA9: POST | AF9: -
B11: リクエスト:追加（Insert） | AN11: レスポンス<200：OK>
B12: プロパティ | I12: 型 | L12: 文字数 | O12: 必須 | R12: 説明 | AB12: 例
AB13: { | AN13: プロパティ
B14: company_code | I14: string | L14: 10 | O14: 〇 | R14: 企業コード | AB14: =" """&B14&": ""200""," -> "company_code: "200",
B15: store_code | I15: string | L15: 10 | O15: 〇 | R15: 店舗コード | AB15: =" """&B15&": ""02701""," -> "store_code: "02701",
B16: instore_code | I16: string | L16: 10 | O16: 〇 | R16: レジ番号 | AB16: =" """&B16&": ""6205""," -> "instore_code: "6205",
AB17: }
AN24: エラーメッセージ<200：OK>
AN26: HTTPステータス | AT26: メッセージ
AN27: 400 | AT27: { message:"company_code に誤りがあります。（必須または10文字以内）"}
AN28: 400 | AT28: { message:"store_code に誤りがあります。（必須または10文字以内）"}
AN29: 400 | AT29: { message:"instore_code に誤りがあります。（必須または10文字以内）"}
AN30: 400 | AT30: { message:"プロパティ に誤りがあります。"}
B33: ※Luvinaコントローラー側 API

Sheet テストデータ
A1: システム名 | K1: システム種別 | W1: =IF(表紙!W1="","",表紙!W1) | AP1: 作成者 | AT1: 作成日 | AY1: 更新者 | BC1: 更新日 | BH1: 版数
A2: =IF(表紙!A2="","",表紙!A2) -> 現金専用簡易セルフPOS | K2: =IF(表紙!K2="","",表紙!K2) | AP2: =IF(表紙!AP2="","",表紙!AP2) -> Thanh Nguyên | AT2: =IF(表紙!AT2="","",表紙!AT2) -> 45153 | AY2: =IF(表紙!AY2="","",表紙!AY2) -> Thanh Nguyên | BC2: =IF(表紙!BC2="","",表紙!BC2) -> 45153 | BH2: =IF(表紙!BH2="","",表紙!BH2) -> 0.5
A4: 機能カテゴリ | H4: =IF(表紙!H4="","",表紙!H4) | U4: 項目 | Z4: =IF(表紙!Z4="","",表紙!Z4) | AP4: {=RIGHT(CELL("filename",$A$1),LEN(CELL("filename",$A$1))-FIND("]",CELL("filename",$A$1)))} -> テストデータ
B7: INSERT INTO `pos_charge`.`charge_info`
B8: (`RecordDatetime`,`CompanyCode`,`StoreCode`,`InstoreCode`,`ReceiptNo`,`Class`,`Amount` )
B9: VALUES (20230815,'200','02701','6201','1230',1,2000);
B11: INSERT INTO `pos_charge`.`charge_info`
B12: (`RecordDatetime`,`CompanyCode`,`StoreCode`,`InstoreCode`,`ReceiptNo`,`Class`,`Amount` )
B13: VALUES (20230815,'200','02701','6201','1231',1,3000);
B15: INSERT INTO `pos_charge`.`charge_info`
B16: (`RecordDatetime`,`CompanyCode`,`StoreCode`,`InstoreCode`,`ReceiptNo`,`Class`,`Amount` )
B17: VALUES (20230815,'200','02701','6201','1232',1,1000);
B19: INSERT INTO `pos_charge`.`charge_info`
B20: (`RecordDatetime`,`CompanyCode`,`StoreCode`,`InstoreCode`,`ReceiptNo`,`Class`,`Amount` )
B21: VALUES (20230815,'200','02701','6201','1233',2,-2000);
... B33: VALUES ('200','02701','6201',20230815,'1236',3,2000,'2023-08-15 22:16:22');

Sheet SQLサンプル
A1: システム名 | K1: システム種別 | W1: =IF(表紙!W1="","",表紙!W1) | AP1: 作成者 | AT1: 作成日 | AY1: 更新者 | BC1: 更新日 | BH1: 版数
A2: =IF(表紙!A2="","",表紙!A2) -> 現金専用簡易セルフPOS | K2: =IF(表紙!K2="","",表紙!K2) | AP2: =IF(表紙!AP2="","",表紙!AP2) -> Thanh Nguyên | AT2: =IF(表紙!AT2="","",表紙!AT2) -> 45153 | AY2: =IF(表紙!AY2="","",表紙!AY2) -> Thanh Nguyên | BC2: =IF(表紙!BC2="","",表紙!BC2) -> 45153 | BH2: =IF(表紙!BH2="","",表紙!BH2) -> 0.5
A4: 機能カテゴリ | H4: =IF(表紙!H4="","",表紙!H4) | U4: 項目 | Z4: =IF(表紙!Z4="","",表紙!Z4) | AP4: {=RIGHT(CELL("filename",$A$1),LEN(CELL("filename",$A$1))-FIND("]",CELL("filename",$A$1)))} -> SQLサンプル
B7: -- 点検画面 つり銭準備金
B8: SELECT
B9: SUM( amount )
B10: FROM `pos_charge`.`charge_info`
B11: WHERE
B12: CompanyCode = '200'
B13: AND StoreCode = '02701'
B14: AND InstoreCode = '6201'
B15: AND ( Class = '1' OR Class = '2' )
B16: AND InspectionDatetime IS NULL;
B18: -- 点検画面 現金売上
B19: SELECT
... B84: AND InstoreCode = '6201';

Sheet テンプレート
A1: システム名 | K1: システム種別 | W1: =IF(表紙!W1="","",表紙!W1) | AP1: 作成者 | AT1: 作成日 | AY1: 更新者 | BC1: 更新日 | BH1: 版数
A2: =IF(表紙!A2="","",表紙!A2) -> 現金専用簡易セルフPOS | K2: =IF(表紙!K2="","",表紙!K2) | AP2: =IF(表紙!AP2="","",表紙!AP2) -> Thanh Nguyên | AT2: =IF(表紙!AT2="","",表紙!AT2) -> 45153 | AY2: =IF(表紙!AY2="","",表紙!AY2) -> Thanh Nguyên | BC2: =IF(表紙!BC2="","",表紙!BC2) -> 45153 | BH2: =IF(表紙!BH2="","",表紙!BH2) -> 0.5
A4: 機能カテゴリ | H4: =IF(表紙!H4="","",表紙!H4) | U4: 項目 | Z4: =IF(表紙!Z4="","",表紙!Z4) | AP4: {=RIGHT(CELL("filename",$A$1),LEN(CELL("filename",$A$1))-FIND("]",CELL("filename",$A$1)))} -> テンプレート
